method,size_class,action,uses,improvements,success_rate
Fixed-small,XL,random-small,47131,1456,0.030892618446457746
Fixed-small,XL,related-small,46599,1352,0.02901349814373699
Fixed-small,XL,worst-small,46973,2,4.257765099099483e-05
Marginal-9,S,random-small,77281,124,0.0016045341028195804
Marginal-9,S,random-medium,56475,129,0.0022841965471447545
Marginal-9,S,random-large,94056,159,0.0016904822658841542
Marginal-9,S,related-small,103526,125,0.0012074261538164326
Marginal-9,S,related-medium,84344,148,0.001754718770748364
Marginal-9,S,related-large,85570,201,0.0023489540726890266
Marginal-9,S,worst-small,55522,0,0.0
Marginal-9,S,worst-medium,71310,14,0.00019632590099565278
Marginal-9,S,worst-large,76344,7,9.169024415802158e-05
VNS-9,S,random-small,79567,219,0.0027523973506604496
VNS-9,S,random-medium,79160,140,0.0017685699848408287
VNS-9,S,random-large,78853,108,0.0013696371729674205
VNS-9,S,related-small,79338,154,0.0019410622904535027
VNS-9,S,related-medium,79013,120,0.001518737422955716
VNS-9,S,related-large,78726,143,0.0018164265935015115
VNS-9,S,worst-small,79176,3,3.7890269778720825e-05
VNS-9,S,worst-medium,78877,10,0.00012677966961218098
VNS-9,S,worst-large,78571,4,5.0909368596555984e-05
Random-9,XL,random-small,10162,676,0.06652233812241684
Random-9,XL,random-medium,10455,24,0.0022955523672883787
Random-9,XL,random-large,10351,0,0.0
Random-9,XL,related-small,10376,681,0.06563222821896685
Random-9,XL,related-medium,10372,122,0.011762437331276514
Random-9,XL,related-large,10334,33,0.003193342365008709
Random-9,XL,worst-small,10417,3,0.0002879907842949026
Random-9,XL,worst-medium,10344,0,0.0
Random-9,XL,worst-large,10485,0,0.0
Fixed-small,L,random-small,60949,2051,0.0336510853336396
Fixed-small,L,related-small,60907,1811,0.029733856535373603
Fixed-small,L,worst-small,61022,3,4.916259709612926e-05
DRL-VNS,L,random-small,13668,1076,0.07872402692420252
DRL-VNS,L,random-medium,8606,105,0.012200790146409481
DRL-VNS,L,random-large,12706,1,7.870297497245396e-05
DRL-VNS,L,related-small,17783,1189,0.06686160940223809
DRL-VNS,L,related-medium,13616,409,0.03003819036427732
DRL-VNS,L,related-large,13552,192,0.014167650531286895
DRL-VNS,L,worst-small,7891,0,0.0
DRL-VNS,L,worst-medium,9821,0,0.0
DRL-VNS,L,worst-large,9796,0,0.0
Random-9,M,random-small,36214,498,0.013751587783730049
Random-9,M,random-medium,35819,347,0.009687595968620006
Random-9,M,random-large,35986,126,0.003501361640638026
Random-9,M,related-small,36042,316,0.008767548970645358
Random-9,M,related-medium,36124,406,0.011239065441257889
Random-9,M,related-large,36475,286,0.007840986977381769
Random-9,M,worst-small,36258,7,0.00019306084174527
Random-9,M,worst-medium,35510,1,2.8161081385525205e-05
Random-9,M,worst-large,36167,0,0.0
DRL-VNS,M,random-small,32746,504,0.015391192817443352
DRL-VNS,M,random-medium,24389,208,0.00852843495018246
DRL-VNS,M,random-large,35245,82,0.00232657114484324
DRL-VNS,M,related-small,40367,407,0.01008249312557287
DRL-VNS,M,related-medium,33978,479,0.014097357113426334
DRL-VNS,M,related-large,33140,313,0.009444779722389862
DRL-VNS,M,worst-small,22490,0,0.0
DRL-VNS,M,worst-medium,26960,1,3.70919881305638e-05
DRL-VNS,M,worst-large,28656,0,0.0
Random-9,S,random-small,80630,117,0.001451072801686717
Random-9,S,random-medium,80040,151,0.0018865567216391804
Random-9,S,random-large,79745,133,0.0016678161640228228
Random-9,S,related-small,80475,109,0.0013544579061820442
Random-9,S,related-medium,80166,140,0.0017463762692413243
Random-9,S,related-large,80395,194,0.0024130853908825175
Random-9,S,worst-small,80426,4,4.9735160271553974e-05
Random-9,S,worst-medium,80270,18,0.00022424317926996386
Random-9,S,worst-large,80266,12,0.0001495029028480303
VNS-9,M,random-small,37129,644,0.01734493253252175
VNS-9,M,random-medium,36055,418,0.011593398973790043
VNS-9,M,random-large,35216,96,0.0027260336210813267
VNS-9,M,related-small,36476,399,0.010938699418795921
VNS-9,M,related-medium,35619,379,0.010640388556669194
VNS-9,M,related-large,35107,212,0.0060386817443814625
VNS-9,M,worst-small,36072,3,8.316699933466401e-05
VNS-9,M,worst-medium,35228,0,0.0
VNS-9,M,worst-large,34883,0,0.0
Roulette-9,S,random-small,79065,149,0.0018845253905014861
Roulette-9,S,random-medium,78883,136,0.0017240723603311233
Roulette-9,S,random-large,84829,169,0.0019922432187105825
Roulette-9,S,related-small,76108,100,0.0013139223209123877
Roulette-9,S,related-medium,80626,168,0.0020836950859524223
Roulette-9,S,related-large,82872,200,0.0024133603629693987
Roulette-9,S,worst-small,72424,2,2.7615155197172207e-05
Roulette-9,S,worst-medium,72523,18,0.00024819712367111124
Roulette-9,S,worst-large,72240,7,9.689922480620155e-05
Random-9,L,random-small,11912,1002,0.0841168569509738
Random-9,L,random-medium,11795,196,0.01661721068249258
Random-9,L,random-large,11717,9,0.0007681147051292993
Random-9,L,related-small,11792,909,0.07708616010854817
Random-9,L,related-medium,11909,361,0.03031320849777479
Random-9,L,related-large,11795,140,0.011869436201780416
Random-9,L,worst-small,11689,1,8.555051758063137e-05
Random-9,L,worst-medium,11856,0,0.0
Random-9,L,worst-large,11817,0,0.0
Roulette-9,L,random-small,19787,1269,0.06413301662707839
Roulette-9,L,random-medium,12280,179,0.014576547231270357
Roulette-9,L,random-large,10172,8,0.0007864726700747149
Roulette-9,L,related-small,18930,1090,0.05758055995773904
Roulette-9,L,related-medium,13633,382,0.02802024499376513
Roulette-9,L,related-large,11758,146,0.012417077734308555
Roulette-9,L,worst-small,10147,0,0.0
Roulette-9,L,worst-medium,10180,0,0.0
Roulette-9,L,worst-large,10072,0,0.0
Marginal-9,L,random-small,11344,998,0.08797602256699577
Marginal-9,L,random-medium,8224,124,0.015077821011673152
Marginal-9,L,random-large,13974,11,0.0007871761843423501
Marginal-9,L,related-small,15011,1091,0.07268003464126307
Marginal-9,L,related-medium,12514,378,0.030206169090618507
Marginal-9,L,related-large,12965,150,0.011569610489780177
Marginal-9,L,worst-small,8233,1,0.00012146240738491437
Marginal-9,L,worst-medium,10716,0,0.0
Marginal-9,L,worst-large,11568,0,0.0
Roulette-9,XL,random-small,20285,910,0.04486073453290609
Roulette-9,XL,random-medium,8326,15,0.00180158539514773
Roulette-9,XL,random-large,8044,0,0.0
Roulette-9,XL,related-small,20748,962,0.046365914786967416
Roulette-9,XL,related-medium,10290,111,0.010787172011661808
Roulette-9,XL,related-large,8626,39,0.004521214931602133
Roulette-9,XL,worst-small,8052,2,0.00024838549428713363
Roulette-9,XL,worst-medium,7786,0,0.0
Roulette-9,XL,worst-large,7946,0,0.0
Marginal-9,XL,random-small,9458,592,0.06259251427363079
Marginal-9,XL,random-medium,7087,16,0.0022576548610131228
Marginal-9,XL,random-large,11983,0,0.0
Marginal-9,XL,related-small,12862,758,0.05893329186751672
Marginal-9,XL,related-medium,10433,97,0.00929742164286399
Marginal-9,XL,related-large,10812,49,0.004532001479837218
Marginal-9,XL,worst-small,6833,1,0.00014634860237084735
Marginal-9,XL,worst-medium,8763,0,0.0
Marginal-9,XL,worst-large,9806,0,0.0
Fixed-small,M,random-small,153435,1048,0.0068302538534232736
Fixed-small,M,related-small,154753,717,0.004633189663528332
Fixed-small,M,worst-small,153769,13,8.454239801260332e-05
VNS-9,L,random-small,14206,1267,0.08918766718288047
VNS-9,L,random-medium,11900,171,0.014369747899159664
VNS-9,L,random-large,11359,6,0.000528215511928867
VNS-9,L,related-small,12939,1017,0.07859958265708324
VNS-9,L,related-medium,11717,329,0.028078859776393274
VNS-9,L,related-large,11336,90,0.007939308398023995
VNS-9,L,worst-small,11911,0,0.0
VNS-9,L,worst-medium,11376,0,0.0
VNS-9,L,worst-large,11225,0,0.0
VNS-9,XL,random-small,11354,755,0.06649638893781927
VNS-9,XL,random-medium,9908,13,0.0013120710536939847
VNS-9,XL,random-large,9784,0,0.0
VNS-9,XL,related-small,10597,680,0.06416910446352742
VNS-9,XL,related-medium,9889,92,0.009303266255435332
VNS-9,XL,related-large,9775,31,0.0031713554987212278
VNS-9,XL,worst-small,9912,1,0.00010088781275221953
VNS-9,XL,worst-medium,9790,0,0.0
VNS-9,XL,worst-large,9729,0,0.0
Marginal-9,M,random-small,34331,471,0.013719378986921441
Marginal-9,M,random-medium,25392,293,0.011539067422810334
Marginal-9,M,random-large,41528,128,0.003082257753804662
Marginal-9,M,related-small,46581,377,0.008093428651166785
Marginal-9,M,related-medium,37109,438,0.011803066641515536
Marginal-9,M,related-large,38005,285,0.007499013287725299
Marginal-9,M,worst-small,24633,3,0.00012178784557301182
Marginal-9,M,worst-medium,31967,0,0.0
Marginal-9,M,worst-large,33810,0,0.0
DRL-VNS,XL,random-small,11297,671,0.05939629990262902
DRL-VNS,XL,random-medium,6926,10,0.0014438348252959862
DRL-VNS,XL,random-large,9990,1,0.0001001001001001001
DRL-VNS,XL,related-small,15247,797,0.0522725782121073
DRL-VNS,XL,related-medium,11907,128,0.010749979003947257
DRL-VNS,XL,related-large,10246,59,0.005758344719890689
DRL-VNS,XL,worst-small,6112,0,0.0
DRL-VNS,XL,worst-medium,8291,0,0.0
DRL-VNS,XL,worst-large,7402,0,0.0
Fixed-small,S,random-small,291337,368,0.0012631419970686867
Fixed-small,S,related-small,292197,291,0.0009959034487007053
Fixed-small,S,worst-small,290056,7,2.4133270816669885e-05
Roulette-9,M,random-small,44870,500,0.011143302874972142
Roulette-9,M,random-medium,44869,429,0.009561166952684481
Roulette-9,M,random-large,35166,119,0.00338395040664278
Roulette-9,M,related-small,38129,311,0.008156521283012929
Roulette-9,M,related-medium,42786,443,0.010353854064413593
Roulette-9,M,related-large,38175,271,0.007098886705959397
Roulette-9,M,worst-small,29184,4,0.00013706140350877192
Roulette-9,M,worst-medium,29145,0,0.0
Roulette-9,M,worst-large,29256,0,0.0
DRL-VNS,S,random-small,54209,124,0.002287443044512904
DRL-VNS,S,random-medium,42407,65,0.0015327658169641805
DRL-VNS,S,random-large,61702,106,0.0017179345888301838
DRL-VNS,S,related-small,64572,160,0.002477854178281608
DRL-VNS,S,related-medium,57010,184,0.003227503946676022
DRL-VNS,S,related-large,54920,219,0.00398761835396941
DRL-VNS,S,worst-small,39555,1,2.528125395019593e-05
DRL-VNS,S,worst-medium,47539,8,0.00016828288352720925
DRL-VNS,S,worst-large,51073,3,5.873945137352417e-05
