method,size_class,phase,stagnation,action,share
Fixed-small,XL,early,0-4,random-small,0.019466535894757043
Fixed-small,XL,early,0-4,related-small,0.01832938885453757
Fixed-small,XL,early,0-4,worst-small,0.01882689068463359
Fixed-small,XL,early,5-19,random-small,0.034420019473643065
Fixed-small,XL,early,5-19,related-small,0.033823017277527845
Fixed-small,XL,early,5-19,worst-small,0.03407887536157722
Fixed-small,XL,early,20+,random-small,0.053289553172284884
Fixed-small,XL,early,20+,related-small,0.0529839449052259
Fixed-small,XL,early,20+,worst-small,0.05274940832818063
Fixed-small,XL,middle,0-4,random-small,0.00827274471759664
Fixed-small,XL,middle,0-4,related-small,0.007967136450537657
Fixed-small,XL,middle,0-4,worst-small,0.008073743985558232
Fixed-small,XL,middle,5-19,random-small,0.020632111610982
Fixed-small,XL,middle,5-19,related-small,0.020397575033936733
Fixed-small,XL,middle,5-19,worst-small,0.020397575033936733
Fixed-small,XL,middle,20+,random-small,0.08521495632644649
Fixed-small,XL,middle,20+,related-small,0.08378641535717078
Fixed-small,XL,middle,20+,worst-small,0.08500174125640533
Fixed-small,XL,late,0-4,random-small,0.0042287655558161516
Fixed-small,XL,late,0-4,related-small,0.004527266653873763
Fixed-small,XL,late,0-4,worst-small,0.004164801034803807
Fixed-small,XL,late,5-19,random-small,0.011506506613220755
Fixed-small,XL,late,5-19,related-small,0.011833436387283854
Fixed-small,XL,late,5-19,worst-small,0.011335934557187835
Fixed-small,XL,late,20+,random-small,0.0979367888389018
Fixed-small,XL,late,20+,related-small,0.09753878737482499
Fixed-small,XL,late,20+,worst-small,0.0992160792591487
Marginal-9,S,early,0-4,random-small,0.0007012782001851147
Marginal-9,S,early,0-4,random-medium,0.0004883394754325495
Marginal-9,S,early,0-4,random-large,0.0006913410596966617
Marginal-9,S,early,0-4,related-small,0.0007310896216504738
Marginal-9,S,early,0-4,related-medium,0.0006998586086867643
Marginal-9,S,early,0-4,related-large,0.0006743059617164565
Marginal-9,S,early,0-4,worst-small,0.0003932268450430704
Marginal-9,S,early,0-4,worst-medium,0.0006246202592741913
Marginal-9,S,early,0-4,worst-large,0.0006657884127263539
Marginal-9,S,early,5-19,random-small,0.0010661132152611765
Marginal-9,S,early,5-19,random-medium,0.0007722577751026364
Marginal-9,S,early,5-19,random-large,0.0012421425610566303
Marginal-9,S,early,5-19,related-small,0.0014777947497828024
Marginal-9,S,early,5-19,related-medium,0.0011811001266275615
Marginal-9,S,early,5-19,related-large,0.0012222682800797243
Marginal-9,S,early,5-19,worst-small,0.0007736773666009869
Marginal-9,S,early,5-19,worst-medium,0.0011427711561720999
Marginal-9,S,early,5-19,worst-large,0.0010334626107991165
Marginal-9,S,early,20+,random-small,0.03491627249342729
Marginal-9,S,early,20+,random-medium,0.025894768521410278
Marginal-9,S,early,20+,random-large,0.04274957838132499
Marginal-9,S,early,20+,related-small,0.046683266423254044
Marginal-9,S,early,20+,related-medium,0.03754109717387725
Marginal-9,S,early,20+,related-large,0.03830767658298648
Marginal-9,S,early,20+,worst-small,0.025167937674254858
Marginal-9,S,early,20+,worst-medium,0.0321580062121324
Marginal-9,S,early,20+,worst-large,0.034236288165717436
Marginal-9,S,middle,0-4,random-small,1.561550648185478e-05
Marginal-9,S,middle,0-4,random-medium,1.7035097980205216e-05
Marginal-9,S,middle,0-4,random-large,3.123101296370956e-05
Marginal-9,S,middle,0-4,related-small,3.2650604462059996e-05
Marginal-9,S,middle,0-4,related-medium,2.129387247525652e-05
Marginal-9,S,middle,0-4,related-large,2.4133055471957388e-05
Marginal-9,S,middle,0-4,worst-small,1.7035097980205216e-05
Marginal-9,S,middle,0-4,worst-medium,1.845468947855565e-05
Marginal-9,S,middle,0-4,worst-large,2.9811421465359127e-05
Marginal-9,S,middle,5-19,random-small,5.536406843566695e-05
Marginal-9,S,middle,5-19,random-medium,6.530120892411999e-05
Marginal-9,S,middle,5-19,random-large,7.239916641587217e-05
Marginal-9,S,middle,5-19,related-small,6.672080042247044e-05
Marginal-9,S,middle,5-19,related-medium,5.678365993401739e-05
Marginal-9,S,middle,5-19,related-large,7.38187579142226e-05
Marginal-9,S,middle,5-19,worst-small,2.8391829967008694e-05
Marginal-9,S,middle,5-19,worst-medium,5.536406843566695e-05
Marginal-9,S,middle,5-19,worst-large,6.246202592741912e-05
Marginal-9,S,middle,20+,random-small,0.03654312435053689
Marginal-9,S,middle,20+,random-medium,0.02671103363296178
Marginal-9,S,middle,20+,random-large,0.04444457063035541
Marginal-9,S,middle,20+,related-small,0.04915193603888545
Marginal-9,S,middle,20+,related-medium,0.03981102397973959
Marginal-9,S,middle,20+,related-large,0.04056766624836037
Marginal-9,S,middle,20+,worst-small,0.026422856558796642
Marginal-9,S,middle,20+,worst-medium,0.033588954442469635
Marginal-9,S,middle,20+,worst-large,0.03663681738942802
Marginal-9,S,late,0-4,random-small,7.0979574917521734e-06
Marginal-9,S,late,0-4,random-medium,4.258774495051304e-06
Marginal-9,S,late,0-4,random-large,7.0979574917521734e-06
Marginal-9,S,late,0-4,related-small,8.517548990102608e-06
Marginal-9,S,late,0-4,related-medium,9.937140488453043e-06
Marginal-9,S,late,0-4,related-large,1.1356731986803477e-05
Marginal-9,S,late,0-4,worst-small,4.258774495051304e-06
Marginal-9,S,late,0-4,worst-medium,5.678365993401739e-06
Marginal-9,S,late,0-4,worst-large,8.517548990102608e-06
Marginal-9,S,late,5-19,random-small,1.9874280976906086e-05
Marginal-9,S,late,5-19,random-medium,1.4195914983504347e-05
Marginal-9,S,late,5-19,random-large,2.8391829967008694e-05
Marginal-9,S,late,5-19,related-small,2.2713463973606955e-05
Marginal-9,S,late,5-19,related-medium,1.7035097980205216e-05
Marginal-9,S,late,5-19,related-large,1.845468947855565e-05
Marginal-9,S,late,5-19,worst-small,1.2776323485153912e-05
Marginal-9,S,late,5-19,worst-medium,1.2776323485153912e-05
Marginal-9,S,late,5-19,worst-large,2.4133055471957388e-05
Marginal-9,S,late,20+,random-small,0.03638271051122329
Marginal-9,S,late,20+,random-medium,0.026204239468050675
Marginal-9,S,late,20+,random-large,0.04425434536957645
Marginal-9,S,late,20+,related-small,0.04878994020680609
Marginal-9,S,late,20+,related-medium,0.04039589567705997
Marginal-9,S,late,20+,related-large,0.040574764205852126
Marginal-9,S,late,20+,worst-small,0.02599839870078986
Marginal-9,S,late,20+,worst-medium,0.0336244442299284
Marginal-9,S,late,20+,worst-large,0.03568001271953983
VNS-9,S,early,0-4,random-small,0.0014059141183301678
VNS-9,S,early,0-4,random-medium,0.0010122581651977208
VNS-9,S,early,0-4,related-small,0.00117253237468736
VNS-9,S,early,0-4,related-medium,0.0009124382627962788
VNS-9,S,early,0-4,worst-small,0.0010164759075527113
VNS-9,S,early,5-19,random-small,0.0012428280806038683
VNS-9,S,early,5-19,random-medium,0.0006481264085502073
VNS-9,S,early,5-19,random-large,0.0013988845477385168
VNS-9,S,early,5-19,related-small,0.001199244742935633
VNS-9,S,early,5-19,related-medium,0.0006129785555919531
VNS-9,S,early,5-19,related-large,0.0013468657253603007
VNS-9,S,early,5-19,worst-small,0.0006481264085502073
VNS-9,S,early,5-19,worst-medium,0.001408725946566828
VNS-9,S,early,5-19,worst-large,0.0012484517370771888
VNS-9,S,early,20+,random-small,0.035264543830075594
VNS-9,S,early,20+,random-medium,0.03566944709615468
VNS-9,S,early,20+,random-large,0.03550776697254671
VNS-9,S,early,20+,related-small,0.035211119093579046
VNS-9,S,early,20+,related-medium,0.035597745476119845
VNS-9,S,early,20+,related-large,0.035407947070145274
VNS-9,S,early,20+,worst-small,0.035686318065574645
VNS-9,S,early,20+,worst-medium,0.035524637941966676
VNS-9,S,early,20+,worst-large,0.035288444370087206
VNS-9,S,middle,0-4,random-small,1.6870969419962012e-05
VNS-9,S,middle,0-4,random-medium,1.6870969419962012e-05
VNS-9,S,middle,0-4,related-small,1.6870969419962012e-05
VNS-9,S,middle,0-4,related-medium,1.6870969419962012e-05
VNS-9,S,middle,0-4,worst-small,1.6870969419962012e-05
VNS-9,S,middle,5-19,random-small,3.3741938839924024e-05
VNS-9,S,middle,5-19,random-medium,1.6870969419962012e-05
VNS-9,S,middle,5-19,random-large,3.3741938839924024e-05
VNS-9,S,middle,5-19,related-small,3.3741938839924024e-05
VNS-9,S,middle,5-19,related-medium,1.6870969419962012e-05
VNS-9,S,middle,5-19,related-large,3.3741938839924024e-05
VNS-9,S,middle,5-19,worst-small,1.6870969419962012e-05
VNS-9,S,middle,5-19,worst-medium,3.3741938839924024e-05
VNS-9,S,middle,5-19,worst-large,3.3741938839924024e-05
VNS-9,S,middle,20+,random-small,0.03709223218390481
VNS-9,S,middle,20+,random-medium,0.03712316229450808
VNS-9,S,middle,20+,random-large,0.03712035046627142
VNS-9,S,middle,20+,related-small,0.037106291325088116
VNS-9,S,middle,20+,related-medium,0.037121756380389746
VNS-9,S,middle,20+,related-large,0.03710769723920645
VNS-9,S,middle,20+,worst-small,0.03713019186509973
VNS-9,S,middle,20+,worst-medium,0.03712597412274474
VNS-9,S,middle,20+,worst-large,0.0370964499262598
VNS-9,S,late,0-4,random-small,1.265322706497151e-05
VNS-9,S,late,0-4,random-medium,1.1247312946641341e-05
VNS-9,S,late,0-4,related-small,1.265322706497151e-05
VNS-9,S,late,0-4,related-medium,1.1247312946641341e-05
VNS-9,S,late,0-4,worst-small,1.1247312946641341e-05
VNS-9,S,late,5-19,random-small,2.1088711774952514e-05
VNS-9,S,late,5-19,random-medium,1.1247312946641341e-05
VNS-9,S,late,5-19,random-large,2.2494625893282682e-05
VNS-9,S,late,5-19,related-small,2.1088711774952514e-05
VNS-9,S,late,5-19,related-medium,1.1247312946641341e-05
VNS-9,S,late,5-19,related-large,2.2494625893282682e-05
VNS-9,S,late,5-19,worst-small,1.1247312946641341e-05
VNS-9,S,late,5-19,worst-medium,2.2494625893282682e-05
VNS-9,S,late,5-19,worst-large,2.1088711774952514e-05
VNS-9,S,late,20+,random-small,0.0367744955931622
VNS-9,S,late,20+,random-medium,0.03678293107787218
VNS-9,S,late,20+,random-large,0.036777307421398855
VNS-9,S,late,20+,related-small,0.036768871936688874
VNS-9,S,late,20+,related-medium,0.036784336991990504
VNS-9,S,late,20+,related-large,0.03676324828021556
VNS-9,S,late,20+,worst-small,0.036777307421398855
VNS-9,S,late,20+,worst-medium,0.03677871333551719
VNS-9,S,late,20+,worst-large,0.03677590150728052
Random-9,XL,early,0-4,random-small,0.005273537986623221
Random-9,XL,early,0-4,random-medium,0.0050806036700394444
Random-9,XL,early,0-4,random-large,0.004919825072886298
Random-9,XL,early,0-4,related-small,0.005391442291202195
Random-9,XL,early,0-4,related-medium,0.005187789401474876
Random-9,XL,early,0-4,related-large,0.005294975132910307
Random-9,XL,early,0-4,worst-small,0.0050806036700394444
Random-9,XL,early,0-4,worst-medium,0.0054879094494940835
Random-9,XL,early,0-4,worst-large,0.005016292231178185
Random-9,XL,early,5-19,random-small,0.010664980277825416
Random-9,XL,early,5-19,random-medium,0.010772166009260847
Random-9,XL,early,5-19,random-large,0.01067569885096896
Random-9,XL,early,5-19,related-small,0.010568513119533527
Random-9,XL,early,5-19,related-medium,0.011350968959012176
Random-9,XL,early,5-19,related-large,0.01092222603327045
Random-9,XL,early,5-19,worst-small,0.010965100325844624
Random-9,XL,early,5-19,worst-medium,0.010246955925227234
Random-9,XL,early,5-19,worst-large,0.0111580346424284
Random-9,XL,early,20+,random-small,0.019636425998971016
Random-9,XL,early,20+,random-medium,0.02009732464414337
Random-9,XL,early,20+,random-large,0.01910049734179386
Random-9,XL,early,20+,related-small,0.019797204596124163
Random-9,XL,early,20+,related-medium,0.020279540387583606
Random-9,XL,early,20+,related-large,0.02016163608300463
Random-9,XL,early,20+,worst-small,0.02009732464414337
Random-9,XL,early,20+,worst-medium,0.019325587377808266
Random-9,XL,early,20+,worst-large,0.020247384668152974
Random-9,XL,middle,0-4,random-small,0.0018971874464071342
Random-9,XL,middle,0-4,random-medium,0.002186588921282799
Random-9,XL,middle,0-4,random-large,0.0019079060195506775
Random-9,XL,middle,0-4,related-small,0.002197307494426342
Random-9,XL,middle,0-4,related-medium,0.0021437146287086265
Random-9,XL,middle,0-4,related-large,0.0021008403361344537
Random-9,XL,middle,0-4,worst-small,0.002068684616703824
Random-9,XL,middle,0-4,worst-medium,0.0022937746527182303
Random-9,XL,middle,0-4,worst-large,0.0023152117990053165
Random-9,XL,middle,5-19,random-small,0.005573658034642428
Random-9,XL,middle,5-19,random-medium,0.005905933802092265
Random-9,XL,middle,5-19,random-large,0.0056915623392214025
Random-9,XL,middle,5-19,related-small,0.005595095180929515
Random-9,XL,middle,5-19,related-medium,0.005509346595781169
Random-9,XL,middle,5-19,related-large,0.0058952152289487225
Random-9,XL,middle,5-19,worst-small,0.005873778082661636
Random-9,XL,middle,5-19,worst-medium,0.0060988681186760416
Random-9,XL,middle,5-19,worst-large,0.005970245240953524
Random-9,XL,middle,20+,random-small,0.029111644657863145
Random-9,XL,middle,20+,random-medium,0.029872663351054707
Random-9,XL,middle,20+,random-large,0.030129909106499743
Random-9,XL,middle,20+,related-small,0.02896158463385354
Random-9,XL,middle,20+,related-medium,0.029518950437317785
Random-9,XL,middle,20+,related-large,0.029315297547590463
Random-9,XL,middle,20+,worst-small,0.02913308180415023
Random-9,XL,middle,20+,worst-medium,0.029904819070485335
Random-9,XL,middle,20+,worst-large,0.028661464585834334
Random-9,XL,late,0-4,random-small,0.001629223117818556
Random-9,XL,late,0-4,random-medium,0.0016077859715314697
Random-9,XL,late,0-4,random-large,0.0015649116789572973
Random-9,XL,late,0-4,related-small,0.0018221574344023323
Random-9,XL,late,0-4,related-medium,0.0015970673983879266
Random-9,XL,late,0-4,related-large,0.001629223117818556
Random-9,XL,late,0-4,worst-small,0.0019186245926942206
Random-9,XL,late,0-4,worst-medium,0.0018328760075458756
Random-9,XL,late,0-4,worst-large,0.0016185045446750128
Random-9,XL,late,5-19,random-small,0.00424455496484308
Random-9,XL,late,5-19,random-medium,0.0048769507803121245
Random-9,XL,late,5-19,random-large,0.004844795060881496
Random-9,XL,late,5-19,related-small,0.004812639341450866
Random-9,XL,late,5-19,related-medium,0.0050055736580346425
Random-9,XL,late,5-19,related-large,0.004480363574001029
Random-9,XL,late,5-19,worst-small,0.004619705024867089
Random-9,XL,late,5-19,worst-medium,0.0044696450008574855
Random-9,XL,late,5-19,worst-large,0.004748327902589607
Random-9,XL,late,20+,random-small,0.030890927799691305
Random-9,XL,late,20+,random-medium,0.03166266506602641
Random-9,XL,late,20+,random-large,0.03211284513805522
Random-9,XL,late,20+,related-small,0.03206997084548105
Random-9,XL,late,20+,related-medium,0.030580089178528554
Random-9,XL,late,20+,related-large,0.03096595781169611
Random-9,XL,late,20+,worst-small,0.031898473675184356
Random-9,XL,late,20+,worst-medium,0.031212484993997598
Random-9,XL,late,20+,worst-large,0.03264877379523238
Fixed-small,L,early,0-4,random-small,0.02221699712376557
Fixed-small,L,early,0-4,related-small,0.022813022889576658
Fixed-small,L,early,0-4,worst-small,0.021839696409628278
Fixed-small,L,early,5-19,random-small,0.03201587943875152
Fixed-small,L,early,5-19,related-small,0.032289285753343756
Fixed-small,L,early,5-19,worst-small,0.03227834950076007
Fixed-small,L,early,20+,random-small,0.05324314570369317
Fixed-small,L,early,20+,related-small,0.05387744835354717
Fixed-small,L,early,20+,worst-small,0.053505615765701724
Fixed-small,L,middle,0-4,random-small,0.005719660101269699
Fixed-small,L,middle,0-4,related-small,0.005659510712059406
Fixed-small,L,middle,0-4,worst-small,0.005582956943973578
Fixed-small,L,middle,5-19,random-small,0.014321022758341627
Fixed-small,L,middle,5-19,related-small,0.014003871433414626
Fixed-small,L,middle,5-19,worst-small,0.014403044652719299
Fixed-small,L,middle,20+,random-small,0.09088025897046118
Fixed-small,L,middle,20+,related-small,0.09189733046074432
Fixed-small,L,middle,20+,worst-small,0.09325342578112183
Fixed-small,L,late,0-4,random-small,0.0028543619243430046
Fixed-small,L,late,0-4,related-small,0.0028652981769266943
Fixed-small,L,late,0-4,worst-small,0.0030348100919738844
Fixed-small,L,late,5-19,random-small,0.007606163671956168
Fixed-small,L,late,5-19,related-small,0.00736009798882315
Fixed-small,L,late,5-19,worst-small,0.007600695545664323
Fixed-small,L,late,20+,random-small,0.104419339669069
Fixed-small,L,late,20+,related-small,0.10228130228895767
Fixed-small,L,late,20+,worst-small,0.10217740788941261
DRL-VNS,L,early,0-4,random-small,0.013170264056813635
DRL-VNS,L,early,0-4,random-medium,0.0021221344204618436
DRL-VNS,L,early,0-4,random-large,0.005901022906021091
DRL-VNS,L,early,0-4,related-small,0.02261748527071175
DRL-VNS,L,early,0-4,related-medium,0.012565269594839862
DRL-VNS,L,early,0-4,related-large,0.01403587151779149
DRL-VNS,L,early,0-4,worst-small,0.0027922821321866363
DRL-VNS,L,early,0-4,worst-medium,0.004821340481575591
DRL-VNS,L,early,0-4,worst-large,0.0023455169910367745
DRL-VNS,L,early,5-19,random-small,0.01572985601131805
DRL-VNS,L,early,5-19,random-medium,0.005947560941557535
DRL-VNS,L,early,5-19,random-large,0.009828833105296959
DRL-VNS,L,early,5-19,related-small,0.02507469354703599
DRL-VNS,L,early,5-19,related-medium,0.017386610076415454
DRL-VNS,L,early,5-19,related-large,0.021965952773201538
DRL-VNS,L,early,5-19,worst-small,0.0050633382663651
DRL-VNS,L,early,5-19,worst-medium,0.008553690931598395
DRL-VNS,L,early,5-19,worst-large,0.005621794692802428
DRL-VNS,L,early,20+,random-small,0.017675145896741407
DRL-VNS,L,early,20+,random-medium,0.010694440566274816
DRL-VNS,L,early,20+,random-large,0.01648377218700844
DRL-VNS,L,early,20+,related-small,0.022096259272703582
DRL-VNS,L,early,20+,related-medium,0.020672195385288396
DRL-VNS,L,early,20+,related-large,0.017526224183024786
DRL-VNS,L,early,20+,worst-small,0.008488537681847375
DRL-VNS,L,early,20+,worst-medium,0.011997505561295247
DRL-VNS,L,early,20+,worst-large,0.011792738204934892
DRL-VNS,L,middle,0-4,random-small,0.003723042842915515
DRL-VNS,L,middle,0-4,random-medium,0.0018522138143504687
DRL-VNS,L,middle,0-4,random-large,0.0028667429890449465
DRL-VNS,L,middle,0-4,related-small,0.004895801338433902
DRL-VNS,L,middle,0-4,related-medium,0.0030528951311907223
DRL-VNS,L,middle,0-4,related-large,0.003108740773834455
DRL-VNS,L,middle,0-4,worst-small,0.0017591377432775808
DRL-VNS,L,middle,0-4,worst-medium,0.0025688995616117054
DRL-VNS,L,middle,0-4,worst-large,0.0018894442427796238
DRL-VNS,L,middle,5-19,random-small,0.008572306145812973
DRL-VNS,L,middle,5-19,random-medium,0.005742793585197182
DRL-VNS,L,middle,5-19,random-large,0.007129627044183211
DRL-VNS,L,middle,5-19,related-small,0.009614758141829317
DRL-VNS,L,middle,5-19,related-medium,0.007958004076731914
DRL-VNS,L,middle,5-19,related-large,0.006459479332458418
DRL-VNS,L,middle,5-19,worst-small,0.004718956803395415
DRL-VNS,L,middle,5-19,worst-medium,0.006208173940561621
DRL-VNS,L,middle,5-19,worst-large,0.005463565371978518
DRL-VNS,L,middle,20+,random-small,0.028704660318878618
DRL-VNS,L,middle,20+,random-medium,0.023548245981440633
DRL-VNS,L,middle,20+,random-large,0.032008860841966136
DRL-VNS,L,middle,20+,related-small,0.033712152942599986
DRL-VNS,L,middle,20+,related-medium,0.030743026275374865
DRL-VNS,L,middle,20+,related-large,0.027122367110639527
DRL-VNS,L,middle,20+,worst-small,0.019397053211589833
DRL-VNS,L,middle,20+,worst-medium,0.024116010014985246
DRL-VNS,L,middle,20+,worst-large,0.026815216076098995
DRL-VNS,L,late,0-4,random-small,0.002280363741285753
DRL-VNS,L,late,0-4,random-medium,0.0012472193523766974
DRL-VNS,L,late,0-4,random-large,0.001963905099637934
DRL-VNS,L,late,0-4,related-small,0.002401362633680507
DRL-VNS,L,late,0-4,related-medium,0.0018615214214577575
DRL-VNS,L,late,0-4,related-large,0.0015916008153463825
DRL-VNS,L,late,0-4,worst-small,0.0015171399584880724
DRL-VNS,L,late,0-4,worst-medium,0.0012472193523766974
DRL-VNS,L,late,0-4,worst-large,0.001219296531054831
DRL-VNS,L,late,5-19,random-small,0.004793417660253725
DRL-VNS,L,late,5-19,random-medium,0.00345312223680414
DRL-VNS,L,late,5-19,random-large,0.0043466525191038635
DRL-VNS,L,late,5-19,related-small,0.0055380262288368285
DRL-VNS,L,late,5-19,related-medium,0.004234961233816398
DRL-VNS,L,late,5-19,related-large,0.003983655841919601
DRL-VNS,L,late,5-19,worst-small,0.003676504807379071
DRL-VNS,L,late,5-19,worst-medium,0.0038719645566321357
DRL-VNS,L,late,5-19,worst-large,0.004011578663241467
DRL-VNS,L,late,20+,random-small,0.032567317268403465
DRL-VNS,L,late,20+,random-medium,0.025493535866863988
DRL-VNS,L,late,20+,random-large,0.037733039212948745
DRL-VNS,L,late,20+,related-small,0.039566637813084636
DRL-VNS,L,late,20+,related-medium,0.028257895177728757
DRL-VNS,L,late,20+,related-large,0.030342799169761445
DRL-VNS,L,late,20+,worst-small,0.026033377079086737
DRL-VNS,L,late,20+,worst-medium,0.028025205000046537
DRL-VNS,L,late,20+,worst-large,0.03201816844907343
Random-9,M,early,0-4,random-small,0.0026556169996457125
Random-9,M,early,0-4,random-medium,0.0025693556585899354
Random-9,M,early,0-4,random-large,0.002597082518215006
Random-9,M,early,0-4,related-small,0.0026309709022012046
Random-9,M,early,0-4,related-medium,0.0024923366040758483
Random-9,M,early,0-4,related-large,0.0025909209938538794
Random-9,M,early,0-4,worst-small,0.0025508710855065542
Random-9,M,early,0-4,worst-medium,0.0024923366040758483
Random-9,M,early,0-4,worst-large,0.0026248093778400775
Random-9,M,early,5-19,random-small,0.004467105161817034
Random-9,M,early,5-19,random-medium,0.004670435465734223
Random-9,M,early,5-19,random-large,0.0045687703137756285
Random-9,M,early,5-19,related-small,0.00476593909333169
Random-9,M,early,5-19,related-medium,0.004901492629276483
Random-9,M,early,5-19,related-large,0.00475669680679
Random-9,M,early,5-19,worst-small,0.0044578628752753435
Random-9,M,early,5-19,worst-medium,0.004611900984303517
Random-9,M,early,5-19,worst-large,0.004701243087539857
Random-9,M,early,20+,random-small,0.029590720744312144
Random-9,M,early,20+,random-medium,0.029606124555214962
Random-9,M,early,20+,random-large,0.029485974830172984
Random-9,M,early,20+,related-small,0.02935658281858932
Random-9,M,early,20+,related-medium,0.029236433093547343
Random-9,M,early,20+,related-large,0.02952602473852031
Random-9,M,early,20+,worst-small,0.029405875013478334
Random-9,M,early,20+,worst-medium,0.029519863214159184
Random-9,M,early,20+,worst-large,0.02936582510513101
Random-9,M,middle,0-4,random-small,0.00041898365655663214
Random-9,M,middle,0-4,random-medium,0.0003296415533202914
Random-9,M,middle,0-4,random-large,0.0003604491751259262
Random-9,M,middle,0-4,related-small,0.0003450453642231088
Random-9,M,middle,0-4,related-medium,0.0004097413700149417
Random-9,M,middle,0-4,related-large,0.0004528720405428303
Random-9,M,middle,0-4,worst-small,0.0003696914616676166
Random-9,M,middle,0-4,worst-medium,0.00040357984565381476
Random-9,M,middle,0-4,worst-large,0.00039433755911212436
Random-9,M,middle,5-19,random-small,0.0010074092330442552
Random-9,M,middle,5-19,random-medium,0.0010659437144749612
Random-9,M,middle,5-19,random-large,0.001025893806127636
Random-9,M,middle,5-19,related-small,0.001142962768989048
Random-9,M,middle,5-19,related-medium,0.0010043284708636916
Random-9,M,middle,5-19,related-large,0.0010012477086831283
Random-9,M,middle,5-19,worst-small,0.0010166515195859456
Random-9,M,middle,5-19,worst-medium,0.0010166515195859456
Random-9,M,middle,5-19,worst-large,0.0010875090497389054
Random-9,M,middle,20+,random-small,0.035715275959272326
Random-9,M,middle,20+,random-medium,0.03495740846285371
Random-9,M,middle,20+,random-large,0.03557664166114697
Random-9,M,middle,20+,related-small,0.035619772331674855
Random-9,M,middle,20+,related-medium,0.035635176142577676
Random-9,M,middle,20+,related-large,0.035856991019578247
Random-9,M,middle,20+,worst-small,0.03661177775381629
Random-9,M,middle,20+,worst-medium,0.03477872425638103
Random-9,M,middle,20+,worst-large,0.03571835672145289
Random-9,M,late,0-4,random-small,0.0002372186879033873
Random-9,M,late,0-4,random-medium,0.00018792649301437175
Random-9,M,late,0-4,random-large,0.00020333030391718912
Random-9,M,late,0-4,related-small,0.00020641106609775258
Random-9,M,late,0-4,related-medium,0.00023413792572282382
Random-9,M,late,0-4,related-large,0.00018792649301437175
Random-9,M,late,0-4,worst-small,0.00023413792572282382
Random-9,M,late,0-4,worst-medium,0.00020949182827831607
Random-9,M,late,0-4,worst-large,0.00016944191993099091
Random-9,M,late,5-19,random-small,0.0005668602412236787
Random-9,M,late,5-19,random-medium,0.0005422141437791709
Random-9,M,late,5-19,random-large,0.0005761025277653692
Random-9,M,late,5-19,related-small,0.0005668602412236787
Random-9,M,late,5-19,related-medium,0.0005114065219735363
Random-9,M,late,5-19,related-large,0.0006130716739321308
Random-9,M,late,5-19,worst-small,0.0005915063386681865
Random-9,M,late,5-19,worst-medium,0.0004990834732512823
Random-9,M,late,5-19,worst-large,0.0005514564303208614
Random-9,M,late,20+,random-small,0.03690753092315039
Random-9,M,late,20+,random-medium,0.03642077049862136
Random-9,M,late,20+,random-large,0.03647006269351037
Random-9,M,late,20+,related-small,0.03640228592553798
Random-9,M,late,20+,related-medium,0.0368644002526225
Random-9,M,late,20+,related-large,0.03738504906113772
Random-9,M,late,20+,worst-small,0.03646390116914925
Random-9,M,late,20+,worst-medium,0.03586623330611993
Random-9,M,late,20+,worst-large,0.036808946533372355
DRL-VNS,M,early,0-4,random-small,0.00412632972504326
DRL-VNS,M,early,0-4,random-medium,0.0007446819992013555
DRL-VNS,M,early,0-4,random-large,0.0018599062492130475
DRL-VNS,M,early,0-4,related-small,0.00620208582909728
DRL-VNS,M,early,0-4,related-medium,0.004266632130689892
DRL-VNS,M,early,0-4,related-large,0.0054753913177993385
DRL-VNS,M,early,0-4,worst-small,0.0008993743951707193
DRL-VNS,M,early,0-4,worst-medium,0.0015181439790481741
DRL-VNS,M,early,0-4,worst-large,0.0006907195354911124
DRL-VNS,M,early,5-19,random-small,0.006076173413773379
DRL-VNS,M,early,5-19,random-medium,0.002359958412927967
DRL-VNS,M,early,5-19,random-large,0.004299009608916038
DRL-VNS,M,early,5-19,related-small,0.009299531246065237
DRL-VNS,M,early,5-19,related-medium,0.0070331077702350244
DRL-VNS,M,early,5-19,related-large,0.009310323738807285
DRL-VNS,M,early,5-19,worst-small,0.00183832126372895
DRL-VNS,M,early,5-19,worst-medium,0.0032521378129373208
DRL-VNS,M,early,5-19,worst-large,0.0023923358911541134
DRL-VNS,M,early,20+,random-small,0.029970752344669047
DRL-VNS,M,early,20+,random-medium,0.022563504826043003
DRL-VNS,M,early,20+,random-large,0.0328379579164733
DRL-VNS,M,early,20+,related-small,0.03873785394879322
DRL-VNS,M,early,20+,related-medium,0.03718373499393822
DRL-VNS,M,early,20+,related-large,0.03320850016728364
DRL-VNS,M,early,20+,worst-small,0.016998176068726594
DRL-VNS,M,early,20+,worst-medium,0.025639365257526865
DRL-VNS,M,early,20+,worst-large,0.02438383860186854
DRL-VNS,M,middle,0-4,random-small,0.0006367570717808692
DRL-VNS,M,middle,0-4,random-medium,0.00036694475322965347
DRL-VNS,M,middle,0-4,random-large,0.0004928571685535541
DRL-VNS,M,middle,0-4,related-small,0.0007230970137172583
DRL-VNS,M,middle,0-4,related-medium,0.0004892596709728713
DRL-VNS,M,middle,0-4,related-large,0.00041371222177853087
DRL-VNS,M,middle,0-4,worst-small,0.00031657978710009316
DRL-VNS,M,middle,0-4,worst-medium,0.0003741397483910192
DRL-VNS,M,middle,0-4,worst-large,0.0002949948016159959
DRL-VNS,M,middle,5-19,random-small,0.001431804037111785
DRL-VNS,M,middle,5-19,random-medium,0.0009245568782354994
DRL-VNS,M,middle,5-19,random-large,0.0012915016314651528
DRL-VNS,M,middle,5-19,related-small,0.001665641379856172
DRL-VNS,M,middle,5-19,related-medium,0.0014138165492083707
DRL-VNS,M,middle,5-19,related-large,0.0011332117379151063
DRL-VNS,M,middle,5-19,worst-small,0.0008633994193638904
DRL-VNS,M,middle,5-19,worst-medium,0.0011727842113026178
DRL-VNS,M,middle,5-19,worst-large,0.0009857143371071082
DRL-VNS,M,middle,20+,random-small,0.036259178115702714
DRL-VNS,M,middle,20+,random-medium,0.029783682470473537
DRL-VNS,M,middle,20+,random-large,0.04156908454479064
DRL-VNS,M,middle,20+,related-small,0.043875080494008366
DRL-VNS,M,middle,20+,related-medium,0.03673764529393354
DRL-VNS,M,middle,20+,related-large,0.03477341161488069
DRL-VNS,M,middle,20+,worst-small,0.027729511351903616
DRL-VNS,M,middle,20+,worst-medium,0.031402556381780834
DRL-VNS,M,middle,20+,worst-large,0.035942598328602623
DRL-VNS,M,late,0-4,random-small,0.0002194473524216555
DRL-VNS,M,late,0-4,random-medium,0.0001403024056466322
DRL-VNS,M,late,0-4,random-large,0.00027340981613189867
DRL-VNS,M,late,0-4,related-small,0.00030938479193872744
DRL-VNS,M,late,0-4,related-medium,0.00019786236693755823
DRL-VNS,M,late,0-4,related-large,0.00013670490806594934
DRL-VNS,M,late,0-4,worst-small,0.00017627738145346096
DRL-VNS,M,late,0-4,worst-medium,0.00021225235726028975
DRL-VNS,M,late,0-4,worst-large,0.00019426486935687537
DRL-VNS,M,late,5-19,random-small,0.0005396246371024315
DRL-VNS,M,late,5-19,random-medium,0.00050005216371492
DRL-VNS,M,late,5-19,random-large,0.0005791971104899432
DRL-VNS,M,late,5-19,related-small,0.0006907195354911124
DRL-VNS,M,late,5-19,related-medium,0.0006835245403297467
DRL-VNS,M,late,5-19,related-large,0.0004316997096819452
DRL-VNS,M,late,5-19,worst-small,0.0005396246371024315
DRL-VNS,M,late,5-19,worst-medium,0.00043529720726262814
DRL-VNS,M,late,5-19,worst-large,0.0006007820959740405
DRL-VNS,M,late,20+,random-small,0.03854358907943634
DRL-VNS,M,late,20+,random-medium,0.030355684585802116
DRL-VNS,M,late,20+,random-large,0.04359087818513442
DRL-VNS,M,late,20+,related-small,0.04371679060045832
DRL-VNS,M,late,20+,related-medium,0.03423018948019758
DRL-VNS,M,late,20+,related-large,0.03433811440761806
DRL-VNS,M,late,20+,worst-small,0.03154645628500815
DRL-VNS,M,late,20+,worst-medium,0.032981857819700616
DRL-VNS,M,late,20+,worst-large,0.037604642210878114
Random-9,S,early,0-4,random-small,0.0006007643827007543
Random-9,S,early,0-4,random-medium,0.0005827691362143262
Random-9,S,early,0-4,random-large,0.0006215281286466328
Random-9,S,early,0-4,related-small,0.0006007643827007543
Random-9,S,early,0-4,related-medium,0.0006242966281060834
Random-9,S,early,0-4,related-large,0.000593843134052128
Random-9,S,early,0-4,worst-small,0.0006187596291871824
Random-9,S,early,0-4,worst-medium,0.0006090698810791057
Random-9,S,early,0-4,worst-large,0.0005952273837818533
Random-9,S,early,5-19,random-small,0.0010727935405370611
Random-9,S,early,5-19,random-medium,0.0010160393016183263
Random-9,S,early,5-19,random-large,0.0010797147891856874
Random-9,S,early,5-19,related-small,0.001054798294050633
Random-9,S,early,5-19,related-medium,0.0010783305394559623
Random-9,S,early,5-19,related-large,0.0010907887870234894
Random-9,S,early,5-19,worst-small,0.0010810990389154126
Random-9,S,early,5-19,worst-medium,0.0010243447999966778
Random-9,S,early,5-19,worst-large,0.001076946289726237
Random-9,S,early,20+,random-small,0.03521531312421011
Random-9,S,early,20+,random-medium,0.035305289356642254
Random-9,S,early,20+,random-large,0.034988296168535174
Random-9,S,early,20+,related-small,0.03548662607123626
Random-9,S,early,20+,related-medium,0.03517240138258863
Random-9,S,early,20+,related-large,0.03548662607123626
Random-9,S,early,20+,worst-small,0.03567211553501944
Random-9,S,early,20+,worst-medium,0.03560151879880345
Random-9,S,early,20+,worst-large,0.035330205851777305
Random-9,S,middle,0-4,random-small,2.2147995675603845e-05
Random-9,S,middle,0-4,random-medium,8.305498378351442e-06
Random-9,S,middle,0-4,random-large,1.6610996756702884e-05
Random-9,S,middle,0-4,related-small,1.6610996756702884e-05
Random-9,S,middle,0-4,related-medium,2.3532245405329085e-05
Random-9,S,middle,0-4,related-large,1.2458247567527163e-05
Random-9,S,middle,0-4,worst-small,1.2458247567527163e-05
Random-9,S,middle,0-4,worst-medium,1.6610996756702884e-05
Random-9,S,middle,0-4,worst-large,1.7995246486428124e-05
Random-9,S,middle,5-19,random-small,3.183774378368053e-05
Random-9,S,middle,5-19,random-medium,4.568024108093293e-05
Random-9,S,middle,5-19,random-large,5.121723999983389e-05
Random-9,S,middle,5-19,related-small,4.983299027010865e-05
Random-9,S,middle,5-19,related-medium,4.152749189175721e-05
Random-9,S,middle,5-19,related-large,5.952273837818533e-05
Random-9,S,middle,5-19,worst-small,4.291174162148245e-05
Random-9,S,middle,5-19,worst-medium,4.152749189175721e-05
Random-9,S,middle,5-19,worst-large,3.0453494053955287e-05
Random-9,S,middle,20+,random-small,0.03801565032744427
Random-9,S,middle,20+,random-medium,0.037168489492852425
Random-9,S,middle,20+,random-large,0.036833501058258916
Random-9,S,middle,20+,related-small,0.03718233199014968
Random-9,S,middle,20+,related-medium,0.03711035100420396
Random-9,S,middle,20+,related-large,0.03736505295447341
Random-9,S,middle,20+,worst-small,0.03727784522150072
Random-9,S,middle,20+,worst-medium,0.03720863273501446
Random-9,S,middle,20+,worst-large,0.03703837001825826
Random-9,S,late,0-4,random-small,1.3842497297252403e-05
Random-9,S,late,0-4,random-medium,1.1073997837801922e-05
Random-9,S,late,0-4,random-large,8.305498378351442e-06
Random-9,S,late,0-4,related-small,9.689748108076682e-06
Random-9,S,late,0-4,related-medium,8.305498378351442e-06
Random-9,S,late,0-4,related-large,8.305498378351442e-06
Random-9,S,late,0-4,worst-small,9.689748108076682e-06
Random-9,S,late,0-4,worst-medium,8.305498378351442e-06
Random-9,S,late,0-4,worst-large,5.536998918900961e-06
Random-9,S,late,5-19,random-small,2.4916495135054325e-05
Random-9,S,late,5-19,random-medium,2.4916495135054325e-05
Random-9,S,late,5-19,random-large,2.2147995675603845e-05
Random-9,S,late,5-19,related-small,1.6610996756702884e-05
Random-9,S,late,5-19,related-medium,2.6300744864779566e-05
Random-9,S,late,5-19,related-large,1.6610996756702884e-05
Random-9,S,late,5-19,worst-small,2.4916495135054325e-05
Random-9,S,late,5-19,worst-medium,3.0453494053955287e-05
Random-9,S,late,5-19,worst-large,3.183774378368053e-05
Random-9,S,late,20+,random-small,0.03661478960096233
Random-9,S,late,20+,random-medium,0.03663278484744876
Random-9,S,late,20+,random-large,0.03676567282150238
Random-9,S,late,20+,related-small,0.036980231529609796
Random-9,S,late,20+,related-medium,0.036884718298258755
Random-9,S,late,20+,related-large,0.03665354859339464
Random-9,S,late,20+,worst-small,0.03658987310582728
Random-9,S,late,20+,worst-medium,0.036573262109070574
Random-9,S,late,20+,worst-large,0.03698161577933952
VNS-9,M,early,0-4,random-small,0.005861056295352487
VNS-9,M,early,0-4,random-medium,0.004291685442143046
VNS-9,M,early,0-4,related-small,0.00490078779309166
VNS-9,M,early,0-4,related-medium,0.0038721506596019082
VNS-9,M,early,0-4,worst-small,0.004304116102366487
VNS-9,M,early,5-19,random-small,0.005460167503146511
VNS-9,M,early,5-19,random-medium,0.002747175909380487
VNS-9,M,early,5-19,random-large,0.005848625635129045
VNS-9,M,early,5-19,related-small,0.0051090013518343
VNS-9,M,early,5-19,related-medium,0.002591792656587473
VNS-9,M,early,5-19,related-large,0.0057553956834532375
VNS-9,M,early,5-19,worst-small,0.002747175909380487
VNS-9,M,early,5-19,worst-medium,0.005851733300184906
VNS-9,M,early,5-19,worst-large,0.005460167503146511
VNS-9,M,early,20+,random-small,0.029171651879360442
VNS-9,M,early,20+,random-medium,0.030616716130335474
VNS-9,M,early,20+,random-large,0.02968441661357739
VNS-9,M,early,20+,related-small,0.028770763087154465
VNS-9,M,early,20+,related-medium,0.03013192038162127
VNS-9,M,early,20+,related-large,0.029513495035505072
VNS-9,M,early,20+,worst-small,0.030638469785726496
VNS-9,M,early,20+,worst-medium,0.029718600929191853
VNS-9,M,early,20+,worst-large,0.029240020510589368
VNS-9,M,middle,0-4,random-small,0.0006805786472334011
VNS-9,M,middle,0-4,random-medium,0.0006588249918423792
VNS-9,M,middle,0-4,related-small,0.0006681479870099601
VNS-9,M,middle,0-4,related-medium,0.0006619326568982395
VNS-9,M,middle,0-4,worst-small,0.0006588249918423792
VNS-9,M,middle,5-19,random-small,0.0012523890175116926
VNS-9,M,middle,5-19,random-medium,0.0006277483412837764
VNS-9,M,middle,5-19,random-large,0.0012617120126792733
VNS-9,M,middle,5-19,related-small,0.0012150970368413692
VNS-9,M,middle,5-19,related-medium,0.0006122100160044751
VNS-9,M,middle,5-19,related-large,0.0012617120126792733
VNS-9,M,middle,5-19,worst-small,0.0006277483412837764
VNS-9,M,middle,5-19,worst-medium,0.001258604347623413
VNS-9,M,middle,5-19,worst-large,0.0012554966825675529
VNS-9,M,middle,20+,random-small,0.03546156595242165
VNS-9,M,middle,20+,random-medium,0.03584691641934832
VNS-9,M,middle,20+,random-large,0.03560451854499122
VNS-9,M,middle,20+,related-small,0.035352797675466535
VNS-9,M,middle,20+,related-medium,0.035719502152058054
VNS-9,M,middle,20+,related-large,0.0355516882390416
VNS-9,M,middle,20+,worst-small,0.035850024084404186
VNS-9,M,middle,20+,worst-medium,0.03560451854499122
VNS-9,M,middle,20+,worst-large,0.03546156595242165
VNS-9,M,late,0-4,random-small,0.0005158723992728063
VNS-9,M,late,0-4,random-medium,0.00047547275354662273
VNS-9,M,late,0-4,related-small,0.0004847957487142036
VNS-9,M,late,0-4,related-medium,0.00045993442826732135
VNS-9,M,late,0-4,worst-small,0.00047236508849076244
VNS-9,M,late,5-19,random-small,0.0008359619000264151
VNS-9,M,late,5-19,random-medium,0.0004039964572618363
VNS-9,M,late,5-19,random-large,0.0008421772301381357
VNS-9,M,late,5-19,related-small,0.000811100579579533
VNS-9,M,late,5-19,related-medium,0.0003977811271501158
VNS-9,M,late,5-19,related-large,0.0008421772301381357
VNS-9,M,late,5-19,worst-small,0.0004039964572618363
VNS-9,M,late,5-19,worst-medium,0.0008421772301381357
VNS-9,M,late,5-19,worst-large,0.0008328542349705549
VNS-9,M,late,20+,random-small,0.03614525226471091
VNS-9,M,late,20+,random-medium,0.03637832714390043
VNS-9,M,late,20+,random-large,0.03619808257066053
VNS-9,M,late,20+,related-small,0.03604269931786752
VNS-9,M,late,20+,related-medium,0.036244697546498436
VNS-9,M,late,20+,related-large,0.036176328915269514
VNS-9,M,late,20+,worst-small,0.036396973134235594
VNS-9,M,late,20+,worst-medium,0.03620119023571639
VNS-9,M,late,20+,worst-large,0.03615457525987849
Roulette-9,S,early,0-4,random-small,0.0006661234758494504
Roulette-9,S,early,0-4,random-medium,0.0006646940263304601
Roulette-9,S,early,0-4,random-large,0.000651828980659548
Roulette-9,S,early,0-4,related-small,0.0006589762282544992
Roulette-9,S,early,0-4,related-medium,0.000651828980659548
Roulette-9,S,early,0-4,related-large,0.0006975713652672356
Roulette-9,S,early,0-4,worst-small,0.000627528338836714
Roulette-9,S,early,0-4,worst-medium,0.0007175836585330989
Roulette-9,S,early,0-4,worst-large,0.0006875652186343039
Roulette-9,S,early,5-19,random-small,0.0012264676872936232
Roulette-9,S,early,5-19,random-medium,0.0012050259445087696
Roulette-9,S,early,5-19,random-large,0.0012178909901796819
Roulette-9,S,early,5-19,related-small,0.0012893634661291936
Roulette-9,S,early,5-19,related-medium,0.0012178909901796819
Roulette-9,S,early,5-19,related-large,0.0012336149348885744
Roulette-9,S,early,5-19,worst-small,0.0011021055791414726
Roulette-9,S,early,5-19,worst-medium,0.0012364738339265548
Roulette-9,S,early,5-19,worst-large,0.0012336149348885744
Roulette-9,S,early,20+,random-small,0.036781165573137785
Roulette-9,S,early,20+,random-medium,0.03666966851065655
Roulette-9,S,early,20+,random-large,0.038059093443115054
Roulette-9,S,early,20+,related-small,0.034715611018196896
Roulette-9,S,early,20+,related-medium,0.03742441785668339
Roulette-9,S,early,20+,related-large,0.03802621610417828
Roulette-9,S,early,20+,worst-small,0.031546521434595534
Roulette-9,S,early,20+,worst-medium,0.0324885286676101
Roulette-9,S,early,20+,worst-large,0.0313178095115571
Roulette-9,S,middle,0-4,random-small,1.2865045670912132e-05
Roulette-9,S,middle,0-4,random-medium,2.287119230384379e-05
Roulette-9,S,middle,0-4,random-large,2.1441742784853553e-05
Roulette-9,S,middle,0-4,related-small,1.4294495189902369e-05
Roulette-9,S,middle,0-4,related-medium,1.2865045670912132e-05
Roulette-9,S,middle,0-4,related-large,3.144788941778521e-05
Roulette-9,S,middle,0-4,worst-small,1.1435596151921895e-05
Roulette-9,S,middle,0-4,worst-medium,5.7177980759609475e-06
Roulette-9,S,middle,0-4,worst-large,1.4294495189902369e-05
Roulette-9,S,middle,5-19,random-small,3.716568749374616e-05
Roulette-9,S,middle,5-19,random-medium,5.574853124061924e-05
Roulette-9,S,middle,5-19,random-large,7.004302643052161e-05
Roulette-9,S,middle,5-19,related-small,3.716568749374616e-05
Roulette-9,S,middle,5-19,related-medium,3.573623797475592e-05
Roulette-9,S,middle,5-19,related-large,9.148476921537516e-05
Roulette-9,S,middle,5-19,worst-small,2.71595408608145e-05
Roulette-9,S,middle,5-19,worst-medium,3.2877338936775446e-05
Roulette-9,S,middle,5-19,worst-large,3.2877338936775446e-05
Roulette-9,S,middle,20+,random-small,0.037926154637848965
Roulette-9,S,middle,20+,random-medium,0.03744728904898723
Roulette-9,S,middle,20+,random-large,0.04099947110367797
Roulette-9,S,middle,20+,related-small,0.03627656989293423
Roulette-9,S,middle,20+,related-medium,0.038116271423874665
Roulette-9,S,middle,20+,related-large,0.041126692110868106
Roulette-9,S,middle,20+,worst-small,0.03452120588361422
Roulette-9,S,middle,20+,worst-medium,0.03368068956644796
Roulette-9,S,middle,20+,worst-large,0.03439112597738611
Roulette-9,S,late,0-4,random-small,1.858284374687308e-05
Roulette-9,S,late,0-4,random-medium,2.1441742784853553e-05
Roulette-9,S,late,0-4,random-large,4.431293508869734e-05
Roulette-9,S,late,0-4,related-small,2.5730091341824264e-05
Roulette-9,S,late,0-4,related-medium,2.1441742784853553e-05
Roulette-9,S,late,0-4,related-large,2.71595408608145e-05
Roulette-9,S,late,0-4,worst-small,1.4294495189902369e-05
Roulette-9,S,late,0-4,worst-medium,1.4294495189902369e-05
Roulette-9,S,late,0-4,worst-large,2.0012293265863316e-05
Roulette-9,S,late,5-19,random-small,4.431293508869734e-05
Roulette-9,S,late,5-19,random-medium,7.433137498749231e-05
Roulette-9,S,late,5-19,random-large,9.863201681032634e-05
Roulette-9,S,late,5-19,related-small,4.717183412667782e-05
Roulette-9,S,late,5-19,related-medium,6.003687979758995e-05
Roulette-9,S,late,5-19,related-large,7.576082450648256e-05
Roulette-9,S,late,5-19,worst-small,4.574238460768758e-05
Roulette-9,S,late,5-19,worst-medium,5.2889632202638765e-05
Roulette-9,S,late,5-19,worst-large,4.574238460768758e-05
Roulette-9,S,late,20+,random-small,0.036306588332833026
Roulette-9,S,late,20+,random-medium,0.036598196034707035
Roulette-9,S,late,20+,random-large,0.04009605900767614
Roulette-9,S,late,20+,related-small,0.03572766127764198
Roulette-9,S,late,20+,related-medium,0.03771030776048144
Roulette-9,S,late,20+,related-large,0.03715139299855626
Roulette-9,S,late,20+,worst-small,0.03563045871035064
Roulette-9,S,late,20+,worst-medium,0.035438912474805954
Roulette-9,S,late,20+,worst-large,0.035520391097388394
Random-9,L,early,0-4,random-small,0.007941137727931353
Random-9,L,early,0-4,random-medium,0.008091680623247586
Random-9,L,early,0-4,random-large,0.00799759131367494
Random-9,L,early,0-4,related-small,0.00826104138047835
Random-9,L,early,0-4,related-medium,0.007959955589845882
Random-9,L,early,0-4,related-large,0.008148134208991175
Random-9,L,early,0-4,worst-small,0.008355130690050996
Random-9,L,early,0-4,worst-medium,0.008204587794734762
Random-9,L,early,0-4,worst-large,0.008656216480683465
Random-9,L,early,5-19,random-small,0.0134359534069739
Random-9,L,early,5-19,random-medium,0.013313637304529459
Random-9,L,early,5-19,random-large,0.012702056792307258
Random-9,L,early,5-19,related-small,0.012993733651982461
Random-9,L,early,5-19,related-medium,0.013181912271127754
Random-9,L,early,5-19,related-large,0.01305018723772605
Random-9,L,early,5-19,worst-small,0.012466833518375643
Random-9,L,early,5-19,worst-medium,0.012984324721025196
Random-9,L,early,5-19,worst-large,0.012730283585179051
Random-9,L,early,20+,random-small,0.015007244876837094
Random-9,L,early,20+,random-medium,0.01471556801716189
Random-9,L,early,20+,random-large,0.015496509286614855
Random-9,L,early,20+,related-small,0.015091925255452476
Random-9,L,early,20+,related-medium,0.01567527897480288
Random-9,L,early,20+,related-large,0.015176605634067857
Random-9,L,early,20+,worst-small,0.014828475188649066
Random-9,L,early,20+,worst-medium,0.014480344743230273
Random-9,L,early,20+,worst-large,0.0148190662576918
Random-9,L,middle,0-4,random-small,0.002794452494307597
Random-9,L,middle,0-4,random-medium,0.0030108579063246833
Random-9,L,middle,0-4,random-large,0.0028791328729229787
Random-9,L,middle,0-4,related-small,0.0027191810466494796
Random-9,L,middle,0-4,related-medium,0.0026721363918631564
Random-9,L,middle,0-4,related-large,0.0030296757682392126
Random-9,L,middle,0-4,worst-small,0.0027474078395212736
Random-9,L,middle,0-4,worst-medium,0.002992040044410154
Random-9,L,middle,0-4,worst-large,0.002756816770478538
Random-9,L,middle,5-19,random-small,0.0071319696656065934
Random-9,L,middle,5-19,random-medium,0.00684029280593139
Random-9,L,middle,5-19,random-large,0.0066991588415724205
Random-9,L,middle,5-19,related-small,0.007047289286991212
Random-9,L,middle,5-19,related-medium,0.006962608908375831
Random-9,L,middle,5-19,related-large,0.007216650044221976
Random-9,L,middle,5-19,worst-small,0.006877928529760448
Random-9,L,middle,5-19,worst-medium,0.006736794565401479
Random-9,L,middle,5-19,worst-large,0.007094333941777535
Random-9,L,middle,20+,random-small,0.02741762480946915
Random-9,L,middle,20+,random-medium,0.02691895146873412
Random-9,L,middle,20+,random-large,0.027022449709264033
Random-9,L,middle,20+,related-small,0.027615212359571706
Random-9,L,middle,20+,related-medium,0.027191810466494798
Random-9,L,middle,20+,related-large,0.02689072467586233
Random-9,L,middle,20+,worst-small,0.027916298150204175
Random-9,L,middle,20+,worst-medium,0.028452607214768257
Random-9,L,middle,20+,worst-large,0.028000978528819557
Random-9,L,late,0-4,random-small,0.001834741536666604
Random-9,L,late,0-4,random-medium,0.0017406522270939577
Random-9,L,late,0-4,random-large,0.0016089271936922528
Random-9,L,late,0-4,related-small,0.00180651474379481
Random-9,L,late,0-4,related-medium,0.0016936075723076344
Random-9,L,late,0-4,related-large,0.0015430646769914002
Random-9,L,late,0-4,worst-small,0.0016089271936922528
Random-9,L,late,0-4,worst-medium,0.001834741536666604
Random-9,L,late,0-4,worst-large,0.0017876968818802807
Random-9,L,late,5-19,random-small,0.005118458440751962
Random-9,L,late,5-19,random-medium,0.00452569579044429
Random-9,L,late,5-19,random-large,0.0047044654786323175
Random-9,L,late,5-19,related-small,0.004638602961931465
Random-9,L,late,5-19,related-medium,0.0047044654786323175
Random-9,L,late,5-19,related-large,0.004619785100016936
Random-9,L,late,5-19,worst-small,0.004186974275982763
Random-9,L,late,5-19,worst-medium,0.0046291940309742
Random-9,L,late,5-19,worst-large,0.004497468997572496
Random-9,L,late,20+,random-small,0.03139760260439209
Random-9,L,late,20+,random-medium,0.031821004497468997
Random-9,L,late,20+,random-large,0.03113415253758868
Random-9,L,late,20+,related-small,0.030776613161212624
Random-9,L,late,20+,related-medium,0.03200918311661429
Random-9,L,late,20+,related-large,0.031303513294819445
Random-9,L,late,20+,worst-small,0.03099301857322971
Random-9,L,late,20+,worst-medium,0.03123765077811859
Random-9,L,late,20+,worst-large,0.030842475677913476
Roulette-9,L,early,0-4,random-small,0.009430655186860353
Roulette-9,L,early,0-4,random-medium,0.008763754820065152
Roulette-9,L,early,0-4,random-large,0.007258953992424696
Roulette-9,L,early,0-4,related-small,0.00935370514453783
Roulette-9,L,early,0-4,related-medium,0.008815054848280166
Roulette-9,L,early,0-4,related-large,0.00796860438273241
Roulette-9,L,early,0-4,worst-small,0.007908754349814893
Roulette-9,L,early,0-4,worst-medium,0.007942954368624904
Roulette-9,L,early,0-4,worst-large,0.007395754067664738
Roulette-9,L,early,5-19,random-small,0.015518258535042195
Roulette-9,L,early,5-19,random-medium,0.012619806940893817
Roulette-9,L,early,5-19,random-large,0.01246590685624877
Roulette-9,L,early,5-19,related-small,0.015381458459802154
Roulette-9,L,early,5-19,related-medium,0.013808257594541677
Roulette-9,L,early,5-19,related-large,0.013551757453466599
Roulette-9,L,early,5-19,worst-small,0.012448806846843765
Roulette-9,L,early,5-19,worst-medium,0.011679306423618533
Roulette-9,L,early,5-19,worst-large,0.011893056541181097
Roulette-9,L,early,20+,random-small,0.016150958883027387
Roulette-9,L,early,20+,random-medium,0.012192306705768688
Roulette-9,L,early,20+,random-large,0.010636205849913217
Roulette-9,L,early,20+,related-small,0.015817508699629786
Roulette-9,L,early,20+,related-medium,0.013175557246556486
Roulette-9,L,early,20+,related-large,0.012346206790413735
Roulette-9,L,early,20+,worst-small,0.010687505878128233
Roulette-9,L,early,20+,worst-medium,0.010790105934558264
Roulette-9,L,early,20+,worst-large,0.010747355911045751
Roulette-9,L,middle,0-4,random-small,0.005138552826204054
Roulette-9,L,middle,0-4,random-medium,0.0031378517258184493
Roulette-9,L,middle,0-4,random-large,0.002462401354320745
Roulette-9,L,middle,0-4,related-small,0.0048820526851289766
Roulette-9,L,middle,0-4,related-medium,0.0033858018621910242
Roulette-9,L,middle,0-4,related-large,0.0029241016082558846
Roulette-9,L,middle,0-4,worst-small,0.0026505014577758016
Roulette-9,L,middle,0-4,worst-medium,0.0022230012226506723
Roulette-9,L,middle,0-4,worst-large,0.00247950136372575
Roulette-9,L,middle,5-19,random-small,0.012064056635231149
Roulette-9,L,middle,5-19,random-medium,0.0072333039783171885
Roulette-9,L,middle,5-19,random-large,0.005993553296454313
Roulette-9,L,middle,5-19,related-small,0.011730606451833549
Roulette-9,L,middle,5-19,related-medium,0.008105404457972452
Roulette-9,L,middle,5-19,related-large,0.007079403893672141
Roulette-9,L,middle,5-19,worst-small,0.00571995314597423
Roulette-9,L,middle,5-19,worst-medium,0.005967903282346805
Roulette-9,L,middle,5-19,worst-large,0.0060876033481818415
Roulette-9,L,middle,20+,random-small,0.042168623192742755
Roulette-9,L,middle,20+,random-medium,0.025137013825357605
Roulette-9,L,middle,20+,random-large,0.020477261262493694
Roulette-9,L,middle,20+,related-small,0.03968912182901701
Roulette-9,L,middle,20+,related-medium,0.02803546541950598
Roulette-9,L,middle,20+,related-large,0.023392812866047077
Roulette-9,L,middle,20+,worst-small,0.020109611060286085
Roulette-9,L,middle,20+,worst-medium,0.020605511333031234
Roulette-9,L,middle,20+,worst-large,0.02056276130951872
Roulette-9,L,late,0-4,random-small,0.0034969519233235577
Roulette-9,L,late,0-4,random-medium,0.0017527509640130302
Roulette-9,L,late,0-4,random-large,0.0014278507853179318
Roulette-9,L,late,0-4,related-small,0.0032575517916534854
Roulette-9,L,late,0-4,related-medium,0.002069101138005626
Roulette-9,L,late,0-4,related-large,0.0015988508793679836
Roulette-9,L,late,0-4,worst-small,0.0014278507853179318
Roulette-9,L,late,0-4,worst-medium,0.0014962508229379526
Roulette-9,L,late,0-4,worst-large,0.0014449507947229372
Roulette-9,L,late,5-19,random-small,0.009276755102215307
Roulette-9,L,late,5-19,random-medium,0.004403252421788832
Roulette-9,L,late,5-19,random-large,0.0036679520173736094
Roulette-9,L,late,5-19,related-small,0.008738104805957643
Roulette-9,L,late,5-19,related-medium,0.005608803084841697
Roulette-9,L,late,5-19,related-large,0.004078352243093734
Roulette-9,L,late,5-19,worst-small,0.003762002069101138
Roulette-9,L,late,5-19,worst-medium,0.0033003018151659983
Roulette-9,L,late,5-19,worst-large,0.0033772518574885215
Roulette-9,L,late,20+,random-small,0.05593413076377192
Roulette-9,L,late,20+,random-medium,0.029754016364709
Roulette-9,L,late,20+,random-large,0.022580562419309332
Roulette-9,L,late,20+,related-small,0.05300147915081353
Roulette-9,L,late,20+,related-medium,0.033558768457322655
Roulette-9,L,late,20+,related-large,0.027590865174975845
Roulette-9,L,late,20+,worst-small,0.022041912123051666
Roulette-9,L,late,20+,worst-medium,0.023033712668541966
Roulette-9,L,late,20+,worst-large,0.022127412170076695
Marginal-9,L,early,0-4,random-small,0.008426670747687687
Marginal-9,L,early,0-4,random-medium,0.005576332628719548
Marginal-9,L,early,0-4,random-large,0.009966618523371816
Marginal-9,L,early,0-4,related-small,0.011554390764139303
Marginal-9,L,early,0-4,related-medium,0.00922055686807143
Marginal-9,L,early,0-4,related-large,0.00964141216080498
Marginal-9,L,early,0-4,worst-small,0.006045012386536456
Marginal-9,L,early,0-4,worst-medium,0.007737998450487331
Marginal-9,L,early,0-4,worst-large,0.0083214569245043
Marginal-9,L,early,5-19,random-small,0.012855216214406643
Marginal-9,L,early,5-19,random-medium,0.009698801518905011
Marginal-9,L,early,5-19,random-large,0.016556829811858555
Marginal-9,L,early,5-19,related-small,0.01724550210905891
Marginal-9,L,early,5-19,related-medium,0.0152273096825412
Marginal-9,L,early,5-19,related-large,0.014796889496790979
Marginal-9,L,early,5-19,worst-small,0.009612717481754967
Marginal-9,L,early,5-19,worst-medium,0.012271757740389674
Marginal-9,L,early,5-19,worst-large,0.013228247042056834
Marginal-9,L,early,20+,random-small,0.014309079952940727
Marginal-9,L,early,20+,random-medium,0.01028225999292198
Marginal-9,L,early,20+,random-large,0.01771418186687582
Marginal-9,L,early,20+,related-small,0.01759940315067576
Marginal-9,L,early,20+,related-medium,0.014978622464107739
Marginal-9,L,early,20+,related-large,0.015629035189241407
Marginal-9,L,early,20+,worst-small,0.010263130206888635
Marginal-9,L,early,20+,worst-medium,0.014175171450707324
Marginal-9,L,early,20+,worst-large,0.013649102334790386
Marginal-9,L,middle,0-4,random-small,0.003156414695501631
Marginal-9,L,middle,0-4,random-medium,0.002314704110034529
Marginal-9,L,middle,0-4,random-large,0.0037781327415852854
Marginal-9,L,middle,0-4,related-small,0.0043424614295689105
Marginal-9,L,middle,0-4,related-medium,0.003127720016451616
Marginal-9,L,middle,0-4,related-large,0.0036729189184018978
Marginal-9,L,middle,0-4,worst-small,0.0020755817846177392
Marginal-9,L,middle,0-4,worst-medium,0.0026303455795846924
Marginal-9,L,middle,0-4,worst-large,0.003127720016451616
Marginal-9,L,middle,5-19,random-small,0.007393662301887154
Marginal-9,L,middle,5-19,random-medium,0.005404164554419459
Marginal-9,L,middle,5-19,random-large,0.009105778151871372
Marginal-9,L,middle,5-19,related-small,0.010387473816105367
Marginal-9,L,middle,5-19,related-medium,0.008426670747687687
Marginal-9,L,middle,5-19,related-large,0.008924045184554611
Marginal-9,L,middle,5-19,worst-small,0.00571024113095295
Marginal-9,L,middle,5-19,worst-medium,0.007049326153286976
Marginal-9,L,middle,5-19,worst-large,0.007718868664453988
Marginal-9,L,middle,20+,random-small,0.026016509005346775
Marginal-9,L,middle,20+,random-medium,0.018708930740609666
Marginal-9,L,middle,20+,random-large,0.03147806291786626
Marginal-9,L,middle,20+,related-small,0.034930989296884714
Marginal-9,L,middle,20+,related-medium,0.028149480148064544
Marginal-9,L,middle,20+,related-large,0.029574649207548615
Marginal-9,L,middle,20+,worst-small,0.018402854164076176
Marginal-9,L,middle,20+,worst-medium,0.024667859089996077
Marginal-9,L,middle,20+,worst-large,0.026437364298080326
Marginal-9,L,late,0-4,random-small,0.001884283924284307
Marginal-9,L,late,0-4,random-medium,0.001272130771217324
Marginal-9,L,late,0-4,random-large,0.002448612612267932
Marginal-9,L,late,0-4,related-small,0.002544261542434648
Marginal-9,L,late,0-4,related-medium,0.0019990626404843663
Marginal-9,L,late,0-4,related-large,0.001979932854451023
Marginal-9,L,late,0-4,worst-small,0.001319955236300682
Marginal-9,L,late,0-4,worst-medium,0.0016547264918841884
Marginal-9,L,late,0-4,worst-large,0.001855589245234292
Marginal-9,L,late,5-19,random-small,0.00493548479660255
Marginal-9,L,late,5-19,random-medium,0.003787697634601957
Marginal-9,L,late,5-19,random-large,0.005748500703019637
Marginal-9,L,late,5-19,related-small,0.006284134711953247
Marginal-9,L,late,5-19,related-medium,0.005346775196319429
Marginal-9,L,late,5-19,related-large,0.005298950731236071
Marginal-9,L,late,5-19,worst-small,0.0034816210580684657
Marginal-9,L,late,5-19,worst-medium,0.0043424614295689105
Marginal-9,L,late,5-19,worst-large,0.005624157093802906
Marginal-9,L,late,20+,random-small,0.029526824742465256
Marginal-9,L,late,20+,random-medium,0.021616658217677834
Marginal-9,L,late,20+,random-large,0.03686309768625238
Marginal-9,L,late,20+,related-small,0.038689992252436654
Marginal-9,L,late,20+,related-medium,0.0332188734469005
Marginal-9,L,late,20+,related-large,0.03449100421811782
Marginal-9,L,late,20+,worst-small,0.02183665075706128
Marginal-9,L,late,20+,worst-medium,0.027967747180747782
Marginal-9,L,late,20+,worst-large,0.03068417679748252
Roulette-9,XL,early,0-4,random-small,0.0059838366482523
Roulette-9,XL,early,0-4,random-medium,0.004835019929472643
Roulette-9,XL,early,0-4,random-large,0.004924927324855399
Roulette-9,XL,early,0-4,related-small,0.00593388809526188
Roulette-9,XL,early,0-4,related-medium,0.005284556906386422
Roulette-9,XL,early,0-4,related-large,0.004795061087080307
Roulette-9,XL,early,0-4,worst-small,0.004745112534089887
Roulette-9,XL,early,0-4,worst-medium,0.004405462373755033
Roulette-9,XL,early,0-4,worst-large,0.004465400637343536
Roulette-9,XL,early,5-19,random-small,0.013086520883490006
Roulette-9,XL,early,5-19,random-medium,0.009420297093993188
Roulette-9,XL,early,5-19,random-large,0.009959741466289721
Roulette-9,XL,early,5-19,related-small,0.013386212201432525
Roulette-9,XL,early,5-19,related-medium,0.01093873310490195
Roulette-9,XL,early,5-19,related-large,0.01030938133722266
Roulette-9,XL,early,5-19,worst-small,0.00963008101655295
Roulette-9,XL,early,5-19,worst-medium,0.009430286804591272
Roulette-9,XL,early,5-19,worst-large,0.00972997812253379
Roulette-9,XL,early,20+,random-small,0.02214718839595217
Roulette-9,XL,early,20+,random-medium,0.016103413484111366
Roulette-9,XL,early,20+,random-large,0.016073444352317112
Roulette-9,XL,early,20+,related-small,0.024045233409588123
Roulette-9,XL,early,20+,related-medium,0.0177017671798048
Roulette-9,XL,early,20+,related-large,0.015823701587365013
Roulette-9,XL,early,20+,worst-small,0.015064483581910633
Roulette-9,XL,early,20+,worst-medium,0.014804751106360448
Roulette-9,XL,early,20+,worst-large,0.015673855928393755
Roulette-9,XL,middle,0-4,random-small,0.005374464301769178
Roulette-9,XL,middle,0-4,random-medium,0.0025074173601190774
Roulette-9,XL,middle,0-4,random-large,0.0021977363315784744
Roulette-9,XL,middle,0-4,related-small,0.005734093883300201
Roulette-9,XL,middle,0-4,related-medium,0.003086820574807948
Roulette-9,XL,middle,0-4,related-large,0.0030468617324156118
Roulette-9,XL,middle,0-4,worst-small,0.0022876437269612297
Roulette-9,XL,middle,0-4,worst-medium,0.002357571701147818
Roulette-9,XL,middle,0-4,worst-large,0.0019979421196167947
Roulette-9,XL,middle,5-19,random-small,0.013865718310140555
Roulette-9,XL,middle,5-19,random-medium,0.005923898384663796
Roulette-9,XL,middle,5-19,random-large,0.005574258513730857
Roulette-9,XL,middle,5-19,related-small,0.014844709948752784
Roulette-9,XL,middle,5-19,related-medium,0.007532241790955316
Roulette-9,XL,middle,5-19,related-large,0.006173641149615896
Roulette-9,XL,middle,5-19,worst-small,0.005833990989281041
Roulette-9,XL,middle,5-19,worst-medium,0.0054843511183481014
Roulette-9,XL,middle,5-19,worst-large,0.005833990989281041
Roulette-9,XL,middle,20+,random-small,0.04467398579463153
Roulette-9,XL,middle,20+,random-medium,0.018750686792603617
Roulette-9,XL,middle,20+,random-large,0.018520923448847686
Roulette-9,XL,middle,20+,related-small,0.050278213440156636
Roulette-9,XL,middle,20+,related-medium,0.02405522312018621
Roulette-9,XL,middle,20+,related-large,0.02048889643667023
Roulette-9,XL,middle,20+,worst-small,0.01838106750047451
Roulette-9,XL,middle,20+,worst-medium,0.018590851423034276
Roulette-9,XL,middle,20+,worst-large,0.018530913159445772
Roulette-9,XL,late,0-4,random-small,0.006922869444472193
Roulette-9,XL,late,0-4,random-medium,0.0017481993546646954
Roulette-9,XL,late,0-4,random-large,0.0016283228274876877
Roulette-9,XL,late,0-4,related-small,0.0062335794132044
Roulette-9,XL,late,0-4,related-medium,0.002347581990549734
Roulette-9,XL,late,0-4,related-large,0.0020179215408129628
Roulette-9,XL,late,0-4,worst-small,0.0017781684864589472
Roulette-9,XL,late,0-4,worst-medium,0.00150844630031068
Roulette-9,XL,late,0-4,worst-large,0.001478477168516428
Roulette-9,XL,late,5-19,random-small,0.016752744672986822
Roulette-9,XL,late,5-19,random-medium,0.004874978771864979
Roulette-9,XL,late,5-19,random-large,0.004135740187606765
Roulette-9,XL,late,5-19,related-small,0.016532971039828977
Roulette-9,XL,late,5-19,related-medium,0.006313497097989071
Roulette-9,XL,late,5-19,related-large,0.004355513820764613
Roulette-9,XL,late,5-19,worst-small,0.004635225717510964
Roulette-9,XL,late,5-19,worst-medium,0.0043055652677741925
Roulette-9,XL,late,5-19,worst-large,0.0040258533710278415
Roulette-9,XL,late,20+,random-small,0.07383395103043865
Roulette-9,XL,late,20+,random-medium,0.019010419268153802
Roulette-9,XL,late,20+,random-large,0.017342137598273778
Roulette-9,XL,late,20+,related-small,0.07027761405752075
Roulette-9,XL,late,20+,related-medium,0.025533700288702638
Roulette-9,XL,late,20+,related-large,0.01916026492712506
Roulette-9,XL,late,20+,worst-small,0.018081376182531993
Roulette-9,XL,late,20+,worst-medium,0.01689260062136
Roulette-9,XL,late,20+,worst-large,0.017641828916216296
Marginal-9,XL,early,0-4,random-small,0.005190999238956348
Marginal-9,XL,early,0-4,random-medium,0.0034985290275679542
Marginal-9,XL,early,0-4,random-large,0.006395038449742722
Marginal-9,XL,early,0-4,related-small,0.007417335892863228
Marginal-9,XL,early,0-4,related-medium,0.005679430239558367
Marginal-9,XL,early,0-4,related-large,0.006054272635369219
Marginal-9,XL,early,0-4,worst-small,0.0035780410509217717
Marginal-9,XL,early,0-4,worst-medium,0.005122846076081647
Marginal-9,XL,early,0-4,worst-large,0.004907027726978429
Marginal-9,XL,early,5-19,random-small,0.01141565478151232
Marginal-9,XL,early,5-19,random-medium,0.008087508661131115
Marginal-9,XL,early,5-19,random-large,0.012790076899485444
Marginal-9,XL,early,5-19,related-small,0.014209934459375035
Marginal-9,XL,early,5-19,related-medium,0.0112679895952838
Marginal-9,XL,early,5-19,related-large,0.012165339573134024
Marginal-9,XL,early,5-19,worst-small,0.007599077660529096
Marginal-9,XL,early,5-19,worst-medium,0.00977997887251951
Marginal-9,XL,early,5-19,worst-large,0.010200256710246828
Marginal-9,XL,early,20+,random-small,0.018571736883355863
Marginal-9,XL,early,20+,random-medium,0.015039131274350557
Marginal-9,XL,early,20+,random-large,0.024750956983995365
Marginal-9,XL,early,20+,related-small,0.025512000636096186
Marginal-9,XL,early,20+,related-medium,0.02125242795642741
Marginal-9,XL,early,20+,related-large,0.021877165282778832
Marginal-9,XL,early,20+,worst-small,0.013119483853379828
Marginal-9,XL,early,20+,worst-medium,0.01711780274202892
Marginal-9,XL,early,20+,worst-large,0.02101389188636596
Marginal-9,XL,middle,0-4,random-small,0.0021581834910321795
Marginal-9,XL,middle,0-4,random-medium,0.0017606233742630938
Marginal-9,XL,middle,0-4,random-large,0.0027942796778627167
Marginal-9,XL,middle,0-4,related-small,0.0029305860036121178
Marginal-9,XL,middle,0-4,related-medium,0.002578461328759499
Marginal-9,XL,middle,0-4,related-large,0.00274884423594625
Marginal-9,XL,middle,0-4,worst-small,0.0017719822347422108
Marginal-9,XL,middle,0-4,worst-medium,0.002101389188636596
Marginal-9,XL,middle,0-4,worst-large,0.0022263366539068802
Marginal-9,XL,middle,5-19,random-small,0.005963401751536286
Marginal-9,XL,middle,5-19,random-medium,0.0044526733078137605
Marginal-9,XL,middle,5-19,random-large,0.008053432079693765
Marginal-9,XL,middle,5-19,related-small,0.0082124561264014
Marginal-9,XL,middle,5-19,related-medium,0.00661085679884594
Marginal-9,XL,middle,5-19,related-large,0.006622215659325056
Marginal-9,XL,middle,5-19,worst-small,0.004566261912604928
Marginal-9,XL,middle,5-19,worst-medium,0.005929325170098936
Marginal-9,XL,middle,5-19,worst-large,0.00602019605393187
Marginal-9,XL,middle,20+,random-small,0.026454786055862874
Marginal-9,XL,middle,20+,random-medium,0.020411872280972774
Marginal-9,XL,middle,20+,random-large,0.03518974976430365
Marginal-9,XL,middle,20+,related-small,0.03750695730204346
Marginal-9,XL,middle,20+,related-medium,0.031600349852902755
Marginal-9,XL,middle,20+,related-large,0.031577632131944526
Marginal-9,XL,middle,20+,worst-small,0.0192759862330611
Marginal-9,XL,middle,20+,worst-medium,0.024648727239683314
Marginal-9,XL,middle,20+,worst-large,0.02919227143133001
Marginal-9,XL,late,0-4,random-small,0.0014539341413269422
Marginal-9,XL,late,0-4,random-medium,0.0012949100946193079
Marginal-9,XL,late,0-4,random-large,0.002101389188636596
Marginal-9,XL,late,0-4,related-small,0.002237695514385997
Marginal-9,XL,late,0-4,related-medium,0.002021877165282779
Marginal-9,XL,late,0-4,related-large,0.0017719822347422108
Marginal-9,XL,late,0-4,worst-small,0.0012494746527028408
Marginal-9,XL,late,0-4,worst-medium,0.0015561638856389926
Marginal-9,XL,late,0-4,worst-large,0.0015902404670763428
Marginal-9,XL,late,5-19,random-small,0.004327725842543476
Marginal-9,XL,late,5-19,random-medium,0.0034530935856514873
Marginal-9,XL,late,5-19,random-large,0.005361382146143099
Marginal-9,XL,late,5-19,related-small,0.005838454286266002
Marginal-9,XL,late,5-19,related-medium,0.004748003680270795
Marginal-9,XL,late,5-19,related-large,0.004838874564103729
Marginal-9,XL,late,5-19,worst-small,0.003419017004214137
Marginal-9,XL,late,5-19,worst-medium,0.004986539750332247
Marginal-9,XL,late,5-19,worst-large,0.004702568238354328
Marginal-9,XL,late,20+,random-small,0.03189568022535979
Marginal-9,XL,late,20+,random-medium,0.02250190260913025
Marginal-9,XL,late,20+,random-large,0.03867691993139248
Marginal-9,XL,late,20+,related-small,0.04223224326135602
Marginal-9,XL,late,20+,related-medium,0.03274759476129355
Marginal-9,XL,late,20+,related-large,0.0351556731828663
Marginal-9,XL,late,20+,worst-small,0.02303576905164874
Marginal-9,XL,late,20+,worst-medium,0.028294921453479786
Marginal-9,XL,late,20+,worst-large,0.031532196690028054
Fixed-small,M,early,0-4,random-small,0.005156324073452724
Fixed-small,M,early,0-4,related-small,0.00497665367122914
Fixed-small,M,early,0-4,worst-small,0.004974488967587893
Fixed-small,M,early,5-19,random-small,0.008676132194121963
Fixed-small,M,early,5-19,related-small,0.008502955902822124
Fixed-small,M,early,5-19,worst-small,0.008299473760544813
Fixed-small,M,early,20+,random-small,0.09600027708206609
Fixed-small,M,early,20+,related-small,0.09631415911004704
Fixed-small,M,early,20+,worst-small,0.09676441746742662
Fixed-small,M,middle,0-4,random-small,0.00045675246830332694
Fixed-small,M,middle,0-4,related-small,0.0005368465030295027
Fixed-small,M,middle,0-4,worst-small,0.0005628229467244787
Fixed-small,M,middle,5-19,random-small,0.0013226339248025248
Fixed-small,M,middle,5-19,related-small,0.0014633396614836447
Fixed-small,M,middle,5-19,worst-small,0.0012966574811075489
Fixed-small,M,middle,20+,random-small,0.10919198107183137
Fixed-small,M,middle,20+,related-small,0.11053842673668761
Fixed-small,M,middle,20+,worst-small,0.10950369839617108
Fixed-small,M,late,0-4,random-small,0.00018399980950607956
Fixed-small,M,late,0-4,related-small,0.00015802336581110363
Fixed-small,M,late,0-4,worst-small,0.0001775056985823356
Fixed-small,M,late,5-19,random-small,0.0004892230229220469
Fixed-small,M,late,5-19,related-small,0.00047407009743331087
Fixed-small,M,late,5-19,worst-small,0.00044159954281459095
Fixed-small,M,late,20+,random-small,0.11066397954788
Fixed-small,M,late,20+,related-small,0.11202990754550748
Fixed-small,M,late,20+,worst-small,0.11084364995010358
VNS-9,L,early,0-4,random-small,0.019274050884976242
VNS-9,L,early,0-4,random-medium,0.012364660226546509
VNS-9,L,early,0-4,related-small,0.015356259667126676
VNS-9,L,early,0-4,related-medium,0.011901564337911808
VNS-9,L,early,0-4,worst-small,0.012373922144319203
VNS-9,L,early,5-19,random-small,0.01606016541785142
VNS-9,L,early,5-19,random-medium,0.006937176411747816
VNS-9,L,early,5-19,random-large,0.016902999935166575
VNS-9,L,early,5-19,related-small,0.013790995563541388
VNS-9,L,early,5-19,related-medium,0.006751938056293936
VNS-9,L,early,5-19,related-large,0.01677333308634886
VNS-9,L,early,5-19,worst-small,0.006955700247293205
VNS-9,L,early,5-19,worst-medium,0.01693078568848466
VNS-9,L,early,5-19,worst-large,0.016143522677805666
VNS-9,L,early,20+,random-small,0.015569283775898637
VNS-9,L,early,20+,random-medium,0.01730126239939242
VNS-9,L,early,20+,random-large,0.016032379664533337
VNS-9,L,early,20+,related-small,0.013929924330131797
VNS-9,L,early,20+,related-medium,0.01681964267521233
VNS-9,L,early,20+,related-large,0.015911974733488318
VNS-9,L,early,20+,worst-small,0.01742166733043744
VNS-9,L,early,20+,worst-medium,0.01610647500671489
VNS-9,L,early,20+,worst-large,0.015661902953625576
VNS-9,L,middle,0-4,random-small,0.005344126554844446
VNS-9,L,middle,0-4,random-medium,0.004593911215256231
VNS-9,L,middle,0-4,related-small,0.00489029258398244
VNS-9,L,middle,0-4,related-medium,0.004566125461938149
VNS-9,L,middle,0-4,worst-small,0.004584649297483537
VNS-9,L,middle,5-19,random-small,0.008539488186423881
VNS-9,L,middle,5-19,random-medium,0.004001148477803814
VNS-9,L,middle,5-19,random-large,0.008437607090924247
VNS-9,L,middle,5-19,related-small,0.0078911539423353
VNS-9,L,middle,5-19,related-medium,0.003973362724485732
VNS-9,L,middle,5-19,related-large,0.008493178597560411
VNS-9,L,middle,5-19,worst-small,0.003982624642258426
VNS-9,L,middle,5-19,worst-medium,0.00841908325537886
VNS-9,L,middle,5-19,worst-large,0.008493178597560411
VNS-9,L,middle,20+,random-small,0.027276347840583873
VNS-9,L,middle,20+,random-medium,0.02803582509794478
VNS-9,L,middle,20+,random-large,0.027443062360492362
VNS-9,L,middle,20+,related-small,0.025757393325862053
VNS-9,L,middle,20+,related-medium,0.02775796756476396
VNS-9,L,middle,20+,related-large,0.02746158619603775
VNS-9,L,middle,20+,worst-small,0.027998777426854006
VNS-9,L,middle,20+,worst-medium,0.027415276607174282
VNS-9,L,middle,20+,worst-large,0.027267085922811178
VNS-9,L,late,0-4,random-small,0.0031675758782613527
VNS-9,L,late,0-4,random-medium,0.002871194509535144
VNS-9,L,late,0-4,related-small,0.0030101232761255547
VNS-9,L,late,0-4,related-medium,0.0028341468384443682
VNS-9,L,late,0-4,worst-small,0.002871194509535144
VNS-9,L,late,5-19,random-small,0.005251507377117506
VNS-9,L,late,5-19,random-medium,0.002528503551945466
VNS-9,L,late,5-19,random-large,0.0052607692948902
VNS-9,L,late,5-19,related-small,0.005019959432800156
VNS-9,L,late,5-19,related-medium,0.002500717798627384
VNS-9,L,late,5-19,related-large,0.005251507377117506
VNS-9,L,late,5-19,worst-small,0.002528503551945466
VNS-9,L,late,5-19,worst-medium,0.005270031212662894
VNS-9,L,late,5-19,worst-large,0.005251507377117506
VNS-9,L,late,20+,random-small,0.031092257962933804
VNS-9,L,late,20+,random-medium,0.03158313960488659
VNS-9,L,late,20+,random-large,0.031129305634024582
VNS-9,L,late,20+,related-small,0.030193851938982486
VNS-9,L,late,20+,related-medium,0.0314164250849781
VNS-9,L,late,20+,related-large,0.0311015198807065
VNS-9,L,late,20+,worst-small,0.03160166344043198
VNS-9,L,late,20+,worst-medium,0.031221924811751522
VNS-9,L,late,20+,worst-large,0.031147829469569968
VNS-9,XL,early,0-4,random-small,0.010679098062553726
VNS-9,XL,early,0-4,random-medium,0.007934933544931562
VNS-9,XL,early,0-4,related-small,0.009235380987017566
VNS-9,XL,early,0-4,related-medium,0.007890850580793052
VNS-9,XL,early,0-4,worst-small,0.007956975027000816
VNS-9,XL,early,5-19,random-small,0.012982432938790804
VNS-9,XL,early,5-19,random-medium,0.005840992748352399
VNS-9,XL,early,5-19,random-large,0.01323590998258723
VNS-9,XL,early,5-19,related-small,0.011538715863254645
VNS-9,XL,early,5-19,related-medium,0.00579690978421389
VNS-9,XL,early,5-19,related-large,0.01323590998258723
VNS-9,XL,early,5-19,worst-small,0.005852013489387026
VNS-9,XL,early,5-19,worst-medium,0.013246930723621856
VNS-9,XL,early,5-19,worst-large,0.013004474420860059
VNS-9,XL,early,20+,random-small,0.020487557583371906
VNS-9,XL,early,20+,random-medium,0.021424320571315214
VNS-9,XL,early,20+,random-large,0.02078511759130684
VNS-9,XL,early,20+,related-small,0.01875730124093544
VNS-9,XL,early,20+,related-medium,0.0213361546430382
VNS-9,XL,early,20+,related-large,0.02070797240406445
VNS-9,XL,early,20+,worst-small,0.02144636205338447
VNS-9,XL,early,20+,worst-medium,0.020862262778549228
VNS-9,XL,early,20+,worst-large,0.020498578324406533
VNS-9,XL,middle,0-4,random-small,0.004364213449712359
VNS-9,XL,middle,0-4,random-medium,0.0038903215852233906
VNS-9,XL,middle,0-4,related-small,0.004110736405915934
VNS-9,XL,middle,0-4,related-medium,0.0039013423262580175
VNS-9,XL,middle,0-4,worst-small,0.003879300844188763
VNS-9,XL,middle,5-19,random-small,0.007405937975269457
VNS-9,XL,middle,5-19,random-medium,0.0035045956490114393
VNS-9,XL,middle,5-19,random-large,0.007405937975269457
VNS-9,XL,middle,5-19,related-small,0.007064295003196015
VNS-9,XL,middle,5-19,related-medium,0.0035156163900460667
VNS-9,XL,middle,5-19,related-large,0.007405937975269457
VNS-9,XL,middle,5-19,worst-small,0.0034935749079768124
VNS-9,XL,middle,5-19,worst-medium,0.007405937975269457
VNS-9,XL,middle,5-19,worst-large,0.00739491723423483
VNS-9,XL,middle,20+,random-small,0.02922700522383125
VNS-9,XL,middle,20+,random-medium,0.029414357821419913
VNS-9,XL,middle,20+,random-large,0.029282108929004385
VNS-9,XL,middle,20+,related-small,0.02764001851484494
VNS-9,XL,middle,20+,related-medium,0.029392316339350657
VNS-9,XL,middle,20+,related-large,0.029326191893142894
VNS-9,XL,middle,20+,worst-small,0.029403337080385283
VNS-9,XL,middle,20+,worst-medium,0.02923802596486588
VNS-9,XL,middle,20+,worst-large,0.029249046705900505
VNS-9,XL,late,0-4,random-small,0.002931517115210827
VNS-9,XL,late,0-4,random-medium,0.002667019330379775
VNS-9,XL,late,0-4,related-small,0.0027772267407260463
VNS-9,XL,late,0-4,related-medium,0.0026449778483105205
VNS-9,XL,late,0-4,worst-small,0.0026780400714144018
VNS-9,XL,late,5-19,random-small,0.004959333465582225
VNS-9,XL,late,5-19,random-medium,0.0023804800634794686
VNS-9,XL,late,5-19,random-large,0.0049923956886861074
VNS-9,XL,late,5-19,related-small,0.00474993938592431
VNS-9,XL,late,5-19,related-medium,0.002369459322444841
VNS-9,XL,late,5-19,related-large,0.00498137494765148
VNS-9,XL,late,5-19,worst-small,0.0023804800634794686
VNS-9,XL,late,5-19,worst-medium,0.0049923956886861074
VNS-9,XL,late,5-19,worst-large,0.004970354206616853
VNS-9,XL,late,20+,random-small,0.032092397892834315
VNS-9,XL,late,20+,random-medium,0.03213648085697282
VNS-9,XL,late,20+,random-large,0.0321254601159382
VNS-9,XL,late,20+,related-small,0.030913178602129207
VNS-9,XL,late,20+,related-medium,0.03213648085697282
VNS-9,XL,late,20+,related-large,0.03207035641076506
VNS-9,XL,late,20+,worst-small,0.03214750159800745
VNS-9,XL,late,20+,worst-medium,0.03214750159800745
VNS-9,XL,late,20+,worst-large,0.03210341863386894
Marginal-9,M,early,0-4,random-small,0.002403017654042048
Marginal-9,M,early,0-4,random-medium,0.001984962789925835
Marginal-9,M,early,0-4,random-large,0.0029423403413370098
Marginal-9,M,early,0-4,related-small,0.0032614661918074013
Marginal-9,M,early,0-4,related-medium,0.002843411327691188
Marginal-9,M,early,0-4,related-large,0.003038078096478127
Marginal-9,M,early,0-4,worst-small,0.0019275201368411648
Marginal-9,M,early,0-4,worst-medium,0.002517902960211389
Marginal-9,M,early,0-4,worst-large,0.0025210942187160927
Marginal-9,M,early,5-19,random-small,0.0048379478931311354
Marginal-9,M,early,5-19,random-medium,0.0036859035729330217
Marginal-9,M,early,5-19,random-large,0.0058846806826740195
Marginal-9,M,early,5-19,related-small,0.006245292893705561
Marginal-9,M,early,5-19,related-medium,0.005217707655190901
Marginal-9,M,early,5-19,related-large,0.0054857733695860295
Marginal-9,M,early,5-19,worst-small,0.0034433679265755243
Marginal-9,M,early,5-19,worst-medium,0.004343302824902028
Marginal-9,M,early,5-19,worst-large,0.004387980443967883
Marginal-9,M,early,20+,random-small,0.029528714944025324
Marginal-9,M,early,20+,random-medium,0.021540994906751428
Marginal-9,M,early,20+,random-large,0.03554742848389691
Marginal-9,M,early,20+,related-small,0.039335452328980454
Marginal-9,M,early,20+,related-medium,0.0308116008629163
Marginal-9,M,early,20+,related-large,0.0314658088563806
Marginal-9,M,early,20+,worst-small,0.020312360382440418
Marginal-9,M,early,20+,worst-medium,0.0274703532084913
Marginal-9,M,early,20+,worst-large,0.028657501372241156
Marginal-9,M,middle,0-4,random-small,0.0004340111566397324
Marginal-9,M,middle,0-4,random-medium,0.000338273401498615
Marginal-9,M,middle,0-4,random-large,0.0005137926192573303
Marginal-9,M,middle,0-4,related-small,0.0005265576532761459
Marginal-9,M,middle,0-4,related-medium,0.0004244373811256207
Marginal-9,M,middle,0-4,related-large,0.0004052898300973972
Marginal-9,M,middle,0-4,worst-small,0.0003606122110315424
Marginal-9,M,middle,0-4,worst-medium,0.0003318908844892072
Marginal-9,M,middle,0-4,worst-large,0.0004276286396303246
Marginal-9,M,middle,5-19,random-small,0.0010212027215052528
Marginal-9,M,middle,5-19,random-medium,0.0007690932996336435
Marginal-9,M,middle,5-19,random-large,0.001273312143376862
Marginal-9,M,middle,5-19,related-small,0.0015318040822578792
Marginal-9,M,middle,5-19,related-medium,0.0012158694902921917
Marginal-9,M,middle,5-19,related-large,0.001244590816834527
Marginal-9,M,middle,5-19,worst-small,0.0007818583336524591
Marginal-9,M,middle,5-19,worst-medium,0.0010307764970193646
Marginal-9,M,middle,5-19,worst-large,0.0011009841841228506
Marginal-9,M,middle,20+,random-small,0.03522511137492181
Marginal-9,M,middle,20+,random-medium,0.0256768659288477
Marginal-9,M,middle,20+,random-large,0.04250756328265615
Marginal-9,M,middle,20+,related-small,0.04778590484943642
Marginal-9,M,middle,20+,related-medium,0.03795363739644366
Marginal-9,M,middle,20+,related-large,0.03907057787309003
Marginal-9,M,middle,20+,worst-small,0.025297106166787934
Marginal-9,M,middle,20+,worst-medium,0.03263061821059753
Marginal-9,M,middle,20+,worst-large,0.03456771212295281
Marginal-9,M,late,0-4,random-small,0.00019785802729164274
Marginal-9,M,late,0-4,random-medium,0.00013722411570226835
Marginal-9,M,late,0-4,random-large,0.0002840220069186484
Marginal-9,M,late,0-4,related-small,0.0003318908844892072
Marginal-9,M,late,0-4,related-medium,0.0002361531293480897
Marginal-9,M,late,0-4,related-large,0.0003031695579468719
Marginal-9,M,late,0-4,worst-small,0.0001276503401881566
Marginal-9,M,late,0-4,worst-medium,0.00017871047626341925
Marginal-9,M,late,0-4,worst-large,0.0002712569728998328
Marginal-9,M,late,5-19,random-small,0.0005935740818749282
Marginal-9,M,late,5-19,random-medium,0.0004723062586961794
Marginal-9,M,late,5-19,random-large,0.0008520660207559453
Marginal-9,M,late,5-19,related-small,0.0007403719730913082
Marginal-9,M,late,5-19,related-medium,0.0007371807145866043
Marginal-9,M,late,5-19,related-large,0.0006861205785113417
Marginal-9,M,late,5-19,worst-small,0.0004403936736491403
Marginal-9,M,late,5-19,worst-medium,0.0004723062586961794
Marginal-9,M,late,5-19,worst-large,0.0006733555444925261
Marginal-9,M,late,20+,random-small,0.03531765787155823
Marginal-9,M,late,20+,random-medium,0.02642681167745312
Marginal-9,M,late,20+,random-large,0.042721377602471314
Marginal-9,M,late,20+,related-small,0.04889327155056868
Marginal-9,M,late,20+,related-medium,0.03898441389346303
Marginal-9,M,late,20+,related-large,0.039584370492347365
Marginal-9,M,late,20+,worst-small,0.025919401575205198
Marginal-9,M,late,20+,worst-medium,0.03303909929919963
Marginal-9,M,late,20+,worst-large,0.03528893654501589
DRL-VNS,XL,early,0-4,random-small,0.007195314466128257
DRL-VNS,XL,early,0-4,random-medium,0.0011210505845478049
DRL-VNS,XL,early,0-4,random-large,0.003534741128829303
DRL-VNS,XL,early,0-4,related-small,0.01654121576791965
DRL-VNS,XL,early,0-4,related-medium,0.007961747008625225
DRL-VNS,XL,early,0-4,related-large,0.007595689674895331
DRL-VNS,XL,early,0-4,worst-small,0.001670136585142648
DRL-VNS,XL,early,0-4,worst-medium,0.0036262554622617767
DRL-VNS,XL,early,0-4,worst-large,0.001269761376375575
DRL-VNS,XL,early,5-19,random-small,0.013532682056327072
DRL-VNS,XL,early,5-19,random-medium,0.004015191379349791
DRL-VNS,XL,early,5-19,random-large,0.008018943467020522
DRL-VNS,XL,early,5-19,related-small,0.02325607998352742
DRL-VNS,XL,early,5-19,related-medium,0.014516461140726166
DRL-VNS,XL,early,5-19,related-large,0.014722368390949233
DRL-VNS,XL,early,5-19,worst-small,0.003672012628978014
DRL-VNS,XL,early,5-19,worst-medium,0.007378343132993205
DRL-VNS,XL,early,5-19,worst-large,0.003191562378457526
DRL-VNS,XL,early,20+,random-small,0.02266123681621634
DRL-VNS,XL,early,20+,random-medium,0.01206845272140749
DRL-VNS,XL,early,20+,random-large,0.018760438353657143
DRL-VNS,XL,early,20+,related-small,0.028838454322908325
DRL-VNS,XL,early,20+,related-medium,0.02968496190715871
DRL-VNS,XL,early,20+,related-large,0.021231325356333937
DRL-VNS,XL,early,20+,worst-small,0.008247729300601707
DRL-VNS,XL,early,20+,worst-medium,0.016003569059003867
DRL-VNS,XL,early,20+,worst-large,0.01193118122125878
DRL-VNS,XL,middle,0-4,random-small,0.003843602004163902
DRL-VNS,XL,middle,0-4,random-medium,0.0018417259603285365
DRL-VNS,XL,middle,0-4,random-large,0.002814065753048571
DRL-VNS,XL,middle,0-4,related-small,0.004575716671623693
DRL-VNS,XL,middle,0-4,related-medium,0.0027911871696904528
DRL-VNS,XL,middle,0-4,related-large,0.002848383628085749
DRL-VNS,XL,middle,0-4,worst-small,0.001727333043537944
DRL-VNS,XL,middle,0-4,worst-medium,0.002116268960625958
DRL-VNS,XL,middle,0-4,worst-large,0.0012125649179802786
DRL-VNS,XL,middle,5-19,random-small,0.008385000800750417
DRL-VNS,XL,middle,5-19,random-medium,0.0048731382552792335
DRL-VNS,XL,middle,5-19,random-large,0.006394564048594111
DRL-VNS,XL,middle,5-19,related-small,0.009723397927200348
DRL-VNS,XL,middle,5-19,related-medium,0.008053261342057699
DRL-VNS,XL,middle,5-19,related-large,0.006955089340868014
DRL-VNS,XL,middle,5-19,worst-small,0.004518520213228397
DRL-VNS,XL,middle,5-19,worst-medium,0.006531835548742822
DRL-VNS,XL,middle,5-19,worst-large,0.004438445171474982
DRL-VNS,XL,middle,20+,random-small,0.03101191974192958
DRL-VNS,XL,middle,20+,random-medium,0.022867144066439405
DRL-VNS,XL,middle,20+,random-large,0.030943283991855225
DRL-VNS,XL,middle,20+,related-small,0.038367384291564666
DRL-VNS,XL,middle,20+,related-medium,0.0333912924111739
DRL-VNS,XL,middle,20+,related-large,0.027797478780113936
DRL-VNS,XL,middle,20+,worst-small,0.019023542062275505
DRL-VNS,XL,middle,20+,worst-medium,0.02493765586034913
DRL-VNS,XL,middle,20+,worst-large,0.025829920611315747
DRL-VNS,XL,late,0-4,random-small,0.0020247546271934844
DRL-VNS,XL,late,0-4,random-medium,0.001326957834770871
DRL-VNS,XL,late,0-4,random-large,0.001876043835365714
DRL-VNS,XL,late,0-4,related-small,0.0028255050447276303
DRL-VNS,XL,late,0-4,related-medium,0.002070511793909721
DRL-VNS,XL,late,0-4,related-large,0.0013498364181289894
DRL-VNS,XL,late,0-4,worst-small,0.001269761376375575
DRL-VNS,XL,late,0-4,worst-medium,0.0014642293349195817
DRL-VNS,XL,late,0-4,worst-large,0.000983779084399094
DRL-VNS,XL,late,5-19,random-small,0.004953213297032647
DRL-VNS,XL,late,5-19,random-medium,0.0035004232537921252
DRL-VNS,XL,late,5-19,random-large,0.004632913130018989
DRL-VNS,XL,late,5-19,related-small,0.0070351643826214285
DRL-VNS,XL,late,5-19,related-medium,0.004678670296735226
DRL-VNS,XL,late,5-19,related-large,0.004243977212930975
DRL-VNS,XL,late,5-19,worst-small,0.003786405545768606
DRL-VNS,XL,late,5-19,worst-medium,0.0040952664211032054
DRL-VNS,XL,late,5-19,worst-large,0.0036262554622617767
DRL-VNS,XL,late,20+,random-small,0.03562195428859045
DRL-VNS,XL,late,20+,random-medium,0.02761445011324899
DRL-VNS,XL,late,20+,random-large,0.03730353016541216
DRL-VNS,XL,late,20+,related-small,0.04325196183852296
DRL-VNS,XL,late,20+,related-medium,0.03305955295248118
DRL-VNS,XL,late,20+,related-large,0.030462833741334735
DRL-VNS,XL,late,20+,worst-small,0.026001509986501636
DRL-VNS,XL,late,20+,worst-medium,0.028689743531080555
DRL-VNS,XL,late,20+,worst-large,0.03219016678487268
Fixed-small,S,early,0-4,random-small,0.001208805045845305
Fixed-small,S,early,0-4,related-small,0.0011790428003983563
Fixed-small,S,early,0-4,worst-small,0.001272908343731041
Fixed-small,S,early,5-19,random-small,0.0021875250403507367
Fixed-small,S,early,5-19,related-small,0.0021085406197415262
Fixed-small,S,early,5-19,worst-small,0.0021566180931558284
Fixed-small,S,early,20+,random-small,0.10775878844766996
Fixed-small,S,early,20+,related-small,0.10741423322153414
Fixed-small,S,early,20+,worst-small,0.10736501104637186
Fixed-small,S,middle,0-4,random-small,2.7472841951029658e-05
Fixed-small,S,middle,0-4,related-small,2.9762245446948797e-05
Fixed-small,S,middle,0-4,worst-small,1.8315227967353108e-05
Fixed-small,S,middle,5-19,random-small,5.837978914593803e-05
Fixed-small,S,middle,5-19,related-small,6.753740312961458e-05
Fixed-small,S,middle,5-19,worst-small,6.524799963369543e-05
Fixed-small,S,middle,20+,random-small,0.11117572316532927
Fixed-small,S,middle,20+,related-small,0.11192435810849483
Fixed-small,S,middle,20+,worst-small,0.11111619867443538
Fixed-small,S,late,0-4,random-small,3.4341052438787073e-06
Fixed-small,S,late,0-4,related-small,2.2894034959191385e-06
Fixed-small,S,late,5-19,random-small,9.157613983676554e-06
Fixed-small,S,late,5-19,related-small,8.012912235716984e-06
Fixed-small,S,late,20+,random-small,0.1110646870957772
Fixed-small,S,late,20+,related-small,0.11174463993406518
Fixed-small,S,late,20+,worst-small,0.11003331082086562
Roulette-9,M,early,0-4,random-small,0.002940466855660776
Roulette-9,M,early,0-4,random-medium,0.0028741178599433017
Roulette-9,M,early,0-4,random-large,0.0026268170577236263
Roulette-9,M,early,0-4,related-small,0.0027142770975330235
Roulette-9,M,early,0-4,related-medium,0.002868086133059895
Roulette-9,M,early,0-4,related-large,0.0026569756921406597
Roulette-9,M,early,0-4,worst-small,0.0024699921587550515
Roulette-9,M,early,0-4,worst-medium,0.0025936425598648894
Roulette-9,M,early,0-4,worst-large,0.0024941190662886785
Roulette-9,M,early,5-19,random-small,0.0055491887327341815
Roulette-9,M,early,5-19,random-medium,0.005262681705772362
Roulette-9,M,early,5-19,random-large,0.004590144158272513
Roulette-9,M,early,5-19,related-small,0.005093793353036975
Roulette-9,M,early,5-19,related-medium,0.005500934917666928
Roulette-9,M,early,5-19,related-large,0.005078714035828458
Roulette-9,M,early,5-19,worst-small,0.004330779902286024
Roulette-9,M,early,5-19,worst-medium,0.004297605404427287
Roulette-9,M,early,5-19,worst-large,0.004345859219494541
Roulette-9,M,early,20+,random-small,0.03423909765365824
Roulette-9,M,early,20+,random-medium,0.033334338621147236
Roulette-9,M,early,20+,random-large,0.02683213704083479
Roulette-9,M,early,20+,related-small,0.030363713131069427
Roulette-9,M,early,20+,related-medium,0.03283068942638277
Roulette-9,M,early,20+,related-large,0.029742445262078532
Roulette-9,M,early,20+,worst-small,0.02442547801435551
Roulette-9,M,early,20+,worst-medium,0.02383436877978165
Roulette-9,M,early,20+,worst-large,0.02403944749381748
Roulette-9,M,middle,0-4,random-small,0.0004041257011882502
Roulette-9,M,middle,0-4,random-medium,0.00038301465709632667
Roulette-9,M,middle,0-4,random-large,0.0003890463839797334
Roulette-9,M,middle,0-4,related-small,0.0003588877495626998
Roulette-9,M,middle,0-4,related-medium,0.0003950781108631401
Roulette-9,M,middle,0-4,related-large,0.0003588877495626998
Roulette-9,M,middle,0-4,worst-small,0.0002080945774775318
Roulette-9,M,middle,0-4,worst-medium,0.00018999939682731165
Roulette-9,M,middle,0-4,worst-large,0.00022618975812775197
Roulette-9,M,middle,5-19,random-small,0.001064599794921286
Roulette-9,M,middle,5-19,random-medium,0.0009831714819952952
Roulette-9,M,middle,5-19,random-large,0.000847457627118644
Roulette-9,M,middle,5-19,related-small,0.000998250799203812
Roulette-9,M,middle,5-19,related-medium,0.0011279329271970564
Roulette-9,M,middle,5-19,related-large,0.0008776162615356777
Roulette-9,M,middle,5-19,worst-small,0.0005911092345738585
Roulette-9,M,middle,5-19,worst-medium,0.0005549188732734182
Roulette-9,M,middle,5-19,worst-large,0.0006906327281500694
Roulette-9,M,middle,20+,random-small,0.04587731467519151
Roulette-9,M,middle,20+,random-medium,0.04550334760842029
Roulette-9,M,middle,20+,random-large,0.03417576452138247
Roulette-9,M,middle,20+,related-small,0.037080041015742804
Roulette-9,M,middle,20+,related-medium,0.04268049942698594
Roulette-9,M,middle,20+,related-large,0.0376108329814826
Roulette-9,M,middle,20+,worst-small,0.027613245672235963
Roulette-9,M,middle,20+,worst-medium,0.0275589601302853
Roulette-9,M,middle,20+,worst-large,0.027501658724892936
Roulette-9,M,late,0-4,random-small,0.0002503166656613789
Roulette-9,M,late,0-4,random-medium,0.00025936425598648894
Roulette-9,M,late,0-4,random-large,0.00019603112371071837
Roulette-9,M,late,0-4,related-small,0.0002080945774775318
Roulette-9,M,late,0-4,related-medium,0.00019603112371071837
Roulette-9,M,late,0-4,related-large,0.00021111044091923518
Roulette-9,M,late,0-4,worst-small,0.00011158694734302431
Roulette-9,M,late,0-4,worst-medium,0.00010555522045961759
Roulette-9,M,late,0-4,worst-large,0.00012365040110983775
Roulette-9,M,late,5-19,random-small,0.0006393630496411123
Roulette-9,M,late,5-19,random-medium,0.0006996803184751794
Roulette-9,M,late,5-19,random-large,0.0005307919657397913
Roulette-9,M,late,5-19,related-small,0.0005338078291814947
Roulette-9,M,late,5-19,related-medium,0.000494601604439351
Roulette-9,M,late,5-19,related-large,0.0005579347367151216
Roulette-9,M,late,5-19,worst-small,0.0002533325291030822
Roulette-9,M,late,5-19,worst-medium,0.0002925387538452259
Roulette-9,M,late,5-19,worst-large,0.00032571325170396284
Roulette-9,M,late,20+,random-small,0.04435731950057301
Roulette-9,M,late,20+,random-medium,0.046019060256951565
Roulette-9,M,late,20+,random-large,0.035867663912178056
Roulette-9,M,late,20+,related-small,0.037640991615899635
Roulette-9,M,late,20+,related-medium,0.04294287954641414
Roulette-9,M,late,20+,related-large,0.038036069726762774
Roulette-9,M,late,20+,worst-small,0.028011339646540803
Roulette-9,M,late,20+,worst-medium,0.028469750889679714
Roulette-9,M,late,20+,worst-large,0.02848483020688823
DRL-VNS,S,early,0-4,random-small,0.0011522515417971319
DRL-VNS,S,early,0-4,random-medium,0.00016702361798527233
DRL-VNS,S,early,0-4,random-large,0.00047570017780615534
DRL-VNS,S,early,0-4,related-small,0.001820346013738221
DRL-VNS,S,early,0-4,related-medium,0.0014545854325805994
DRL-VNS,S,early,0-4,related-large,0.0018097748986758621
DRL-VNS,S,early,0-4,worst-small,0.0002621636535465034
DRL-VNS,S,early,0-4,worst-medium,0.0004609006167188527
DRL-VNS,S,early,0-4,worst-large,0.00019239429413493394
DRL-VNS,S,early,5-19,random-small,0.0018626304739876572
DRL-VNS,S,early,5-19,random-medium,0.0005518122062551402
DRL-VNS,S,early,5-19,random-large,0.0012177924551837577
DRL-VNS,S,early,5-19,related-small,0.002970483332522881
DRL-VNS,S,early,5-19,related-medium,0.0025624382911158235
DRL-VNS,S,early,5-19,related-large,0.0031797914107575894
DRL-VNS,S,early,5-19,worst-small,0.0006173531196417661
DRL-VNS,S,early,5-19,worst-medium,0.0010676826212982597
DRL-VNS,S,early,5-19,worst-large,0.0006850082560408637
DRL-VNS,S,early,20+,random-small,0.03438783729785385
DRL-VNS,S,early,20+,random-medium,0.027019770099389624
DRL-VNS,S,early,20+,random-large,0.03959939702359684
DRL-VNS,S,early,20+,related-small,0.04464604735436703
DRL-VNS,S,early,20+,related-medium,0.044233773866935035
DRL-VNS,S,early,20+,related-large,0.039062384378429
DRL-VNS,S,early,20+,worst-small,0.020892751809246345
DRL-VNS,S,early,20+,worst-medium,0.03132221392976974
DRL-VNS,S,early,20+,worst-large,0.030353899790057655
DRL-VNS,S,middle,0-4,random-small,2.9599122174605223e-05
DRL-VNS,S,middle,0-4,random-medium,3.171334518707702e-05
DRL-VNS,S,middle,0-4,random-large,3.805601422449243e-05
DRL-VNS,S,middle,0-4,related-small,6.765513639909765e-05
DRL-VNS,S,middle,0-4,related-medium,3.805601422449243e-05
DRL-VNS,S,middle,0-4,related-large,1.9028007112246215e-05
DRL-VNS,S,middle,0-4,worst-small,1.9028007112246215e-05
DRL-VNS,S,middle,0-4,worst-medium,1.0571115062359008e-05
DRL-VNS,S,middle,0-4,worst-large,1.268533807483081e-05
DRL-VNS,S,middle,5-19,random-small,0.00010359692761111828
DRL-VNS,S,middle,5-19,random-medium,4.228446024943603e-05
DRL-VNS,S,middle,5-19,random-large,9.091158953628746e-05
DRL-VNS,S,middle,5-19,related-small,0.00012685338074830809
DRL-VNS,S,middle,5-19,related-medium,9.302581254875927e-05
DRL-VNS,S,middle,5-19,related-large,6.131246736168224e-05
DRL-VNS,S,middle,5-19,worst-small,7.188358242404125e-05
DRL-VNS,S,middle,5-19,worst-medium,5.496979832426684e-05
DRL-VNS,S,middle,5-19,worst-large,4.6512906274379636e-05
DRL-VNS,S,middle,20+,random-small,0.038237837403565005
DRL-VNS,S,middle,20+,random-medium,0.030802115068701678
DRL-VNS,S,middle,20+,random-large,0.0441386338313738
DRL-VNS,S,middle,20+,related-small,0.04362276341633068
DRL-VNS,S,middle,20+,related-medium,0.03872199447342105
DRL-VNS,S,middle,20+,related-large,0.036047502362644215
DRL-VNS,S,middle,20+,worst-small,0.029838029375014535
DRL-VNS,S,middle,20+,worst-medium,0.033609803229264226
DRL-VNS,S,middle,20+,worst-large,0.03811732669185411
DRL-VNS,S,late,0-4,random-small,1.9028007112246215e-05
DRL-VNS,S,late,0-4,random-medium,1.4799561087302612e-05
DRL-VNS,S,late,0-4,random-large,2.1142230124718016e-05
DRL-VNS,S,late,0-4,related-small,2.9599122174605223e-05
DRL-VNS,S,late,0-4,related-medium,1.9028007112246215e-05
DRL-VNS,S,late,0-4,related-large,1.4799561087302612e-05
DRL-VNS,S,late,0-4,worst-small,2.748489916213342e-05
DRL-VNS,S,late,0-4,worst-medium,2.9599122174605223e-05
DRL-VNS,S,late,0-4,worst-large,1.0571115062359008e-05
DRL-VNS,S,late,5-19,random-small,7.188358242404125e-05
DRL-VNS,S,late,5-19,random-medium,4.228446024943603e-05
DRL-VNS,S,late,5-19,random-large,4.228446024943603e-05
DRL-VNS,S,late,5-19,related-small,6.976935941156945e-05
DRL-VNS,S,late,5-19,related-medium,3.805601422449243e-05
DRL-VNS,S,late,5-19,related-large,2.9599122174605223e-05
DRL-VNS,S,late,5-19,worst-small,5.9198244349210446e-05
DRL-VNS,S,late,5-19,worst-medium,4.228446024943603e-05
DRL-VNS,S,late,5-19,worst-large,2.9599122174605223e-05
DRL-VNS,S,late,20+,random-small,0.038745250926558235
DRL-VNS,S,late,20+,random-medium,0.030986052470786722
DRL-VNS,S,late,20+,random-large,0.04482787053343961
DRL-VNS,S,late,20+,related-small,0.04316609124563677
DRL-VNS,S,late,20+,related-medium,0.033370896028854916
DRL-VNS,S,late,20+,related-large,0.03588893563670883
DRL-VNS,S,late,20+,worst-small,0.03184019856782533
DRL-VNS,S,late,20+,worst-medium,0.03391002289703522
DRL-VNS,S,late,20+,worst-large,0.038531714402298585
