method,mean_Z,median_Z,sd_Z,best_Z,cw,impr_pct
ALNS+,419.317,419.549,2.707,416.312,711.029,41.027
DRL-ALNS,418.333,417.833,2.143,416.312,711.029,41.165
DRL-VNS,418.669,418.697,2.251,416.312,711.029,41.118
Fixed-small,423.979,424.524,3.676,418.932,711.029,40.371
Marginal-9,420.117,420.125,3.171,416.312,711.029,40.914
Random-9,420.557,420.579,3.456,416.312,711.029,40.852
Roulette-9,419.672,420.234,2.608,416.312,711.029,40.977
VNS,420.359,420.841,2.489,416.312,711.029,40.88
VNS-9,421.658,421.159,2.738,416.312,711.029,40.698
