instance,n,method,mean_Z,best_Z,sd_Z,MILP_Z,MILP_LB,proven,mean_gap_pct,best_gap_pct
CSDVRP-S-n10-s1,10,ALNS+,394.7924,394.7924,0.0,394.7924390662699,394.7924390662699,True,-9.895394649480856e-06,-9.895394649480856e-06
CSDVRP-S-n10-s1,10,DRL-ALNS,394.7924,394.7924,0.0,394.7924390662699,394.7924390662699,True,-9.895394649480856e-06,-9.895394649480856e-06
CSDVRP-S-n10-s1,10,DRL-VNS,398.43055,394.7924,7.670501533254957,394.7924390662699,394.7924390662699,True,0.9215249771081383,-9.895394649480856e-06
CSDVRP-S-n10-s1,10,Fixed-small,394.86172,394.7924,0.14613939160192718,394.7924390662699,394.7924390662699,True,0.017548698220758805,-9.895394649480856e-06
CSDVRP-S-n10-s1,10,Marginal-9,394.7924,394.7924,0.0,394.7924390662699,394.7924390662699,True,-9.895394649480856e-06,-9.895394649480856e-06
CSDVRP-S-n10-s1,10,Random-9,394.7924,394.7924,0.0,394.7924390662699,394.7924390662699,True,-9.895394649480856e-06,-9.895394649480856e-06
CSDVRP-S-n10-s1,10,Roulette-9,394.7924,394.7924,0.0,394.7924390662699,394.7924390662699,True,-9.895394649480856e-06,-9.895394649480856e-06
CSDVRP-S-n10-s1,10,VNS,394.7924,394.7924,0.0,394.7924390662699,394.7924390662699,True,-9.895394649480856e-06,-9.895394649480856e-06
CSDVRP-S-n10-s1,10,VNS-9,396.59099,394.7924,5.68764097680225,394.7924390662699,394.7924390662699,True,0.4555687383435916,-9.895394649480856e-06
CSDVRP-S-n10-s2,10,ALNS+,386.65168000000006,386.2368,1.2501355773586094,385.9971701816812,385.9971701816812,True,0.16956337219021012,0.06208071893532657
CSDVRP-S-n10-s2,10,DRL-ALNS,387.90404,386.2368,2.4444002046400852,385.9971701816812,385.9971701816812,True,0.49401134661719676,0.06208071893532657
CSDVRP-S-n10-s2,10,DRL-VNS,390.60112,386.2368,2.300198606304337,385.9971701816812,385.9971701816812,True,1.1927418577063091,0.06208071893532657
CSDVRP-S-n10-s2,10,Fixed-small,398.30778999999995,391.6922,4.478730691328106,385.9971701816812,385.9971701816812,True,3.189303126891935,1.4754071423990656
CSDVRP-S-n10-s2,10,Marginal-9,391.14666,386.2368,1.7251489547282577,385.9971701816812,385.9971701816812,True,1.3340745000526872,0.06208071893532657
CSDVRP-S-n10-s2,10,Random-9,391.14666,386.2368,1.7251489547282688,385.9971701816812,385.9971701816812,True,1.3340745000526872,0.06208071893532657
CSDVRP-S-n10-s2,10,Roulette-9,389.51004,386.2368,2.8171564462533176,385.9971701816812,385.9971701816812,True,0.9100765730135671,0.06208071893532657
CSDVRP-S-n10-s2,10,VNS,386.2368,386.2368,0.0,385.9971701816812,385.9971701816812,True,0.06208071893532657,0.06208071893532657
CSDVRP-S-n10-s2,10,VNS-9,390.60112,386.2368,2.300198606304347,385.9971701816812,385.9971701816812,True,1.1927418577063091,0.06208071893532657
CSDVRP-S-n10-s3,10,ALNS+,398.35092,398.3226,0.03656096278817972,398.32255111192165,398.32255111192165,True,0.007122089371823608,1.2273489972212174e-05
CSDVRP-S-n10-s3,10,DRL-ALNS,398.36508,398.3226,0.03656096278817539,398.32255111192165,398.32255111192165,True,0.010676997312756441,1.2273489972212174e-05
CSDVRP-S-n10-s3,10,DRL-VNS,398.37924,398.3226,0.029851901111974066,398.32255111192165,398.32255111192165,True,0.014231905253689274,1.2273489972212174e-05
CSDVRP-S-n10-s3,10,Fixed-small,398.38631999999996,398.3226,0.022388925833982942,398.32255111192165,398.32255111192165,True,0.016009359224148558,1.2273489972212174e-05
CSDVRP-S-n10-s3,10,Marginal-9,398.36508,398.3226,0.03656096278817233,398.32255111192165,398.32255111192165,True,0.010676997312756441,1.2273489972212174e-05
CSDVRP-S-n10-s3,10,Random-9,398.38631999999996,398.3226,0.0223889258339792,398.32255111192165,398.32255111192165,True,0.016009359224148558,1.2273489972212174e-05
CSDVRP-S-n10-s3,10,Roulette-9,398.36508,398.3226,0.036560962788177734,398.32255111192165,398.32255111192165,True,0.010676997312756441,1.2273489972212174e-05
CSDVRP-S-n10-s3,10,VNS,398.3226,398.3226,0.0,398.32255111192165,398.32255111192165,True,1.2273489972212174e-05,1.2273489972212174e-05
CSDVRP-S-n10-s3,10,VNS-9,398.37924,398.3226,0.02985190111197313,398.32255111192165,398.32255111192165,True,0.014231905253689274,1.2273489972212174e-05
CSDVRP-S-n10-s4,10,ALNS+,387.4582,387.4582,0.0,387.4582111620192,387.4582111620192,True,-2.880831767833363e-06,-2.880831767833363e-06
CSDVRP-S-n10-s4,10,DRL-ALNS,387.5536,387.4582,0.15360859350962688,387.4582111620192,387.4582111620192,True,0.024619129297770544,-2.880831767833363e-06
CSDVRP-S-n10-s4,10,DRL-VNS,387.4582,387.4582,0.0,387.4582111620192,387.4582111620192,True,-2.880831767833363e-06,-2.880831767833363e-06
CSDVRP-S-n10-s4,10,Fixed-small,387.48999999999995,387.4582,0.10056042959336306,387.4582111620192,387.4582111620192,True,0.008204455878068513,-2.880831767833363e-06
CSDVRP-S-n10-s4,10,Marginal-9,387.48999999999995,387.4582,0.10056042959336389,387.4582111620192,387.4582111620192,True,0.008204455878068513,-2.880831767833363e-06
CSDVRP-S-n10-s4,10,Random-9,387.48999999999995,387.4582,0.10056042959339392,387.4582111620192,387.4582111620192,True,0.008204455878068513,-2.880831767833363e-06
CSDVRP-S-n10-s4,10,Roulette-9,387.48999999999995,387.4582,0.10056042959336306,387.4582111620192,387.4582111620192,True,0.008204455878068513,-2.880831767833363e-06
CSDVRP-S-n10-s4,10,VNS,387.4582,387.4582,0.0,387.4582111620192,387.4582111620192,True,-2.880831767833363e-06,-2.880831767833363e-06
CSDVRP-S-n10-s4,10,VNS-9,387.5854,387.4582,0.1642144938792199,387.4582111620192,387.4582111620192,True,0.032826466007606886,-2.880831767833363e-06
CSDVRP-S-n10-s5,10,ALNS+,454.5993,454.5993,0.0,454.59926609459626,454.59926609459626,True,7.458305874404008e-06,7.458305874404008e-06
CSDVRP-S-n10-s5,10,DRL-ALNS,454.5993,454.5993,0.0,454.59926609459626,454.59926609459626,True,7.458305874404008e-06,7.458305874404008e-06
CSDVRP-S-n10-s5,10,DRL-VNS,454.5993,454.5993,0.0,454.59926609459626,454.59926609459626,True,7.458305874404008e-06,7.458305874404008e-06
CSDVRP-S-n10-s5,10,Fixed-small,454.5993,454.5993,0.0,454.59926609459626,454.59926609459626,True,7.458305874404008e-06,7.458305874404008e-06
CSDVRP-S-n10-s5,10,Marginal-9,454.5993,454.5993,0.0,454.59926609459626,454.59926609459626,True,7.458305874404008e-06,7.458305874404008e-06
CSDVRP-S-n10-s5,10,Random-9,454.5993,454.5993,0.0,454.59926609459626,454.59926609459626,True,7.458305874404008e-06,7.458305874404008e-06
CSDVRP-S-n10-s5,10,Roulette-9,454.5993,454.5993,0.0,454.59926609459626,454.59926609459626,True,7.458305874404008e-06,7.458305874404008e-06
CSDVRP-S-n10-s5,10,VNS,454.5993,454.5993,0.0,454.59926609459626,454.59926609459626,True,7.458305874404008e-06,7.458305874404008e-06
CSDVRP-S-n10-s5,10,VNS-9,454.5993,454.5993,0.0,454.59926609459626,454.59926609459626,True,7.458305874404008e-06,7.458305874404008e-06
CSDVRP-S-n12-s1,12,ALNS+,513.08565,511.4838,4.95128566406973,511.4837993515945,511.4837993515945,True,0.3131772013964393,1.2676950670241475e-07
CSDVRP-S-n12-s1,12,DRL-ALNS,513.08565,511.4838,4.951285664069704,511.4837993515945,511.4837993515945,True,0.3131772013964393,1.2676950670241475e-07
CSDVRP-S-n12-s1,12,DRL-VNS,518.27323,511.4838,11.883516813548455,511.4837993515945,511.4837993515945,True,1.3273989629803438,1.2676950670241475e-07
CSDVRP-S-n12-s1,12,Fixed-small,537.3172900000001,527.441,10.415009810253027,511.4837993515945,511.4837993515945,True,5.050695775927718,3.119786133722009
CSDVRP-S-n12-s1,12,Marginal-9,518.1748,511.4838,11.943885395837048,511.4837993515945,511.4837993515945,True,1.3081549517086697,1.2676950670241475e-07
CSDVRP-S-n12-s1,12,Random-9,525.72133,511.4838,18.098852390202367,511.4837993515945,511.4837993515945,True,2.7835741164147,1.2676950670241475e-07
CSDVRP-S-n12-s1,12,Roulette-9,523.22918,511.4838,14.282397194122067,511.4837993515945,511.4837993515945,True,2.296334832754257,1.2676950670241475e-07
CSDVRP-S-n12-s1,12,VNS,513.0528400000001,511.4838,4.961740139910601,511.4837993515945,511.4837993515945,True,0.30676253097256273,1.2676950670241475e-07
CSDVRP-S-n12-s1,12,VNS-9,522.06362,511.4838,15.076296712006048,511.4837993515945,511.4837993515945,True,2.068456647467137,1.2676950670241475e-07
CSDVRP-S-n12-s2,12,ALNS+,460.175,460.175,0.0,460.1749819829256,460.1749819829256,True,3.9152659565595485e-06,3.9152659565595485e-06
CSDVRP-S-n12-s2,12,DRL-ALNS,460.175,460.175,0.0,460.1749819829256,460.1749819829256,True,3.9152659565595485e-06,3.9152659565595485e-06
CSDVRP-S-n12-s2,12,DRL-VNS,460.175,460.175,0.0,460.1749819829256,460.1749819829256,True,3.9152659565595485e-06,3.9152659565595485e-06
CSDVRP-S-n12-s2,12,Fixed-small,475.9776,475.9776,0.0,460.1749819829256,460.1749819829256,True,3.434045447012314,3.434045447012314
CSDVRP-S-n12-s2,12,Marginal-9,460.175,460.175,0.0,460.1749819829256,460.1749819829256,True,3.9152659565595485e-06,3.9152659565595485e-06
CSDVRP-S-n12-s2,12,Random-9,460.175,460.175,0.0,460.1749819829256,460.1749819829256,True,3.9152659565595485e-06,3.9152659565595485e-06
CSDVRP-S-n12-s2,12,Roulette-9,460.175,460.175,0.0,460.1749819829256,460.1749819829256,True,3.9152659565595485e-06,3.9152659565595485e-06
CSDVRP-S-n12-s2,12,VNS,460.175,460.175,0.0,460.1749819829256,460.1749819829256,True,3.9152659565595485e-06,3.9152659565595485e-06
CSDVRP-S-n12-s2,12,VNS-9,460.175,460.175,0.0,460.1749819829256,460.1749819829256,True,3.9152659565595485e-06,3.9152659565595485e-06
CSDVRP-S-n12-s3,12,ALNS+,522.4878,522.4878,0.0,522.4877761291334,512.292,False,1.9902321332365063,1.9902321332365063
CSDVRP-S-n12-s3,12,DRL-ALNS,522.48852,522.4878,0.00227683991532092,522.4877761291334,512.292,False,1.9903726780820241,1.9902321332365063
CSDVRP-S-n12-s3,12,DRL-VNS,522.4878,522.4878,0.0,522.4877761291334,512.292,False,1.9902321332365063,1.9902321332365063
CSDVRP-S-n12-s3,12,Fixed-small,522.6637000000001,522.5127,0.19494016175913753,522.4877761291334,512.292,False,2.0245680198012135,1.9950926424773303
CSDVRP-S-n12-s3,12,Marginal-9,522.48852,522.4878,0.00227683991532092,522.4877761291334,512.292,False,1.9903726780820241,1.9902321332365063
CSDVRP-S-n12-s3,12,Random-9,522.4878,522.4878,0.0,522.4877761291334,512.292,False,1.9902321332365063,1.9902321332365063
CSDVRP-S-n12-s3,12,Roulette-9,522.4878,522.4878,0.0,522.4877761291334,512.292,False,1.9902321332365063,1.9902321332365063
CSDVRP-S-n12-s3,12,VNS,522.4878,522.4878,0.0,522.4877761291334,512.292,False,1.9902321332365063,1.9902321332365063
CSDVRP-S-n12-s3,12,VNS-9,522.4878,522.4878,0.0,522.4877761291334,512.292,False,1.9902321332365063,1.9902321332365063
CSDVRP-S-n12-s4,12,ALNS+,487.5063,487.5063,0.0,487.5063005932231,448.826,False,8.618105902955708,8.618105902955708
CSDVRP-S-n12-s4,12,DRL-ALNS,487.52298,487.5063,0.0527467913715951,487.5063005932231,448.826,False,8.621822265198539,8.618105902955708
CSDVRP-S-n12-s4,12,DRL-VNS,487.53966,487.5063,0.07032905516213074,487.5063005932231,448.826,False,8.62553862744137,8.618105902955708
CSDVRP-S-n12-s4,12,Fixed-small,487.6731,487.6731,0.0,487.5063005932231,448.826,False,8.655269525383993,8.655269525383993
CSDVRP-S-n12-s4,12,Marginal-9,487.5063,487.5063,0.0,487.5063005932231,448.826,False,8.618105902955708,8.618105902955708
CSDVRP-S-n12-s4,12,Random-9,487.5063,487.5063,0.0,487.5063005932231,448.826,False,8.618105902955708,8.618105902955708
CSDVRP-S-n12-s4,12,Roulette-9,487.52298,487.5063,0.05274679137159826,487.5063005932231,448.826,False,8.621822265198539,8.618105902955708
CSDVRP-S-n12-s4,12,VNS,487.5063,487.5063,0.0,487.5063005932231,448.826,False,8.618105902955708,8.618105902955708
CSDVRP-S-n12-s4,12,VNS-9,487.5063,487.5063,0.0,487.5063005932231,448.826,False,8.618105902955708,8.618105902955708
CSDVRP-S-n12-s5,12,ALNS+,521.0601,521.0601,0.0,521.0600762639845,521.0600762639845,True,4.555331843520265e-06,4.555331843520265e-06
CSDVRP-S-n12-s5,12,DRL-ALNS,521.0601,521.0601,0.0,521.0600762639845,521.0600762639845,True,4.555331843520265e-06,4.555331843520265e-06
CSDVRP-S-n12-s5,12,DRL-VNS,521.0601,521.0601,0.0,521.0600762639845,521.0600762639845,True,4.555331843520265e-06,4.555331843520265e-06
CSDVRP-S-n12-s5,12,Fixed-small,521.1985,521.1985,0.0,521.0600762639845,521.0600762639845,True,0.026565791992357826,0.026565791992357826
CSDVRP-S-n12-s5,12,Marginal-9,521.0601,521.0601,0.0,521.0600762639845,521.0600762639845,True,4.555331843520265e-06,4.555331843520265e-06
CSDVRP-S-n12-s5,12,Random-9,521.0601,521.0601,0.0,521.0600762639845,521.0600762639845,True,4.555331843520265e-06,4.555331843520265e-06
CSDVRP-S-n12-s5,12,Roulette-9,521.0601,521.0601,0.0,521.0600762639845,521.0600762639845,True,4.555331843520265e-06,4.555331843520265e-06
CSDVRP-S-n12-s5,12,VNS,521.0601,521.0601,0.0,521.0600762639845,521.0600762639845,True,4.555331843520265e-06,4.555331843520265e-06
CSDVRP-S-n12-s5,12,VNS-9,521.0601,521.0601,0.0,521.0600762639845,521.0600762639845,True,4.555331843520265e-06,4.555331843520265e-06
CSDVRP-S-n6-s1,6,ALNS+,341.7876,341.7876,0.0,341.7876411907587,341.7876411907587,True,-1.2051564689692057e-05,-1.2051564689692057e-05
CSDVRP-S-n6-s1,6,DRL-ALNS,341.7876,341.7876,0.0,341.7876411907587,341.7876411907587,True,-1.2051564689692057e-05,-1.2051564689692057e-05
CSDVRP-S-n6-s1,6,DRL-VNS,341.7876,341.7876,0.0,341.7876411907587,341.7876411907587,True,-1.2051564689692057e-05,-1.2051564689692057e-05
CSDVRP-S-n6-s1,6,Fixed-small,341.7876,341.7876,0.0,341.7876411907587,341.7876411907587,True,-1.2051564689692057e-05,-1.2051564689692057e-05
CSDVRP-S-n6-s1,6,Marginal-9,341.7876,341.7876,0.0,341.7876411907587,341.7876411907587,True,-1.2051564689692057e-05,-1.2051564689692057e-05
CSDVRP-S-n6-s1,6,Random-9,341.7876,341.7876,0.0,341.7876411907587,341.7876411907587,True,-1.2051564689692057e-05,-1.2051564689692057e-05
CSDVRP-S-n6-s1,6,Roulette-9,341.7876,341.7876,0.0,341.7876411907587,341.7876411907587,True,-1.2051564689692057e-05,-1.2051564689692057e-05
CSDVRP-S-n6-s1,6,VNS,341.7876,341.7876,0.0,341.7876411907587,341.7876411907587,True,-1.2051564689692057e-05,-1.2051564689692057e-05
CSDVRP-S-n6-s1,6,VNS-9,341.7876,341.7876,0.0,341.7876411907587,341.7876411907587,True,-1.2051564689692057e-05,-1.2051564689692057e-05
CSDVRP-S-n6-s2,6,ALNS+,330.2083,330.2083,0.0,330.2082963310016,330.2082963310016,True,1.1111163686864183e-06,1.1111163686864183e-06
CSDVRP-S-n6-s2,6,DRL-ALNS,330.2083,330.2083,0.0,330.2082963310016,330.2082963310016,True,1.1111163686864183e-06,1.1111163686864183e-06
CSDVRP-S-n6-s2,6,DRL-VNS,330.72931,330.2083,0.18306425374714358,330.2082963310016,330.2082963310016,True,0.1577833369989456,1.1111163686864183e-06
CSDVRP-S-n6-s2,6,Fixed-small,330.72931,330.2083,0.1830642537471419,330.2082963310016,330.2082963310016,True,0.1577833369989456,1.1111163686864183e-06
CSDVRP-S-n6-s2,6,Marginal-9,330.72931,330.2083,0.18306425374713609,330.2082963310016,330.2082963310016,True,0.1577833369989456,1.1111163686864183e-06
CSDVRP-S-n6-s2,6,Random-9,330.72931,330.2083,0.18306425374714178,330.2082963310016,330.2082963310016,True,0.1577833369989456,1.1111163686864183e-06
CSDVRP-S-n6-s2,6,Roulette-9,330.72931,330.2083,0.1830642537471419,330.2082963310016,330.2082963310016,True,0.1577833369989456,1.1111163686864183e-06
CSDVRP-S-n6-s2,6,VNS,330.2083,330.2083,0.0,330.2082963310016,330.2082963310016,True,1.1111163686864183e-06,1.1111163686864183e-06
CSDVRP-S-n6-s2,6,VNS-9,330.72931,330.2083,0.18306425374714302,330.2082963310016,330.2082963310016,True,0.1577833369989456,1.1111163686864183e-06
CSDVRP-S-n6-s3,6,ALNS+,230.27309999999997,230.2731,0.0,230.2730546542709,230.2730546542709,True,1.9692155962976285e-05,1.9692155975318897e-05
CSDVRP-S-n6-s3,6,DRL-ALNS,230.27309999999997,230.2731,0.0,230.2730546542709,230.2730546542709,True,1.9692155962976285e-05,1.9692155975318897e-05
CSDVRP-S-n6-s3,6,DRL-VNS,230.27309999999997,230.2731,0.0,230.2730546542709,230.2730546542709,True,1.9692155962976285e-05,1.9692155975318897e-05
CSDVRP-S-n6-s3,6,Fixed-small,230.27309999999997,230.2731,0.0,230.2730546542709,230.2730546542709,True,1.9692155962976285e-05,1.9692155975318897e-05
CSDVRP-S-n6-s3,6,Marginal-9,230.27309999999997,230.2731,0.0,230.2730546542709,230.2730546542709,True,1.9692155962976285e-05,1.9692155975318897e-05
CSDVRP-S-n6-s3,6,Random-9,230.27309999999997,230.2731,0.0,230.2730546542709,230.2730546542709,True,1.9692155962976285e-05,1.9692155975318897e-05
CSDVRP-S-n6-s3,6,Roulette-9,230.27309999999997,230.2731,0.0,230.2730546542709,230.2730546542709,True,1.9692155962976285e-05,1.9692155975318897e-05
CSDVRP-S-n6-s3,6,VNS,230.27309999999997,230.2731,0.0,230.2730546542709,230.2730546542709,True,1.9692155962976285e-05,1.9692155975318897e-05
CSDVRP-S-n6-s3,6,VNS-9,230.27309999999997,230.2731,0.0,230.2730546542709,230.2730546542709,True,1.9692155962976285e-05,1.9692155975318897e-05
CSDVRP-S-n6-s4,6,ALNS+,307.1905,307.1905,0.0,307.1904519807576,307.1904519807576,True,1.563174964900455e-05,1.563174964900455e-05
CSDVRP-S-n6-s4,6,DRL-ALNS,307.1905,307.1905,0.0,307.1904519807576,307.1904519807576,True,1.563174964900455e-05,1.563174964900455e-05
CSDVRP-S-n6-s4,6,DRL-VNS,307.33714,307.1905,0.07728606601452087,307.1904519807576,307.1904519807576,True,0.04775149041793089,1.563174964900455e-05
CSDVRP-S-n6-s4,6,Fixed-small,307.3738,307.3738,0.0,307.1904519807576,307.1904519807576,True,0.05968545508501524,0.05968545508501524
CSDVRP-S-n6-s4,6,Marginal-9,307.30048,307.1905,0.09465571298132809,307.1904519807576,307.1904519807576,True,0.03581752575086505,1.563174964900455e-05
CSDVRP-S-n6-s4,6,Random-9,307.3738,307.3738,0.0,307.1904519807576,307.1904519807576,True,0.05968545508501524,0.05968545508501524
CSDVRP-S-n6-s4,6,Roulette-9,307.31881000000004,307.1905,0.08854231191923365,307.1904519807576,307.1904519807576,True,0.04178450808441647,1.563174964900455e-05
CSDVRP-S-n6-s4,6,VNS,307.1905,307.1905,0.0,307.1904519807576,307.1904519807576,True,1.563174964900455e-05,1.563174964900455e-05
CSDVRP-S-n6-s4,6,VNS-9,307.33714,307.1905,0.07728606601453657,307.1904519807576,307.1904519807576,True,0.04775149041793089,1.563174964900455e-05
CSDVRP-S-n6-s5,6,ALNS+,347.3173,347.3173,0.0,347.3173244401811,347.3173244401811,True,-7.036844806621546e-06,-7.036844806621546e-06
CSDVRP-S-n6-s5,6,DRL-ALNS,347.3173,347.3173,0.0,347.3173244401811,347.3173244401811,True,-7.036844806621546e-06,-7.036844806621546e-06
CSDVRP-S-n6-s5,6,DRL-VNS,347.3173,347.3173,0.0,347.3173244401811,347.3173244401811,True,-7.036844806621546e-06,-7.036844806621546e-06
CSDVRP-S-n6-s5,6,Fixed-small,347.3173,347.3173,0.0,347.3173244401811,347.3173244401811,True,-7.036844806621546e-06,-7.036844806621546e-06
CSDVRP-S-n6-s5,6,Marginal-9,347.3173,347.3173,0.0,347.3173244401811,347.3173244401811,True,-7.036844806621546e-06,-7.036844806621546e-06
CSDVRP-S-n6-s5,6,Random-9,347.3173,347.3173,0.0,347.3173244401811,347.3173244401811,True,-7.036844806621546e-06,-7.036844806621546e-06
CSDVRP-S-n6-s5,6,Roulette-9,347.3173,347.3173,0.0,347.3173244401811,347.3173244401811,True,-7.036844806621546e-06,-7.036844806621546e-06
CSDVRP-S-n6-s5,6,VNS,347.3173,347.3173,0.0,347.3173244401811,347.3173244401811,True,-7.036844806621546e-06,-7.036844806621546e-06
CSDVRP-S-n6-s5,6,VNS-9,347.3173,347.3173,0.0,347.3173244401811,347.3173244401811,True,-7.036844806621546e-06,-7.036844806621546e-06
CSDVRP-S-n8-s1,8,ALNS+,335.91922,335.8429,0.1228868748077027,335.84291886819966,335.84291886819966,True,0.022719291523987484,-5.618162127180553e-06
CSDVRP-S-n8-s1,8,DRL-ALNS,340.18134,335.8429,9.079540816974774,335.84291886819966,335.84291886819966,True,1.2918006865891116,-5.618162127180553e-06
CSDVRP-S-n8-s1,8,DRL-VNS,335.86834,335.8429,0.08044834367469535,335.84291886819966,335.84291886819966,True,0.007569351733244373,-5.618162127180553e-06
CSDVRP-S-n8-s1,8,Fixed-small,346.65083999999996,335.8429,11.39282155045204,335.84291886819966,335.84291886819966,True,3.2181476888729126,-5.618162127180553e-06
CSDVRP-S-n8-s1,8,Marginal-9,337.9994,335.8429,6.8194517741531095,335.84291886819966,335.84291886819966,True,0.6421100492658065,-5.618162127180553e-06
CSDVRP-S-n8-s1,8,Random-9,335.8429,335.8429,0.0,335.84291886819966,335.84291886819966,True,-5.618162127180553e-06,-5.618162127180553e-06
CSDVRP-S-n8-s1,8,Roulette-9,337.9994,335.8429,6.8194517741531095,335.84291886819966,335.84291886819966,True,0.6421100492658065,-5.618162127180553e-06
CSDVRP-S-n8-s1,8,VNS,335.8429,335.8429,0.0,335.84291886819966,335.84291886819966,True,-5.618162127180553e-06,-5.618162127180553e-06
CSDVRP-S-n8-s1,8,VNS-9,335.8429,335.8429,0.0,335.84291886819966,335.84291886819966,True,-5.618162127180553e-06,-5.618162127180553e-06
CSDVRP-S-n8-s2,8,ALNS+,344.8888,344.8888,0.0,344.8887570589793,344.8887570589793,True,1.2450687305951943e-05,1.2450687305951943e-05
CSDVRP-S-n8-s2,8,DRL-ALNS,344.8888,344.8888,0.0,344.8887570589793,344.8887570589793,True,1.2450687305951943e-05,1.2450687305951943e-05
CSDVRP-S-n8-s2,8,DRL-VNS,344.8888,344.8888,0.0,344.8887570589793,344.8887570589793,True,1.2450687305951943e-05,1.2450687305951943e-05
CSDVRP-S-n8-s2,8,Fixed-small,344.89716,344.8888,0.02643664123900331,344.8887570589793,344.8887570589793,True,0.0024364206860010085,1.2450687305951943e-05
CSDVRP-S-n8-s2,8,Marginal-9,344.8888,344.8888,0.0,344.8887570589793,344.8887570589793,True,1.2450687305951943e-05,1.2450687305951943e-05
CSDVRP-S-n8-s2,8,Random-9,344.8888,344.8888,0.0,344.8887570589793,344.8887570589793,True,1.2450687305951943e-05,1.2450687305951943e-05
CSDVRP-S-n8-s2,8,Roulette-9,344.8888,344.8888,0.0,344.8887570589793,344.8887570589793,True,1.2450687305951943e-05,1.2450687305951943e-05
CSDVRP-S-n8-s2,8,VNS,344.8888,344.8888,0.0,344.8887570589793,344.8887570589793,True,1.2450687305951943e-05,1.2450687305951943e-05
CSDVRP-S-n8-s2,8,VNS-9,344.8888,344.8888,0.0,344.8887570589793,344.8887570589793,True,1.2450687305951943e-05,1.2450687305951943e-05
CSDVRP-S-n8-s3,8,ALNS+,339.8466,339.8466,0.0,339.8466130889953,339.8466130889953,True,-3.851442024191734e-06,-3.851442024191734e-06
CSDVRP-S-n8-s3,8,DRL-ALNS,339.8466,339.8466,0.0,339.8466130889953,339.8466130889953,True,-3.851442024191734e-06,-3.851442024191734e-06
CSDVRP-S-n8-s3,8,DRL-VNS,339.8466,339.8466,0.0,339.8466130889953,339.8466130889953,True,-3.851442024191734e-06,-3.851442024191734e-06
CSDVRP-S-n8-s3,8,Fixed-small,339.8466,339.8466,0.0,339.8466130889953,339.8466130889953,True,-3.851442024191734e-06,-3.851442024191734e-06
CSDVRP-S-n8-s3,8,Marginal-9,339.8466,339.8466,0.0,339.8466130889953,339.8466130889953,True,-3.851442024191734e-06,-3.851442024191734e-06
CSDVRP-S-n8-s3,8,Random-9,339.8466,339.8466,0.0,339.8466130889953,339.8466130889953,True,-3.851442024191734e-06,-3.851442024191734e-06
CSDVRP-S-n8-s3,8,Roulette-9,339.8466,339.8466,0.0,339.8466130889953,339.8466130889953,True,-3.851442024191734e-06,-3.851442024191734e-06
CSDVRP-S-n8-s3,8,VNS,339.8466,339.8466,0.0,339.8466130889953,339.8466130889953,True,-3.851442024191734e-06,-3.851442024191734e-06
CSDVRP-S-n8-s3,8,VNS-9,339.8466,339.8466,0.0,339.8466130889953,339.8466130889953,True,-3.851442024191734e-06,-3.851442024191734e-06
CSDVRP-S-n8-s4,8,ALNS+,359.37358,359.1905,0.3859665293490847,359.19045829360743,359.19045829360743,True,0.05098178477861538,1.1611219504329382e-05
CSDVRP-S-n8-s4,8,DRL-ALNS,359.37358,359.1905,0.38596652934910214,359.19045829360743,359.19045829360743,True,0.05098178477861538,1.1611219504329382e-05
CSDVRP-S-n8-s4,8,DRL-VNS,359.1905,359.1905,0.0,359.19045829360743,359.19045829360743,True,1.1611219504329382e-05,1.1611219504329382e-05
CSDVRP-S-n8-s4,8,Fixed-small,359.1905,359.1905,0.0,359.19045829360743,359.19045829360743,True,1.1611219504329382e-05,1.1611219504329382e-05
CSDVRP-S-n8-s4,8,Marginal-9,359.37358,359.1905,0.3859665293490902,359.19045829360743,359.19045829360743,True,0.05098178477861538,1.1611219504329382e-05
CSDVRP-S-n8-s4,8,Random-9,359.28204,359.1905,0.2894748970118339,359.19045829360743,359.19045829360743,True,0.025496697999059858,1.1611219504329382e-05
CSDVRP-S-n8-s4,8,Roulette-9,359.37358,359.1905,0.38596652934909353,359.19045829360743,359.19045829360743,True,0.05098178477861538,1.1611219504329382e-05
CSDVRP-S-n8-s4,8,VNS,359.1905,359.1905,0.0,359.19045829360743,359.19045829360743,True,1.1611219504329382e-05,1.1611219504329382e-05
CSDVRP-S-n8-s4,8,VNS-9,359.28204,359.1905,0.2894748970118231,359.19045829360743,359.19045829360743,True,0.025496697999059858,1.1611219504329382e-05
CSDVRP-S-n8-s5,8,ALNS+,423.24643,423.2126,0.10697985324349854,423.212565100077,423.212565100077,True,0.008001865425473625,8.246428843291438e-06
CSDVRP-S-n8-s5,8,DRL-ALNS,423.2126,423.2126,0.0,423.212565100077,423.212565100077,True,8.246428843291438e-06,8.246428843291438e-06
CSDVRP-S-n8-s5,8,DRL-VNS,423.2126,423.2126,0.0,423.212565100077,423.212565100077,True,8.246428843291438e-06,8.246428843291438e-06
CSDVRP-S-n8-s5,8,Fixed-small,423.2126,423.2126,0.0,423.212565100077,423.212565100077,True,8.246428843291438e-06,8.246428843291438e-06
CSDVRP-S-n8-s5,8,Marginal-9,423.2126,423.2126,0.0,423.212565100077,423.212565100077,True,8.246428843291438e-06,8.246428843291438e-06
CSDVRP-S-n8-s5,8,Random-9,423.2126,423.2126,0.0,423.212565100077,423.212565100077,True,8.246428843291438e-06,8.246428843291438e-06
CSDVRP-S-n8-s5,8,Roulette-9,423.2126,423.2126,0.0,423.212565100077,423.212565100077,True,8.246428843291438e-06,8.246428843291438e-06
CSDVRP-S-n8-s5,8,VNS,423.2126,423.2126,0.0,423.212565100077,423.212565100077,True,8.246428843291438e-06,8.246428843291438e-06
CSDVRP-S-n8-s5,8,VNS-9,423.2126,423.2126,0.0,423.212565100077,423.212565100077,True,8.246428843291438e-06,8.246428843291438e-06
