instance,n,seed,split_eligible,total_demand,Q,cw_routes,K,status,proven,Z,LB,gap_pct,time_s,vehicles_used,cbc_version,K1_status,K1_Z,K1_time_s,K1_vehicles_used
CSDVRP-S-n6-s2,6,2,2,33.63,15.0,4,5,Optimal,True,330.2082963310016,330.2082963310016,0.0,12.11,3,2.10.3,Optimal,330.2082963310016,12.96,3
CSDVRP-S-n6-s4,6,4,2,33.38,15.0,3,4,Optimal,True,307.1904519807576,307.1904519807576,0.0,26.32,3,2.10.3,Optimal,307.1904519807576,27.1,3
CSDVRP-S-n8-s1,8,1,2,37.16,15.0,4,5,Optimal,True,335.84291886819966,335.84291886819966,0.0,17.48,3,2.10.3,Optimal,335.84291886819966,17.48,3
CSDVRP-S-n8-s3,8,3,2,33.07,15.0,3,4,Optimal,True,339.84661308899535,339.84661308899535,0.0,32.07,3,2.10.3,Optimal,339.84661308899535,46.1,3
CSDVRP-S-n8-s5,8,5,2,35.81,15.0,3,4,Optimal,True,423.212565100077,423.212565100077,0.0,10.66,3,2.10.3,Optimal,423.212565100077,20.38,3
CSDVRP-S-n10-s2,10,2,2,42.49,15.0,5,6,Optimal,True,385.9971701816812,385.9971701816812,0.0,150.39,3,2.10.3,Optimal,385.9971701816812,415.04,3
CSDVRP-S-n10-s4,10,4,2,40.72,15.0,3,4,Optimal,True,387.45821116201915,387.45821116201915,0.0,11.69,3,2.10.3,Optimal,387.45821116201915,16.06,3
CSDVRP-S-n12-s1,12,1,3,55.03,15.0,6,7,TimeLimit,False,512.2068709255946,471.755,8.574762519866152,600.07,4,2.10.3,,,,
CSDVRP-S-n12-s3,12,3,3,56.06,15.0,6,7,TimeLimit,False,542.1121795325215,473.807,14.4162453346028,600.16,5,2.10.3,,,,
CSDVRP-S-n12-s5,12,5,3,49.5,15.0,4,5,TimeLimit,False,521.0600762639845,508.836,2.4023607339072792,600.14,4,2.10.3,,,,
