instance,size_class,n,method,mean_Z,median_Z,sd_Z,min_Z,runs,Z_cw,mean_cpu,mean_iters,cv_pct,impr_pct
CSDVRP-L-n100-s0,L,100,ALNS+,3256.62043,3268.23045,42.10907774459222,3178.7988,10,3458.8862,35.0344,454.0,1.2930299569665298,5.8477139259452935
CSDVRP-L-n100-s0,L,100,DRL-ALNS,3235.38598,3229.3067499999997,51.09741682267964,3170.3937,10,3458.8862,35.0515,437.4,1.5793298585870623,6.461623975949249
CSDVRP-L-n100-s0,L,100,DRL-VNS,3098.91403,3095.17655,27.589393233875914,3056.8321,10,3458.8862,35.039,694.8,0.8902923077822817,10.407170088452174
CSDVRP-L-n100-s0,L,100,DRL-VNS18,3082.86679,3075.55515,24.437167167813488,3050.3047,10,3458.8862,35.026599999999995,658.6,0.7926767139949464,10.871112498584079
CSDVRP-L-n100-s0,L,100,Fixed-dominant,3089.59858,3090.612,21.72640359597295,3045.0637,10,3458.8862,35.023399999999995,702.1,0.703211211210906,10.676489443335836
CSDVRP-L-n100-s0,L,100,Fixed-small,3078.16503,3079.60775,19.49011088538365,3045.3117,10,3458.8862,35.011,1203.9,0.633173033136032,11.00704527370689
CSDVRP-L-n100-s0,L,100,Marginal-18,3105.45309,3087.6478,44.42641730063188,3058.5692,10,3458.8862,35.0376,655.0,1.430593733445572,10.21811905809448
CSDVRP-L-n100-s0,L,100,Marginal-9,3103.98711,3104.60015,24.367983637025393,3076.6979,10,3458.8862,35.032799999999995,623.6,0.7850542793338272,10.26050206566495
CSDVRP-L-n100-s0,L,100,Random-18,3105.24026,3103.5011,19.85926078182279,3070.4984,10,3458.8862,35.0265,592.3,0.6395402326074051,10.22427219490482
CSDVRP-L-n100-s0,L,100,Random-9,3119.15486,3122.8761999999997,37.21865145399265,3058.9244,10,3458.8862,35.0141,611.7,1.1932287149728964,9.821986626793326
CSDVRP-L-n100-s0,L,100,Roulette-18,3095.60271,3079.47645,66.78742415392692,3018.6296,10,3458.8862,35.0376,693.8,2.157493399853204,10.502903796025432
CSDVRP-L-n100-s0,L,100,Roulette-9,3110.4190200000003,3110.496,35.55563277331265,3040.2286,10,3458.8862,35.0187,725.2,1.1431139195294866,10.074548853327398
CSDVRP-L-n100-s0,L,100,VNS,3078.81314,3077.30105,15.223258611976329,3058.8869,10,3458.8862,35.007799999999996,839.7,0.4944521775029298,10.98830773906351
CSDVRP-L-n100-s0,L,100,VNS-18,3097.96572,3097.55275,25.0333746915682,3059.0284,10,3458.8862,35.0453,676.0,0.808058479471109,10.434586717539299
CSDVRP-L-n100-s0,L,100,VNS-9,3098.79223,3097.5623,19.383298381284032,3069.064,10,3458.8862,35.025,651.2,0.6255113909745421,10.410691453219822
CSDVRP-L-n100-s1,L,100,ALNS+,2862.51208,2876.9864,39.70125957836157,2785.1608,10,3146.4881,35.0376,529.5,1.3869377130580205,9.025173812035076
CSDVRP-L-n100-s1,L,100,DRL-ALNS,2811.5357400000003,2806.2665500000003,52.85125921029485,2715.0625,10,3146.4881,35.025,528.6,1.8798003688295581,10.645276554518029
CSDVRP-L-n100-s1,L,100,DRL-VNS,2670.01199,2658.4173499999997,25.918545693402546,2643.4191,10,3146.4881,35.0219,689.5,0.9707276892566518,15.143108597804646
CSDVRP-L-n100-s1,L,100,DRL-VNS18,2674.54514,2675.19455,19.001816489319506,2644.1325,10,3146.4881,35.0171,729.9,0.7104690889352313,14.999038451790103
CSDVRP-L-n100-s1,L,100,Fixed-dominant,2664.60121,2657.12765,20.374639454666873,2644.8283,10,3146.4881,35.018899999999995,760.7,0.7646412295469487,15.31507111055021
CSDVRP-L-n100-s1,L,100,Fixed-small,2686.97927,2687.02465,20.674876886267842,2661.162,10,3146.4881,35.011,1134.3,0.7694468326236042,14.603863590013265
CSDVRP-L-n100-s1,L,100,Marginal-18,2667.59847,2663.52605,28.387751065558376,2632.5827,10,3146.4881,35.025,703.9,1.0641688164395438,15.219813798119883
CSDVRP-L-n100-s1,L,100,Marginal-9,2678.21034,2674.53305,26.871523049139693,2644.8389,10,3146.4881,35.026599999999995,751.5,1.0033387836572871,14.88255302792977
CSDVRP-L-n100-s1,L,100,Random-18,2695.32004,2704.49885,26.763597842060687,2654.4278,10,3146.4881,35.0483,708.5,0.9929654899928204,14.338781703957501
CSDVRP-L-n100-s1,L,100,Random-9,2709.6161899999997,2701.4175,49.16863553170741,2650.0715,10,3146.4881,35.039100000000005,635.7,1.8145977911250748,13.8844291195635
CSDVRP-L-n100-s1,L,100,Roulette-18,2689.89736,2680.5197,47.78317611436043,2638.4676,10,3146.4881,35.0187,740.8,1.7763940299328163,14.511122416131181
CSDVRP-L-n100-s1,L,100,Roulette-9,2686.8289400000003,2683.2055499999997,42.57149018220744,2629.9074,10,3146.4881,35.0329,766.9,1.5844510809165036,14.608641297578709
CSDVRP-L-n100-s1,L,100,VNS,2669.23138,2668.3467499999997,22.847448526588636,2635.0985,10,3146.4881,35.009499999999996,955.8,0.8559560889992472,15.167917526845242
CSDVRP-L-n100-s1,L,100,VNS-18,2672.90154,2670.93815,14.186506117919876,2646.5681,10,3146.4881,35.0219,758.4,0.5307530376865239,15.051274466920761
CSDVRP-L-n100-s1,L,100,VNS-9,2687.57836,2689.28895,22.75302425403893,2657.0174,10,3146.4881,35.022,766.5,0.8465994738117676,14.584823632417363
CSDVRP-L-n100-s2,L,100,ALNS+,2925.47381,2942.5056,37.13633451167763,2858.4338,10,3167.7225,35.054700000000004,515.4,1.2694126464142788,7.647408824478783
CSDVRP-L-n100-s2,L,100,DRL-ALNS,2895.3723400000003,2901.49385,20.50346358232076,2851.4151,10,3167.7225,35.0313,497.3,0.7081460059233956,8.597664725997923
CSDVRP-L-n100-s2,L,100,DRL-VNS,2797.8826,2800.97575,14.859983331604264,2770.5854,10,3167.7225,35.0141,787.8,0.5311153274123891,11.675261958710081
CSDVRP-L-n100-s2,L,100,DRL-VNS18,2808.98381,2811.30185,23.409137095181308,2759.3551,10,3167.7225,35.009499999999996,761.8,0.83336675034739,11.324814279028535
CSDVRP-L-n100-s2,L,100,Fixed-dominant,2801.50909,2806.05425,15.081780087424743,2776.6277,10,3167.7225,35.0142,813.4,0.5383448563939781,11.560779392765618
CSDVRP-L-n100-s2,L,100,Fixed-small,2809.43634,2804.7597,13.230841108830287,2796.709,10,3167.7225,35.0064,1226.0,0.47094290482589424,11.310528621115003
CSDVRP-L-n100-s2,L,100,Marginal-18,2805.28582,2806.6349,6.969443279822753,2792.985,10,3167.7225,35.0315,701.2,0.24843968590062426,11.441553987131128
CSDVRP-L-n100-s2,L,100,Marginal-9,2804.4478599999998,2805.95885,14.1580529224108,2780.6105,10,3167.7225,35.0187,705.4,0.5048427936332109,11.468007061855959
CSDVRP-L-n100-s2,L,100,Random-18,2805.2534100000003,2802.7775,29.024452892018456,2769.8812,10,3167.7225,35.0172,713.5,1.0346463812700064,11.442577119681399
CSDVRP-L-n100-s2,L,100,Random-9,2808.63321,2806.85945,13.789503038458752,2787.561,10,3167.7225,35.0188,735.0,0.49096845360091546,11.335882167708816
CSDVRP-L-n100-s2,L,100,Roulette-18,2806.20117,2808.58195,22.226865775905218,2770.7593,10,3167.7225,35.0471,748.7,0.7920624513140382,11.41265783224383
CSDVRP-L-n100-s2,L,100,Roulette-9,2797.3810399999998,2801.0622999999996,10.538034007789715,2770.7912,10,3167.7225,35.032799999999995,778.1,0.37671071109389215,11.69109541634408
CSDVRP-L-n100-s2,L,100,VNS,2809.4852600000004,2806.8765000000003,17.409358932431232,2774.5563,10,3167.7225,35.011,906.9,0.6196636508579237,11.308984293920933
CSDVRP-L-n100-s2,L,100,VNS-18,2806.30471,2803.5436499999996,8.869858149241566,2797.8159,10,3167.7225,35.0141,745.2,0.31606896135101326,11.409389237851485
CSDVRP-L-n100-s2,L,100,VNS-9,2809.1253,2805.1415500000003,15.497461520519991,2793.7693,10,3167.7225,35.017199999999995,760.7,0.5516828145942793,11.320347663029185
CSDVRP-L-n100-s3,L,100,ALNS+,2821.50417,2838.6920499999997,32.29354259012308,2768.6219,10,3095.0715,35.0453,520.9,1.1445505887777256,8.838804854750522
CSDVRP-L-n100-s3,L,100,DRL-ALNS,2791.39783,2792.2334,34.997285074735885,2739.1043,10,3095.0715,35.0265,488.5,1.2537548284450692,9.811523578696004
CSDVRP-L-n100-s3,L,100,DRL-VNS,2710.9541799999997,2704.1555,18.881752370052933,2683.918,10,3095.0715,35.0172,726.8,0.696498395633265,12.41061216194845
CSDVRP-L-n100-s3,L,100,DRL-VNS18,2715.4103499999997,2711.4752,15.175814896241945,2689.3752,10,3095.0715,35.0282,735.0,0.5588774048917486,12.266635843469217
CSDVRP-L-n100-s3,L,100,Fixed-dominant,2701.4554,2704.21915,17.03089206543355,2675.8684,10,3095.0715,35.0219,714.2,0.6304339529511964,12.717512341798894
CSDVRP-L-n100-s3,L,100,Fixed-small,2706.46658,2704.8032000000003,16.199570241953918,2683.2723,10,3095.0715,35.0064,1270.1,0.5985505367649475,12.555603965853463
CSDVRP-L-n100-s3,L,100,Marginal-18,2707.3909,2703.8729000000003,14.664050506747609,2687.4016,10,3095.0715,35.0218,742.8,0.5416303388900218,12.525739712313596
CSDVRP-L-n100-s3,L,100,Marginal-9,2720.8604800000003,2718.2064,25.435874278087365,2679.21,10,3095.0715,35.0344,699.7,0.9348466951928149,12.090545242654322
CSDVRP-L-n100-s3,L,100,Random-18,2722.68026,2718.9101499999997,17.955619788133287,2694.3928,10,3095.0715,35.0314,687.2,0.6594832324576109,12.031749185761942
CSDVRP-L-n100-s3,L,100,Random-9,2724.96234,2723.9224999999997,22.457746163218573,2690.6426,10,3095.0715,35.025099999999995,698.2,0.8241488637680979,11.958016478779246
CSDVRP-L-n100-s3,L,100,Roulette-18,2715.50637,2709.6086,26.844730410312064,2686.6374,10,3095.0715,35.025099999999995,753.4,0.9885718077071594,12.26353349187571
CSDVRP-L-n100-s3,L,100,Roulette-9,2732.15612,2729.4293,23.860524501397233,2700.6299,10,3095.0715,35.0235,680.2,0.8733221475424777,11.725589538076903
CSDVRP-L-n100-s3,L,100,VNS,2706.24222,2707.3321,12.456706778171023,2689.8856,10,3095.0715,35.023399999999995,969.4,0.4602953381671439,12.562852909860075
CSDVRP-L-n100-s3,L,100,VNS-18,2717.50315,2715.0291500000003,22.326377369293926,2680.7847,10,3095.0715,35.017199999999995,763.7,0.821576871743237,12.199018665643104
CSDVRP-L-n100-s3,L,100,VNS-9,2735.42646,2733.7004500000003,11.029176929923448,2720.3672,10,3095.0715,35.0281,676.2,0.4031977130879785,11.619926712516977
CSDVRP-L-n100-s4,L,100,ALNS+,3100.06214,3106.4636,35.22815409445509,3025.2371,10,3371.4529,35.042199999999994,542.4,1.136369288857387,8.049667844981617
CSDVRP-L-n100-s4,L,100,DRL-ALNS,3052.83594,3046.80245,52.68795860310659,2970.7819,10,3371.4529,35.0483,486.0,1.7258693109825807,9.450434855548487
CSDVRP-L-n100-s4,L,100,DRL-VNS,2945.7308199999998,2946.14295,10.882638134590715,2926.6811,10,3371.4529,35.017399999999995,726.6,0.36943763023773896,12.627258710925501
CSDVRP-L-n100-s4,L,100,DRL-VNS18,2952.49109,2945.72015,21.722139335221573,2924.4038,10,3371.4529,35.0188,707.7,0.7357224348210166,12.42674367481154
CSDVRP-L-n100-s4,L,100,Fixed-dominant,2946.2341100000003,2948.1021,12.230177414035285,2921.3177,10,3371.4529,35.0204,778.5,0.41511220620669836,12.612330725427007
CSDVRP-L-n100-s4,L,100,Fixed-small,2958.91371,2952.6975,22.85547800999667,2932.4476,10,3371.4529,35.009499999999996,1132.2,0.772428000612315,12.236243608801429
CSDVRP-L-n100-s4,L,100,Marginal-18,2949.1864,2942.4884,16.032860215611368,2933.0242,10,3371.4529,35.05,711.9,0.5436367201344536,12.524763433592684
CSDVRP-L-n100-s4,L,100,Marginal-9,2951.57798,2953.9702500000003,19.25330192493984,2924.0424,10,3371.4529,35.023399999999995,737.2,0.6523053788651669,12.453827250560142
CSDVRP-L-n100-s4,L,100,Random-18,2955.1681099999996,2951.4939999999997,23.53474732194223,2929.0507,10,3371.4529,35.0267,679.3,0.7963928428404106,12.347341112195297
CSDVRP-L-n100-s4,L,100,Random-9,2948.69219,2943.4033,25.512294670106286,2925.0824,10,3371.4529,35.034299999999995,699.8,0.8652071164507098,12.5394220990007
CSDVRP-L-n100-s4,L,100,Roulette-18,2946.12799,2940.69215,30.24849629266998,2889.4235,10,3371.4529,35.0298,740.7,1.026720373159008,12.615478329832227
CSDVRP-L-n100-s4,L,100,Roulette-9,2944.7586,2944.8125499999996,12.057913095004013,2923.7173,10,3371.4529,35.0094,764.1,0.40947034147396705,12.65609553673433
CSDVRP-L-n100-s4,L,100,VNS,2943.53686,2940.89705,17.324684521623404,2920.654,10,3371.4529,35.0203,866.4,0.5885669297045393,12.69233332608621
CSDVRP-L-n100-s4,L,100,VNS-18,2962.5428199999997,2962.9959,20.988041586092688,2933.1629,10,3371.4529,35.034299999999995,744.1,0.7084468600556022,12.128601292338995
CSDVRP-L-n100-s4,L,100,VNS-9,2954.91199,2961.5853500000003,22.054135010743817,2922.6043,10,3371.4529,35.0267,717.8,0.7463550550872351,12.354937837037562
CSDVRP-L-n100-s5,L,100,ALNS+,2784.32284,2783.5305500000004,51.14287934464027,2703.4276,10,3154.3549,35.037699999999994,487.2,1.8368157100862728,11.730831556081405
CSDVRP-L-n100-s5,L,100,DRL-ALNS,2727.70095,2724.03355,40.885912744944484,2651.503,10,3154.3549,35.0499,452.0,1.4989147818768214,13.525870218344801
CSDVRP-L-n100-s5,L,100,DRL-VNS,2605.2135399999997,2598.11925,33.08442170966063,2561.3296,10,3154.3549,35.026599999999995,718.2,1.2699312820883248,17.408990979423404
CSDVRP-L-n100-s5,L,100,DRL-VNS18,2605.76792,2597.2889999999998,36.22958291794765,2568.6865,10,3154.3549,35.0204,753.2,1.390361077050471,17.391415912014217
CSDVRP-L-n100-s5,L,100,Fixed-dominant,2587.4214199999997,2585.4584999999997,12.457099730301183,2574.7843,10,3154.3549,35.0204,664.3,0.4814484271488014,17.97304038299559
CSDVRP-L-n100-s5,L,100,Fixed-small,2638.68329,2637.302,36.12815628962633,2589.4732,10,3154.3549,35.0142,1305.6,1.3691736490901996,16.34792616392023
CSDVRP-L-n100-s5,L,100,Marginal-18,2655.33161,2655.79825,61.98652556163489,2564.9429,10,3154.3549,35.0343,743.6,2.334417491517562,15.82013774036649
CSDVRP-L-n100-s5,L,100,Marginal-9,2627.45573,2638.6106,43.43011065621663,2560.2458,10,3154.3549,35.0141,702.0,1.652934059376773,16.703864552463635
CSDVRP-L-n100-s5,L,100,Random-18,2632.50063,2617.68345,51.679807012239706,2571.8312,10,3154.3549,35.0312,679.0,1.9631450957046763,16.5439301075475
CSDVRP-L-n100-s5,L,100,Random-9,2617.81099,2614.5348999999997,34.87883355014589,2563.2137,10,3154.3549,35.029700000000005,714.4,1.332366381048232,17.00962405974039
CSDVRP-L-n100-s5,L,100,Roulette-18,2644.57912,2640.73225,50.51891927784847,2574.9911,10,3154.3549,35.025099999999995,782.9,1.9102820140941168,16.161015363236395
CSDVRP-L-n100-s5,L,100,Roulette-9,2621.312,2607.41445,45.951995051212535,2580.2972,10,3154.3549,35.0142,739.6,1.7530150951589334,16.89863432932039
CSDVRP-L-n100-s5,L,100,VNS,2600.16431,2594.35815,43.761705397462805,2548.5717,10,3154.3549,35.0142,804.4,1.683036153875322,17.569062694879378
CSDVRP-L-n100-s5,L,100,VNS-18,2604.90851,2606.87535,28.61669143887295,2562.2992,10,3154.3549,35.024899999999995,760.4,1.0985680045581696,17.418661102465027
CSDVRP-L-n100-s5,L,100,VNS-9,2624.39282,2623.6835499999997,39.985920677152876,2562.3248,10,3154.3549,35.036,719.0,1.5236255934107026,16.80096554766237
CSDVRP-L-n75-s0,L,75,ALNS+,2487.4247,2491.2001499999997,26.066380028304767,2432.7967,10,2688.4285,25.0063,845.2,1.0479263966585508,7.476628074728413
CSDVRP-L-n75-s0,L,75,DRL-ALNS,2470.92603,2476.7247500000003,30.124719830547996,2425.961,10,2688.4285,25.0126,750.2,1.2191672055252902,8.090320051286463
CSDVRP-L-n75-s0,L,75,DRL-VNS,2412.5108099999998,2409.9944,8.74444729381642,2408.2382,10,2688.4285,25.011,1000.8,0.36246251239870797,10.263158942110612
CSDVRP-L-n75-s0,L,75,DRL-VNS18,2413.11695,2410.13205,9.470616604266272,2409.0826,10,2688.4285,25.011,1142.3,0.3924640537735343,10.240612685068614
CSDVRP-L-n75-s0,L,75,Fixed-dominant,2416.18939,2414.7583,5.971088502935499,2409.6617,10,2688.4285,25.008,1084.2,0.24712833057078773,10.126328819977916
CSDVRP-L-n75-s0,L,75,Fixed-small,2429.8242099999998,2422.965,23.092049975524304,2408.7563,10,2688.4285,25.0047,1965.0,0.9503588728965833,9.619161900716357
CSDVRP-L-n75-s0,L,75,Marginal-18,2414.34012,2410.15975,11.435684080378596,2408.8554,10,2688.4285,25.0064,1138.0,0.47365671413266314,10.19511510162908
CSDVRP-L-n75-s0,L,75,Marginal-9,2424.09481,2415.5067,17.871155401275978,2408.7789,10,2688.4285,25.0095,1041.4,0.7372300508855087,9.832275249276666
CSDVRP-L-n75-s0,L,75,Random-18,2413.4577,2410.4295,9.860822107827627,2409.7353,10,2688.4285,25.011,1073.8,0.40857654591698983,10.227937994259474
CSDVRP-L-n75-s0,L,75,Random-9,2417.1153,2410.0020999999997,15.39872884501268,2408.9511,10,2688.4285,25.0079,1064.9,0.6370705131448501,10.091888253676824
CSDVRP-L-n75-s0,L,75,Roulette-18,2410.53876,2410.1922999999997,6.630266104798908,2397.9655,10,2688.4285,25.0125,1134.9,0.27505328745673885,10.33651220406271
CSDVRP-L-n75-s0,L,75,Roulette-9,2416.82287,2409.4721,15.862809137661872,2408.6205,10,2688.4285,25.011,1133.6,0.6563496785207875,10.102765611955089
CSDVRP-L-n75-s0,L,75,VNS,2415.3174900000004,2410.6890000000003,9.391172699159787,2409.3611,10,2688.4285,25.0064,1614.3,0.3888173185530067,10.15876040593974
CSDVRP-L-n75-s0,L,75,VNS-18,2414.53213,2410.35425,10.786917107419177,2407.4224,10,2688.4285,25.0126,1052.8,0.4467497853266992,10.187973010998801
CSDVRP-L-n75-s0,L,75,VNS-9,2415.42625,2410.1921,9.947335589912282,2408.6437,10,2688.4285,25.0047,1103.5,0.4118252664477867,10.154714919887214
CSDVRP-L-n75-s1,L,75,ALNS+,2214.39437,2210.4875,36.12994257897618,2171.1137,10,2408.8056,25.0142,872.6,1.6315947632659569,8.070855946200064
CSDVRP-L-n75-s1,L,75,DRL-ALNS,2216.82591,2214.40475,39.64181546463414,2141.3356,10,2408.8056,25.0187,840.9,1.7882241129450773,7.969912142349724
CSDVRP-L-n75-s1,L,75,DRL-VNS,2108.05114,2107.4094,17.24319350050925,2078.9183,10,2408.8056,25.011,1119.3,0.8179684625919108,12.485626071277819
CSDVRP-L-n75-s1,L,75,DRL-VNS18,2134.96817,2135.6252999999997,25.283757502662457,2105.6078,10,2408.8056,25.0142,1081.2,1.1842685927566992,11.368183053045046
CSDVRP-L-n75-s1,L,75,Fixed-dominant,2124.67533,2123.934,8.956929891312532,2109.9785,10,2408.8056,25.008,984.2,0.4215669926055259,11.795483620596038
CSDVRP-L-n75-s1,L,75,Fixed-small,2112.1122800000003,2103.28315,29.339667351359655,2092.0987,10,2408.8056,25.0016,1988.4,1.3891149456959577,12.31703048182883
CSDVRP-L-n75-s1,L,75,Marginal-18,2117.4246,2117.16895,17.693937900309226,2096.5046,10,2408.8056,25.008,1092.0,0.8356348509556953,12.096492967302979
CSDVRP-L-n75-s1,L,75,Marginal-9,2113.3720399999997,2108.4750999999997,16.848198835365285,2092.303,10,2408.8056,25.0172,999.1,0.7972187819502565,12.264732363624544
CSDVRP-L-n75-s1,L,75,Random-18,2102.55168,2098.0939,16.341830924879105,2082.651,10,2408.8056,25.008,1069.2,0.7772380141866052,12.713932581358996
CSDVRP-L-n75-s1,L,75,Random-9,2117.24253,2106.20475,22.27000489198423,2084.5157,10,2408.8056,25.008,1097.7,1.0518400502744591,12.10405148510117
CSDVRP-L-n75-s1,L,75,Roulette-18,2112.44324,2106.90265,23.381498179362985,2087.8841,10,2408.8056,25.0078,1206.1,1.1068462213149446,12.303290892382519
CSDVRP-L-n75-s1,L,75,Roulette-9,2110.38939,2109.04575,15.321411426384817,2093.3429,10,2408.8056,25.008,1252.4,0.7259992634053575,12.388555141186998
CSDVRP-L-n75-s1,L,75,VNS,2105.46308,2108.88985,13.753009446485262,2081.0396,10,2408.8056,25.0032,1653.5,0.653205918314429,12.59306770127071
CSDVRP-L-n75-s1,L,75,VNS-18,2124.61769,2118.6663,29.01683029854108,2084.5304,10,2408.8056,25.0156,1127.5,1.3657436081378518,11.7978765077597
CSDVRP-L-n75-s1,L,75,VNS-9,2104.24429,2103.6264,18.871544550133194,2081.5801,10,2408.8056,25.0094,1021.6,0.8968323991570956,12.64366497653443
CSDVRP-L-n75-s2,L,75,ALNS+,2238.1248100000003,2246.83305,18.375440428671634,2202.0578,10,2442.0216,25.0096,912.5,0.8210194689129795,8.34950804693946
CSDVRP-L-n75-s2,L,75,DRL-ALNS,2224.29595,2221.52985,28.889292583556465,2179.3309,10,2442.0216,25.0079,796.1,1.298806149584387,8.915795421301755
CSDVRP-L-n75-s2,L,75,DRL-VNS,2102.69447,2101.9864500000003,15.331440420916454,2082.8428,10,2442.0216,25.0047,1131.9,0.7291330547379266,13.895336961802471
CSDVRP-L-n75-s2,L,75,DRL-VNS18,2118.30292,2109.3671000000004,24.625161310596315,2089.4245,10,2442.0216,25.0016,1134.8,1.1624948008189648,13.256175948648446
CSDVRP-L-n75-s2,L,75,Fixed-dominant,2117.2435100000002,2118.6490000000003,6.128131092746795,2105.4852,10,2442.0216,25.0048,1032.2,0.2894391251550841,13.299558447804058
CSDVRP-L-n75-s2,L,75,Fixed-small,2109.34664,2109.449,15.396119274328017,2088.2533,10,2442.0216,25.0032,1849.7,0.7298999122461928,13.622932737368082
CSDVRP-L-n75-s2,L,75,Marginal-18,2116.15585,2115.62785,17.180296714696155,2091.8473,10,2442.0216,25.0064,1136.9,0.811863488915344,13.344097775384128
CSDVRP-L-n75-s2,L,75,Marginal-9,2113.66036,2114.22375,12.256906443960537,2093.8632,10,2442.0216,25.0063,1141.7,0.5798900654010721,13.446287289186968
CSDVRP-L-n75-s2,L,75,Random-18,2108.57697,2106.01285,16.14981636662365,2084.2175,10,2442.0216,25.0032,1086.6,0.7659106874634816,13.654450476605117
CSDVRP-L-n75-s2,L,75,Random-9,2123.81063,2117.5717,27.697573231283858,2095.5678,10,2442.0216,25.0063,1080.0,1.3041451455247617,13.030636993546663
CSDVRP-L-n75-s2,L,75,Roulette-18,2113.73381,2108.59175,23.36498526349261,2081.4614,10,2442.0216,25.008,1169.1,1.1053892005205994,13.443279535283384
CSDVRP-L-n75-s2,L,75,Roulette-9,2103.2156299999997,2108.48335,12.32168442769371,2082.7199,10,2442.0216,25.0079,1239.9,0.5858497936178665,13.873995627229519
CSDVRP-L-n75-s2,L,75,VNS,2106.8590799999997,2105.5616499999996,15.464874461523063,2083.1772,10,2442.0216,25.0,1602.4,0.7340250996532272,13.724797520218507
CSDVRP-L-n75-s2,L,75,VNS-18,2111.81234,2113.8228,16.34853635244166,2092.7275,10,2442.0216,25.0079,1147.2,0.7741472119838858,13.521963114494978
CSDVRP-L-n75-s2,L,75,VNS-9,2117.8470399999997,2115.78865,27.486264111176087,2082.7478,10,2442.0216,25.0048,1175.4,1.2978399096837556,13.274844088193175
CSDVRP-L-n75-s3,L,75,ALNS+,2201.49296,2201.55645,13.90115285116866,2167.7907,10,2332.9982,25.0062,882.5,0.6314420760704437,5.636748455270988
CSDVRP-L-n75-s3,L,75,DRL-ALNS,2185.04331,2183.4997000000003,25.600465489190256,2137.797,10,2332.9982,25.0141,779.0,1.1716227944786255,6.34183472580476
CSDVRP-L-n75-s3,L,75,DRL-VNS,2103.25177,2105.4245,14.803775770018959,2085.3064,10,2332.9982,25.0189,969.6,0.7038518156111647,9.84768998107243
CSDVRP-L-n75-s3,L,75,DRL-VNS18,2119.4717499999997,2115.23325,18.97991760825421,2098.2783,10,2332.9982,25.0048,1078.0,0.8955022688202477,9.152448124477777
CSDVRP-L-n75-s3,L,75,Fixed-dominant,2105.03773,2105.8806999999997,15.681453812495887,2086.9549,10,2332.9982,25.0064,1111.8,0.7449488239099584,9.77113784314107
CSDVRP-L-n75-s3,L,75,Fixed-small,2100.09368,2099.2377500000002,20.156451500907796,2071.5346,10,2332.9982,25.0032,1756.2,0.9597882081578283,9.983056137805853
CSDVRP-L-n75-s3,L,75,Marginal-18,2113.40729,2114.2340999999997,16.960785728421985,2077.6977,10,2332.9982,25.023500000000002,1128.6,0.8025327540354035,9.412390888257004
CSDVRP-L-n75-s3,L,75,Marginal-9,2104.8331200000002,2098.62095,18.971943715848724,2082.088,10,2332.9982,25.0126,977.7,0.9013514437595281,9.779908102800926
CSDVRP-L-n75-s3,L,75,Random-18,2116.3349000000003,2117.4013999999997,15.385079686934894,2092.9756,10,2332.9982,25.0062,1078.2,0.7269681035328999,9.286903864735073
CSDVRP-L-n75-s3,L,75,Random-9,2113.18321,2119.9529,19.101423480198743,2079.4525,10,2332.9982,25.0048,1150.5,0.9039170569691751,9.421995696353296
CSDVRP-L-n75-s3,L,75,Roulette-18,2112.04422,2114.0788000000002,22.001646969200547,2078.9283,10,2332.9982,25.0063,1217.6,1.041722837091003,9.470816565567851
CSDVRP-L-n75-s3,L,75,Roulette-9,2099.6643400000003,2096.7803,14.429373141323659,2077.8503,10,2332.9982,25.0063,1293.4,0.6872228511212253,10.001459066706513
CSDVRP-L-n75-s3,L,75,VNS,2109.76679,2112.72165,22.46690730951484,2078.6405,10,2332.9982,25.0048,1611.0,1.0649000361558842,9.568434729182384
CSDVRP-L-n75-s3,L,75,VNS-18,2114.4759000000004,2114.8875,17.603449527988815,2077.4307,10,2332.9982,25.0064,1095.0,0.832520698296387,9.36658673804376
CSDVRP-L-n75-s3,L,75,VNS-9,2118.82141,2115.8741,22.19954447743109,2087.8224,10,2332.9982,25.0064,1124.1,1.0477307984834403,9.180323842513037
CSDVRP-L-n75-s4,L,75,ALNS+,2268.70933,2279.4154,27.066678925779296,2214.4069,10,2460.454,25.0187,868.5,1.1930430473338467,7.793060548988115
CSDVRP-L-n75-s4,L,75,DRL-ALNS,2261.60441,2263.4170000000004,23.950313574214885,2229.8946,10,2460.454,25.0157,760.6,1.0589965896916025,8.081825142839502
CSDVRP-L-n75-s4,L,75,DRL-VNS,2207.55311,2206.0244000000002,5.925145159112719,2201.5487,10,2460.454,25.0141,1017.1,0.2684032892469219,10.278627033872624
CSDVRP-L-n75-s4,L,75,DRL-VNS18,2209.51259,2206.3656,8.495527473186533,2201.3502,10,2460.454,25.0048,1017.2,0.3844978078711257,10.198988072932895
CSDVRP-L-n75-s4,L,75,Fixed-dominant,2206.40482,2205.75725,2.625231227826624,2203.4162,10,2460.454,25.0047,1096.1,0.11898230116387362,10.325296876104979
CSDVRP-L-n75-s4,L,75,Fixed-small,2208.6359700000003,2206.0254,9.989432712627185,2201.1487,10,2460.454,25.0016,1704.7,0.4522896868616689,10.234616456962817
CSDVRP-L-n75-s4,L,75,Marginal-18,2215.68404,2210.06,14.640916589339588,2200.9545,10,2460.454,25.0141,1006.5,0.6607853974224406,9.948162412302773
CSDVRP-L-n75-s4,L,75,Marginal-9,2209.1888200000003,2205.7634,10.461080897285628,2201.4324,10,2460.454,25.015700000000002,896.9,0.4735258843689797,10.212147026524367
CSDVRP-L-n75-s4,L,75,Random-18,2213.80956,2210.85585,13.302105783688658,2201.6258,10,2460.454,25.0032,980.8,0.6008694706191736,10.024346726254587
CSDVRP-L-n75-s4,L,75,Random-9,2212.38149,2208.60555,10.160224535188231,2201.777,10,2460.454,25.0063,977.8,0.4592437868926588,10.082387640654934
CSDVRP-L-n75-s4,L,75,Roulette-18,2212.32168,2209.8079,8.411644544030036,2202.3665,10,2460.454,25.0203,1045.6,0.3802179683033272,10.084818492847262
CSDVRP-L-n75-s4,L,75,Roulette-9,2208.63975,2205.5851000000002,10.600815155789771,2201.1166,10,2460.454,25.0203,1092.3,0.479970314569851,10.234462826779136
CSDVRP-L-n75-s4,L,75,VNS,2214.7047599999996,2208.7851,16.347726047048138,2200.8438,10,2460.454,25.0047,1446.2,0.7381447108574481,9.987963197036017
CSDVRP-L-n75-s4,L,75,VNS-18,2213.23981,2208.51465,13.475546137887457,2201.4734,10,2460.454,25.0079,978.8,0.6088606429814516,10.047503021800047
CSDVRP-L-n75-s4,L,75,VNS-9,2214.82089,2210.20235,13.16822625467575,2201.1607,10,2460.454,25.0172,928.7,0.5945503906943803,9.983243336392396
CSDVRP-L-n75-s5,L,75,ALNS+,2183.17883,2185.41795,14.332559842001494,2155.833,10,2327.4464,25.0126,1015.8,0.656499579652002,6.198534582794259
CSDVRP-L-n75-s5,L,75,DRL-ALNS,2183.49379,2183.2635,21.026057443057894,2137.0843,10,2327.4464,25.0063,823.1,0.9629547626539343,6.185002155151665
CSDVRP-L-n75-s5,L,75,DRL-VNS,2094.1202000000003,2090.14845,14.237120322983584,2077.2999,10,2327.4464,25.0079,1161.5,0.6798616585133739,10.024987041592
CSDVRP-L-n75-s5,L,75,DRL-VNS18,2098.02769,2103.7138,12.895699245739136,2074.8615,10,2327.4464,25.0158,1067.8,0.6146582005187519,9.857099609254156
CSDVRP-L-n75-s5,L,75,Fixed-dominant,2100.5803800000003,2099.2762000000002,16.558888495427386,2081.1312,10,2327.4464,25.0064,1161.0,0.7883006360093388,9.747421895516025
CSDVRP-L-n75-s5,L,75,Fixed-small,2100.41563,2097.6674000000003,6.517095130509597,2093.4889,10,2327.4464,25.0047,1751.7,0.31027645373737756,9.754500468840007
CSDVRP-L-n75-s5,L,75,Marginal-18,2099.6222399999997,2095.84505,19.361846968441174,2074.4572,10,2327.4464,25.008,1084.2,0.9221585959406287,9.788588901553227
CSDVRP-L-n75-s5,L,75,Marginal-9,2093.0418400000003,2095.7622499999998,11.028925817564096,2072.618,10,2327.4464,25.0095,1178.7,0.5269328881435115,10.071319365292345
CSDVRP-L-n75-s5,L,75,Random-18,2100.4793400000003,2102.27015,18.57239448370145,2073.4819,10,2327.4464,25.0079,1038.5,0.8841979128298137,9.7517631340511
CSDVRP-L-n75-s5,L,75,Random-9,2097.59984,2096.1965499999997,10.579072864985283,2074.3056,10,2327.4464,25.0048,1162.5,0.5043418035818158,9.875482417124621
CSDVRP-L-n75-s5,L,75,Roulette-18,2091.0163000000002,2093.5456,11.573258850854813,2075.0022,10,2327.4464,25.0126,1157.5,0.55347530532664,10.158347792670956
CSDVRP-L-n75-s5,L,75,Roulette-9,2102.37328,2099.08975,13.892772081417796,2090.774,10,2327.4464,25.0032,1230.2,0.6608137676396743,9.67038897222295
CSDVRP-L-n75-s5,L,75,VNS,2093.73353,2091.3115,6.387518531923713,2083.6879,10,2327.4464,25.0016,1628.5,0.30507791179729127,10.041600528373063
CSDVRP-L-n75-s5,L,75,VNS-18,2092.2338499999996,2091.8114,11.824372896620497,2073.3948,10,2327.4464,25.0032,1090.8,0.5651554149465893,10.10603509494355
CSDVRP-L-n75-s5,L,75,VNS-9,2104.5414499999997,2107.1724,10.998848839184054,2082.235,10,2327.4464,25.0032,1152.2,0.5226244814129964,9.577232369346943
CSDVRP-M-n30-s0,M,30,ALNS+,1134.17759,1133.7644,31.799598597971517,1094.2294,10,1303.6377,10.0,3479.0,2.8037583248291407,12.99901882248419
CSDVRP-M-n30-s0,M,30,DRL-ALNS,1120.11459,1107.97195,32.60462295443701,1093.4502,10,1303.6377,10.0,2989.9,2.9108292352871694,14.07776946002713
CSDVRP-M-n30-s0,M,30,DRL-VNS,1098.51977,1093.1042499999999,8.799745277001483,1092.9389,10,1303.6377,10.0,3125.7,0.801054793670348,15.734274177557145
CSDVRP-M-n30-s0,M,30,DRL-VNS18,1096.7159,1092.964,7.865266501100462,1092.9389,10,1303.6377,10.0,3209.5,0.7171653571449509,15.87264621144357
CSDVRP-M-n30-s0,M,30,Fixed-dominant,1093.83755,1093.8157,0.1485970483481192,1093.6363,10,1303.6377,10.0,3695.1,0.013584928433670904,16.093439918161316
CSDVRP-M-n30-s0,M,30,Fixed-small,1103.9487000000001,1093.2446,18.765366264596178,1093.2446,10,1303.6377,10.0,4627.5,1.6998404241606677,15.317829485907
CSDVRP-M-n30-s0,M,30,Marginal-18,1102.69477,1093.0201499999998,14.846308645888987,1092.9389,10,1303.6377,10.0,3598.2,1.3463661069045414,15.414016486328979
CSDVRP-M-n30-s0,M,30,Marginal-9,1103.3654000000001,1093.09175,22.017747460628257,1092.9389,10,1303.6377,10.0,3864.8,1.9955082387600929,15.3625735125641
CSDVRP-M-n30-s0,M,30,Random-18,1094.72353,1092.95145,5.558139375336547,1092.9389,10,1303.6377,10.0,3607.3,0.5077208284119504,16.02547778420339
CSDVRP-M-n30-s0,M,30,Random-9,1105.68903,1100.84935,15.481179255114872,1093.0763,10,1303.6377,10.0,3619.2,1.4001386316652586,15.184331505601595
CSDVRP-M-n30-s0,M,30,Roulette-18,1104.2466399999998,1092.964,21.067364640610478,1092.9389,10,1303.6377,10.0,3607.1,1.9078495580127353,15.294974976559834
CSDVRP-M-n30-s0,M,30,Roulette-9,1101.7414800000001,1101.74325,9.17504885603711,1092.964,10,1303.6377,10.0,3780.2,0.8327769283985847,15.487141864645357
CSDVRP-M-n30-s0,M,30,VNS,1098.07067,1092.964,11.270811440476589,1092.9389,10,1303.6377,10.0,3405.6,1.026419496340485,15.768723933037526
CSDVRP-M-n30-s0,M,30,VNS-18,1100.44035,1093.1197,9.594244996090156,1092.9389,10,1303.6377,10.0,3576.5,0.8718550711167721,15.586949502917868
CSDVRP-M-n30-s0,M,30,VNS-9,1102.98056,1093.1884,14.940944342027205,1092.9389,10,1303.6377,10.0,3720.2,1.3545972507463961,15.392093984394592
CSDVRP-M-n30-s1,M,30,ALNS+,1066.77932,1063.6287000000002,9.695822218506747,1055.055,10,1231.1888,10.0,3815.1,0.9088873431204821,13.353717967544847
CSDVRP-M-n30-s1,M,30,DRL-ALNS,1061.22407,1068.1557,12.459546157692428,1039.6204,10,1231.1888,10.0,2798.4,1.1740730831418502,13.804928212472362
CSDVRP-M-n30-s1,M,30,DRL-VNS,1032.2535400000002,1031.4688,1.965226322957363,1031.4688,10,1231.1888,10.0,2636.5,0.19038213450518782,16.157981619066042
CSDVRP-M-n30-s1,M,30,DRL-VNS18,1041.23387,1031.5482,19.370691005000857,1031.4688,10,1231.1888,10.0,2981.9,1.8603592874865718,15.428578460102942
CSDVRP-M-n30-s1,M,30,Fixed-dominant,1039.4194,1034.0975,11.491288084070957,1032.3995,10,1231.1888,10.0,3800.5,1.1055487403901598,15.57595390731299
CSDVRP-M-n30-s1,M,30,Fixed-small,1058.88555,1049.547,18.323756257156077,1044.2441,10,1231.1888,10.0,4573.8,1.730475617233239,13.994868211926551
CSDVRP-M-n30-s1,M,30,Marginal-18,1040.0189500000001,1031.5085,11.610189609921616,1031.4688,10,1231.1888,10.0,3440.7,1.1163440444928059,15.527257070564627
CSDVRP-M-n30-s1,M,30,Marginal-9,1044.2286,1043.65305,12.770726360617742,1031.4688,10,1231.1888,10.0,3172.1,1.222981860544496,15.185339567741357
CSDVRP-M-n30-s1,M,30,Random-18,1034.70684,1031.5085,8.183466928739877,1031.4688,10,1231.1888,10.0,3279.1,0.7908971519643068,15.958718922719234
CSDVRP-M-n30-s1,M,30,Random-9,1046.95172,1043.91075,19.10023630713618,1031.4688,10,1231.1888,10.0,3276.2,1.8243664862727555,14.964161467355769
CSDVRP-M-n30-s1,M,30,Roulette-18,1043.47982,1034.65795,16.989036003310424,1031.4688,10,1231.1888,10.0,3388.6,1.6281135176443016,15.2461572100071
CSDVRP-M-n30-s1,M,30,Roulette-9,1043.7117400000002,1046.8877499999999,11.395208329449527,1031.4688,10,1231.1888,10.0,3191.4,1.0917965078604486,15.227320131567126
CSDVRP-M-n30-s1,M,30,VNS,1038.34658,1031.4688,8.932530826367135,1031.4688,10,1231.1888,10.0,3824.9,0.8602648670896702,15.663090827336962
CSDVRP-M-n30-s1,M,30,VNS-18,1048.59478,1051.7465,17.43716546841506,1031.4688,10,1231.1888,10.0,3394.6,1.6629079031287055,14.830708336528078
CSDVRP-M-n30-s1,M,30,VNS-9,1044.28901,1040.55625,16.985658781614642,1031.4688,10,1231.1888,10.0016,3079.6,1.6265285394140694,15.18043292791487
CSDVRP-M-n30-s2,M,30,ALNS+,957.3592199999999,957.68525,3.6164521487225514,949.0845,10,1162.4183,10.0,4461.2,0.37775289287155467,17.640730535642817
CSDVRP-M-n30-s2,M,30,DRL-ALNS,956.6526,957.3385499999999,5.163909312182431,948.7289,10,1162.4183,10.0,3371.9,0.5397893981767709,17.701519323981742
CSDVRP-M-n30-s2,M,30,DRL-VNS,941.83297,941.27345,1.4204364032460832,941.0511,10,1162.4183,10.0,2639.1,0.1508161689483097,18.976415804878503
CSDVRP-M-n30-s2,M,30,DRL-VNS18,945.75512,945.1921,4.25848054013008,941.0551,10,1162.4183,10.0,3024.7,0.4502730622415324,18.63900284432893
CSDVRP-M-n30-s2,M,30,Fixed-dominant,941.4257600000001,941.27345,0.4276600160563643,941.0511,10,1162.4183,10.0,3538.2,0.045426844497686594,19.01144708406603
CSDVRP-M-n30-s2,M,30,Fixed-small,946.9915199999999,945.7392,5.564457506511988,941.3908,10,1162.4183,10.0,4569.2,0.5875931715325168,18.53263837983281
CSDVRP-M-n30-s2,M,30,Marginal-18,943.39321,941.3608,5.487122094190697,941.0511,10,1162.4183,10.0,3436.1,0.5816368017097238,18.842192178151365
CSDVRP-M-n30-s2,M,30,Marginal-9,944.76792,941.0551,6.829425964782417,941.0511,10,1162.4183,10.0,3451.2,0.7228681055112897,18.723929243027232
CSDVRP-M-n30-s2,M,30,Random-18,945.8016100000001,945.6669,5.091040177158722,941.0511,10,1162.4183,10.0,3404.1,0.5382778082983726,18.6350034234664
CSDVRP-M-n30-s2,M,30,Random-9,944.26417,943.6667,3.6684036189086373,941.0511,10,1162.4183,10.0,3605.0,0.3884933618638349,18.76726562202264
CSDVRP-M-n30-s2,M,30,Roulette-18,946.2568500000001,941.0551,10.595807982116694,941.0511,10,1162.4183,10.0,3360.2,1.1197602407968505,18.595840240987254
CSDVRP-M-n30-s2,M,30,Roulette-9,945.61428,941.3588,6.762193428795434,941.0511,10,1162.4183,10.0,3582.7,0.715111179242707,18.651118964661865
CSDVRP-M-n30-s2,M,30,VNS,947.23447,944.4425,6.652470466100015,941.0551,10,1162.4183,10.0,3301.4,0.7023045166525681,18.51173798623095
CSDVRP-M-n30-s2,M,30,VNS-18,944.9159400000001,945.1901,3.8790466604280236,941.0551,10,1162.4183,10.0,3327.3,0.4105176446095325,18.71119544487556
CSDVRP-M-n30-s2,M,30,VNS-9,943.5489800000001,941.3608,3.5300545342970513,941.0511,10,1162.4183,10.0,3342.4,0.3741252027316113,18.82879166647668
CSDVRP-M-n30-s3,M,30,ALNS+,973.48984,970.94145,5.53266547118113,969.1696,10,1099.7766,10.0,4333.3,0.5683331498540478,11.482946627524168
CSDVRP-M-n30-s3,M,30,DRL-ALNS,972.4187900000001,969.9786,4.913560929249225,969.1696,10,1099.7766,10.0,2942.6,0.5052926763425893,11.58033458795176
CSDVRP-M-n30-s3,M,30,DRL-VNS,969.85209,969.22845,0.8565149184016193,969.1696,10,1099.7766,10.0,2695.3,0.0883139735670023,11.813718349708473
CSDVRP-M-n30-s3,M,30,DRL-VNS18,969.1696,969.1696,0.0,969.1696,10,1099.7766,10.0,3494.8,0.0,11.875775498405766
CSDVRP-M-n30-s3,M,30,Fixed-dominant,973.6020699999999,971.882,4.7497996573071966,970.2197,10,1099.7766,10.0,4125.8,0.48785841810167857,11.472741827749381
CSDVRP-M-n30-s3,M,30,Fixed-small,971.88922,969.4487,5.183683497239702,969.1696,10,1099.7766,10.0,4759.9,0.5333615591743781,11.628487094560832
CSDVRP-M-n30-s3,M,30,Marginal-18,971.66574,969.1696,5.161752369151865,969.1696,10,1099.7766,10.0,4159.2,0.5312271655427375,11.648807585104093
CSDVRP-M-n30-s3,M,30,Marginal-9,969.85209,969.22845,0.8565149184016184,969.1696,10,1099.7766,10.0,3619.3,0.08831397356700221,11.813718349708473
CSDVRP-M-n30-s3,M,30,Random-18,969.22007,969.1696,0.12389515325469923,969.1696,10,1099.7766,10.0,3986.2,0.01278297438214411,11.871186384580284
CSDVRP-M-n30-s3,M,30,Random-9,970.03154,970.0668499999999,0.8600124123135644,969.1696,10,1099.7766,10.0,3523.9,0.08865819067218829,11.797401399520592
CSDVRP-M-n30-s3,M,30,Roulette-18,971.8307699999999,969.1696,5.092949569759277,969.1696,10,1099.7766,10.0,3921.1,0.5240572460737457,11.633801810294928
CSDVRP-M-n30-s3,M,30,Roulette-9,971.06904,970.008,3.7437829006382457,969.1696,10,1099.7766,10.0,3632.0,0.3855321039416771,11.703064058646088
CSDVRP-M-n30-s3,M,30,VNS,969.37598,969.1696,0.5307751350619546,969.1696,10,1099.7766,10.0,3862.5,0.054754310609383426,11.857009869095224
CSDVRP-M-n30-s3,M,30,VNS-18,971.7894199999998,969.1696,5.108017868410427,969.1696,10,1099.7766,10.0,3885.7,0.5256301173159951,11.637561664796294
CSDVRP-M-n30-s3,M,30,VNS-9,969.50496,969.1696,0.7070009574094024,969.1696,10,1099.7766,10.0,3566.6,0.07292391339693635,11.845282032732825
CSDVRP-M-n30-s4,M,30,ALNS+,933.27055,926.15995,14.556854772027103,925.7043,10,1151.8487,10.0,4203.3,1.5597679335351473,18.97629002836918
CSDVRP-M-n30-s4,M,30,DRL-ALNS,931.71347,926.35935,11.780018634021303,926.0755,10,1151.8487,10.0,2897.8,1.264339200121396,19.11147097704759
CSDVRP-M-n30-s4,M,30,DRL-VNS,928.20877,926.1514,6.291517766900322,925.7284,10,1151.8487,10.0,3126.5,0.6778127906397956,19.41573836911046
CSDVRP-M-n30-s4,M,30,DRL-VNS18,931.44008,926.5673,11.012733196199145,925.7043,10,1151.8487,10.0,3092.8,1.1823340473172623,19.135205865145313
CSDVRP-M-n30-s4,M,30,Fixed-dominant,926.75635,926.8458,0.41618314144403573,926.0171,10,1151.8487,10.0,3641.9,0.044907503622072374,19.541833054983698
CSDVRP-M-n30-s4,M,30,Fixed-small,955.85952,947.668,21.073292041707912,925.7043,10,1151.8487,10.0,5503.4,2.2046432138592826,17.015184372739235
CSDVRP-M-n30-s4,M,30,Marginal-18,926.10358,926.1393499999999,0.24276667261659443,925.7284,10,1151.8487,10.0,3535.9,0.026213771100700688,19.598504560538206
CSDVRP-M-n30-s4,M,30,Marginal-9,928.14586,926.1514,5.428306574122964,925.7284,10,1151.8487,10.0,3622.8,0.5848549035302452,19.421200023926758
CSDVRP-M-n30-s4,M,30,Random-18,934.16849,926.35935,10.461020958507538,925.7043,10,1151.8487,10.0,3706.0,1.119821645719129,18.89833360926656
CSDVRP-M-n30-s4,M,30,Random-9,931.8860000000001,926.1393499999999,9.458853898038841,925.7043,10,1151.8487,10.0,3801.7,1.0150226420440742,19.096492447315338
CSDVRP-M-n30-s4,M,30,Roulette-18,927.10424,926.15995,2.9087575702809376,925.7043,10,1151.8487,10.0,3592.3,0.31374655025641324,19.51163030352858
CSDVRP-M-n30-s4,M,30,Roulette-9,928.08409,926.1393499999999,6.425473145302223,925.7284,10,1151.8487,10.0,3792.4,0.6923373878009507,19.426562707411144
CSDVRP-M-n30-s4,M,30,VNS,926.3170899999999,926.15995,0.23144971352086932,926.1273,10,1151.8487,10.0,3792.0,0.024986013538935068,19.579968271874606
CSDVRP-M-n30-s4,M,30,VNS-18,931.95213,926.3335,9.29589465135015,925.7043,10,1151.8487,10.0,3546.7,0.9974648216480978,19.09075124189488
CSDVRP-M-n30-s4,M,30,VNS-9,926.05405,926.1273,0.178653496094159,925.7043,10,1151.8487,10.0,3914.0,0.019291908079680554,19.602804604458907
CSDVRP-M-n30-s5,M,30,ALNS+,1119.53754,1119.8883,4.118885371392027,1109.7477,10,1247.2838,10.0,4473.6,0.3679095362351161,10.24195616105973
CSDVRP-M-n30-s5,M,30,DRL-ALNS,1122.85426,1120.8563,7.694198340481342,1110.5322,10,1247.2838,10.0,3160.3,0.6852357081925611,9.976040737480906
CSDVRP-M-n30-s5,M,30,DRL-VNS,1125.59618,1127.2310499999999,3.5746539583262864,1119.7487,10,1247.2838,10.0,3360.0,0.31757872155592126,9.756209452892753
CSDVRP-M-n30-s5,M,30,DRL-VNS18,1125.6973,1128.5178,4.17292995867414,1119.4195,10,1247.2838,10.0,3442.8,0.37069734098803825,9.74810223623524
CSDVRP-M-n30-s5,M,30,Fixed-dominant,1130.14033,1130.6418,0.9871921123964269,1127.6022,10,1247.2838,10.0,4166.5,0.08735128604749703,9.391885792150912
CSDVRP-M-n30-s5,M,30,Fixed-small,1128.71074,1125.2179,5.709908615380739,1121.0884,10,1247.2838,10.0,5085.5,0.5058788237791322,9.506502048691722
CSDVRP-M-n30-s5,M,30,Marginal-18,1125.56113,1127.5799499999998,4.122063187302104,1119.4541,10,1247.2838,10.0,4222.7,0.3662229511516717,9.759019559141223
CSDVRP-M-n30-s5,M,30,Marginal-9,1123.6795,1123.6249,5.093919405199383,1113.1219,10,1247.2838,10.0,3072.6,0.4533249387569483,9.90987776799474
CSDVRP-M-n30-s5,M,30,Random-18,1127.42219,1128.58765,3.31526719769484,1119.5592,10,1247.2838,10.0,3942.7,0.29405729522627544,9.609810533897733
CSDVRP-M-n30-s5,M,30,Random-9,1121.01996,1123.75605,6.928241731284468,1111.0881,10,1247.2838,10.0,3984.4,0.618030184875965,10.123104300721284
CSDVRP-M-n30-s5,M,30,Roulette-18,1125.01401,1128.0475999999999,5.272455016920005,1113.5652,10,1247.2838,10.0,3853.9,0.4686568318309213,9.802884475850632
CSDVRP-M-n30-s5,M,30,Roulette-9,1122.2377099999999,1123.60385,6.653789193710122,1113.1219,10,1247.2838,10.0,3398.6,0.592903725691959,10.025472149962988
CSDVRP-M-n30-s5,M,30,VNS,1122.1814200000001,1121.8764500000002,6.7308467373561305,1111.0915,10,1247.2838,10.0,4142.8,0.5998002299268268,10.029985156545754
CSDVRP-M-n30-s5,M,30,VNS-18,1124.64301,1128.0475999999999,6.192137793731355,1109.9995,10,1247.2838,10.0,3913.1,0.5505869630338391,9.832629109750318
CSDVRP-M-n30-s5,M,30,VNS-9,1122.0639999999999,1120.25895,5.586957210424168,1110.5322,10,1247.2838,10.0,3826.0,0.4979178737063277,10.039399212913699
CSDVRP-M-n50-s0,M,50,ALNS+,1750.33443,1748.6122500000001,14.791864315678609,1729.193,10,1986.2853,15.0,1647.3,0.8450878907568885,11.879001974187691
CSDVRP-M-n50-s0,M,50,DRL-ALNS,1744.5226699999998,1748.3814,13.73477611790601,1716.4405,10,1986.2853,15.0,1527.1,0.7873085488711943,12.17159639654989
CSDVRP-M-n50-s0,M,50,DRL-VNS,1712.35724,1710.1496,8.672256992809576,1705.071,10,1986.2853,15.0,1729.6,0.5064513870253836,13.790972525447376
CSDVRP-M-n50-s0,M,50,DRL-VNS18,1709.38952,1708.27055,6.103052584076271,1701.5865,10,1986.2853,15.0,1781.3,0.3570311220859872,13.940383085954473
CSDVRP-M-n50-s0,M,50,Fixed-dominant,1710.5684,1712.15075,3.271649205251445,1704.6414,10,1986.2853,15.0,1949.6,0.19126094023784404,13.881032095439657
CSDVRP-M-n50-s0,M,50,Fixed-small,1726.3972099999999,1724.9592,16.530616258288028,1708.135,10,1986.2853,15.0,2702.9,0.9575210248566162,13.084126937857324
CSDVRP-M-n50-s0,M,50,Marginal-18,1713.5974600000002,1709.6831000000002,11.24481207868269,1702.0955,10,1986.2853,15.0,1862.4,0.6562108278733495,13.72853335822401
CSDVRP-M-n50-s0,M,50,Marginal-9,1711.77278,1712.84415,3.0706310306225784,1707.409,10,1986.2853,15.0031,1733.0,0.17938309724860668,13.820397301434994
CSDVRP-M-n50-s0,M,50,Random-18,1716.11201,1713.51325,10.026277654515852,1704.9129,10,1986.2853,15.0,1811.0,0.584243778733059,13.601937747814977
CSDVRP-M-n50-s0,M,50,Random-9,1714.5058199999999,1713.3342,7.21618730953013,1704.6414,10,1986.2853,15.0016,1770.6,0.4208902195228553,13.682801760653424
CSDVRP-M-n50-s0,M,50,Roulette-18,1708.60827,1708.6171,3.1210616726613067,1704.6414,10,1986.2853,15.0,1911.8,0.18266689489108623,13.979715300717377
CSDVRP-M-n50-s0,M,50,Roulette-9,1712.60474,1707.8296500000001,15.399047931118602,1704.6414,10,1986.2853,15.0,1988.2,0.8991594832978567,13.77851207981049
CSDVRP-M-n50-s0,M,50,VNS,1714.1590700000002,1712.6425,11.529349568822642,1704.7994,10,1986.2853,15.0,2621.8,0.6725950800366877,13.700258970853776
CSDVRP-M-n50-s0,M,50,VNS-18,1719.4891899999998,1714.3276,16.38464451087254,1705.8621,10,1986.2853,15.0,1837.1,0.9528785994212934,13.431912827427169
CSDVRP-M-n50-s0,M,50,VNS-9,1712.71787,1708.10075,12.969931363396674,1704.6414,10,1986.2853,15.0016,1829.4,0.7572719121215612,13.77281652338665
CSDVRP-M-n50-s1,M,50,ALNS+,1548.59672,1546.38625,18.027215603932483,1521.8591,10,1718.5004000000001,15.0016,1831.1,1.1641000766121008,9.886740788655045
CSDVRP-M-n50-s1,M,50,DRL-ALNS,1551.70776,1556.47805,19.9236160783127,1528.1087,10,1718.5004000000001,15.0,1518.1,1.2839799214713408,9.705708535185684
CSDVRP-M-n50-s1,M,50,DRL-VNS,1506.98715,1498.8285,11.357751926156498,1498.0475,10,1718.5004000000001,15.003200000000001,1708.2,0.7536727785738915,12.308012846549246
CSDVRP-M-n50-s1,M,50,DRL-VNS18,1505.6609899999999,1501.52315,8.112397817531422,1498.3109,10,1718.5004000000001,15.0,1812.1,0.5387931195276184,12.385182453259844
CSDVRP-M-n50-s1,M,50,Fixed-dominant,1505.6223100000002,1501.1264500000002,7.983772851151141,1498.7086,10,1718.5004000000001,15.0,1984.5,0.5302639844086223,12.387433252852308
CSDVRP-M-n50-s1,M,50,Fixed-small,1528.1258,1525.9608,12.234415441604789,1519.167,10,1718.5004000000001,15.0016,2833.4,0.8006157242816521,11.077949123549816
CSDVRP-M-n50-s1,M,50,Marginal-18,1510.3283999999999,1514.02425,12.090712895993093,1494.3392,10,1718.5004000000001,15.0016,1880.1,0.8005353601238706,12.113584611327424
CSDVRP-M-n50-s1,M,50,Marginal-9,1511.93526,1509.93525,13.325494416693724,1497.8794,10,1718.5004000000001,15.003200000000001,1670.2,0.881353505618602,12.020080996198788
CSDVRP-M-n50-s1,M,50,Random-18,1514.14902,1509.6126,17.852003866158405,1498.0818,10,1718.5004000000001,15.0016,1779.4,1.1790123449116259,11.891261707009207
CSDVRP-M-n50-s1,M,50,Random-9,1508.66024,1507.7498500000002,7.946571544760647,1498.8586,10,1718.5004000000001,15.0,1669.3,0.5267303620834236,12.210655289926041
CSDVRP-M-n50-s1,M,50,Roulette-18,1517.62872,1520.8366,15.960085799741535,1498.1593,10,1718.5004000000001,15.003200000000001,1831.7,1.0516462682481085,11.688777029088861
CSDVRP-M-n50-s1,M,50,Roulette-9,1514.35059,1508.0956999999999,22.42801160005298,1491.9917,10,1718.5004000000001,15.0,1966.1,1.4810316546350721,11.879532294551698
CSDVRP-M-n50-s1,M,50,VNS,1517.46444,1520.6363,12.173324146601134,1498.1016,10,1718.5004000000001,15.003200000000001,2552.3,0.8022147884138315,11.698336526427351
CSDVRP-M-n50-s1,M,50,VNS-18,1519.73315,1519.0927000000001,13.783196053105167,1498.8092,10,1718.5004000000001,15.0016,1830.6,0.9069484371716946,11.566319681973894
CSDVRP-M-n50-s1,M,50,VNS-9,1519.92546,1518.9546,19.72047589527192,1498.2497,10,1718.5004000000001,15.0016,1698.5,1.2974633568722458,11.555129111404348
CSDVRP-M-n50-s2,M,50,ALNS+,1502.60779,1495.47945,23.55161132045717,1478.8379,10,1677.4231,15.0,1822.3,1.56738248511657,10.421658673950535
CSDVRP-M-n50-s2,M,50,DRL-ALNS,1509.3103999999998,1504.3571499999998,30.1772933534102,1469.8557,10,1677.4231,15.0,1598.7,1.9994093563133335,10.02208089300786
CSDVRP-M-n50-s2,M,50,DRL-VNS,1470.46793,1468.18635,5.321137198433657,1467.7784,10,1677.4231,15.0016,1538.4,0.3618669329587934,12.337684511439
CSDVRP-M-n50-s2,M,50,DRL-VNS18,1474.09373,1468.6287499999999,11.996446928806199,1467.8485,10,1677.4231,15.0,1652.3,0.8138184624668473,12.121531532503631
CSDVRP-M-n50-s2,M,50,Fixed-dominant,1469.60021,1468.8002,1.8984537131571875,1467.9876,10,1677.4231,15.0,1826.4,0.1291816441123935,12.389413857481749
CSDVRP-M-n50-s2,M,50,Fixed-small,1477.16686,1478.0925499999998,8.616936203675964,1467.8485,10,1677.4231,15.0,2603.3,0.5833421014925805,11.938326114621884
CSDVRP-M-n50-s2,M,50,Marginal-18,1477.52006,1472.1439,13.357590590638353,1467.6315,10,1677.4231,15.0016,1739.2,0.9040547707107511,11.917270007787534
CSDVRP-M-n50-s2,M,50,Marginal-9,1473.99342,1468.6077,11.373209447625358,1467.7784,10,1677.4231,15.0,1809.1,0.7715916023305829,12.12751153838289
CSDVRP-M-n50-s2,M,50,Random-18,1477.22955,1468.10915,16.66551014695717,1467.8485,10,1677.4231,15.0,1740.8,1.1281598142250249,11.934588834504542
CSDVRP-M-n50-s2,M,50,Random-9,1470.88312,1468.7199,5.144818771843275,1467.7784,10,1677.4231,15.0,1777.2,0.3497775385336719,12.312932855163377
CSDVRP-M-n50-s2,M,50,Roulette-18,1470.5491299999999,1468.4873,5.0142778055490265,1467.8485,10,1677.4231,15.0,1737.0,0.3409799579799845,12.332843753016165
CSDVRP-M-n50-s2,M,50,Roulette-9,1468.85147,1468.3056000000001,1.567635597572881,1467.6315,10,1677.4231,15.0,1923.3,0.10672526321350115,12.434050180899495
CSDVRP-M-n50-s2,M,50,VNS,1481.84278,1470.03295,18.518657472985957,1468.1625,10,1677.4231,15.0,2591.3,1.2497046058412458,11.659569967767824
CSDVRP-M-n50-s2,M,50,VNS-18,1471.57224,1468.115,6.616648380361008,1467.6315,10,1677.4231,15.0,1639.9,0.4496312311763239,12.271850793040826
CSDVRP-M-n50-s2,M,50,VNS-9,1477.0027599999999,1470.3087999999998,13.217414530770503,1467.993,10,1677.4231,15.0016,1757.3,0.894880828169238,11.948108977395155
CSDVRP-M-n50-s3,M,50,ALNS+,1452.48653,1444.25845,22.213335608995976,1421.9811,10,1746.7745,15.003200000000001,1795.6,1.5293316082591126,16.84750779221932
CSDVRP-M-n50-s3,M,50,DRL-ALNS,1449.1487300000001,1442.04005,27.91854509795906,1417.5975,10,1746.7745,15.0016,1466.0,1.9265479463905035,17.038591415205563
CSDVRP-M-n50-s3,M,50,DRL-VNS,1401.46476,1398.92865,5.1409389773983065,1398.7698,10,1746.7745,15.0016,1848.1,0.3668261324957116,19.768421167128324
CSDVRP-M-n50-s3,M,50,DRL-VNS18,1401.39056,1398.5879,8.62257571278243,1398.2978,10,1746.7745,15.0016,1814.5,0.6152871268650782,19.77266899648466
CSDVRP-M-n50-s3,M,50,Fixed-dominant,1400.03621,1400.17775,0.44918399954188903,1399.2918,10,1746.7745,15.0,1867.8,0.0320837415727904,19.85020333191262
CSDVRP-M-n50-s3,M,50,Fixed-small,1402.04249,1399.54925,6.08424790010144,1398.2978,10,1746.7745,15.0,3337.7,0.4339560279732635,19.735347063974196
CSDVRP-M-n50-s3,M,50,Marginal-18,1409.78993,1399.4511,20.699102226374176,1398.2978,10,1746.7745,15.0,1947.9,1.4682401814555575,19.291818720733563
CSDVRP-M-n50-s3,M,50,Marginal-9,1400.3877,1399.30145,4.058369926186813,1398.2978,10,1746.7745,15.0016,1893.0,0.2898033113391965,19.830081100909133
CSDVRP-M-n50-s3,M,50,Random-18,1412.40384,1399.5073,17.41322330747525,1398.6023,10,1746.7745,15.0,1880.2,1.2328785021906519,19.142176623256184
CSDVRP-M-n50-s3,M,50,Random-9,1411.91844,1399.15705,22.695633156534726,1398.4036,10,1746.7745,15.003200000000001,1903.4,1.607432307246779,19.169964984032
CSDVRP-M-n50-s3,M,50,Roulette-18,1412.5249600000002,1399.6009,17.376253662858417,1398.5501,10,1746.7745,15.0047,1896.7,1.2301555126401742,19.13524270018825
CSDVRP-M-n50-s3,M,50,Roulette-9,1401.60673,1399.53245,4.974296883882205,1398.6023,10,1746.7745,15.0016,1951.7,0.35489961466453607,19.760293615460956
CSDVRP-M-n50-s3,M,50,VNS,1401.43668,1399.39705,4.796074184580518,1398.406,10,1746.7745,15.0,2915.3,0.3422255356253783,19.770028701472338
CSDVRP-M-n50-s3,M,50,VNS-18,1400.31936,1399.3811500000002,3.6669305111738426,1398.5501,10,1746.7745,15.0,1855.2,0.26186387305063347,19.833993454793394
CSDVRP-M-n50-s3,M,50,VNS-9,1405.3982,1399.4859000000001,10.865485943624934,1398.7807,10,1746.7745,15.0016,1950.4,0.7731250789722752,19.543238122608265
CSDVRP-M-n50-s4,M,50,ALNS+,1690.62826,1692.91775,51.76528271065254,1634.0461,10,1919.2804,15.0016,1662.9,3.0618962154727347,11.91343067954011
CSDVRP-M-n50-s4,M,50,DRL-ALNS,1697.29085,1705.3763,35.735328226816875,1635.0927,10,1919.2804,15.0016,1364.2,2.1054333867891217,11.566290678527222
CSDVRP-M-n50-s4,M,50,DRL-VNS,1650.0024099999998,1648.08105,8.152930851669897,1641.1915,10,1919.2804,15.0,1553.8,0.4941162996040653,14.030153697187773
CSDVRP-M-n50-s4,M,50,DRL-VNS18,1656.6966,1652.24635,15.106425373183306,1632.832,10,1919.2804,15.0,1703.1,0.9118401868624169,13.681367245765658
CSDVRP-M-n50-s4,M,50,Fixed-dominant,1651.5848600000002,1648.7654,13.567445387085819,1643.2711,10,1919.2804,15.0,1948.8,0.8214803680802583,13.947703524716864
CSDVRP-M-n50-s4,M,50,Fixed-small,1663.5372199999997,1665.5133,11.201829650036828,1640.4734,10,1919.2804,15.0,2835.0,0.6733741520996344,13.324951372399802
CSDVRP-M-n50-s4,M,50,Marginal-18,1659.07739,1665.4293499999999,9.90769320527684,1641.8502,10,1919.2804,15.0016,1709.7,0.5971808949356389,13.557321275202943
CSDVRP-M-n50-s4,M,50,Marginal-9,1654.46358,1648.7833500000002,13.195534598306741,1641.4634,10,1919.2804,15.0016,1517.2,0.7975717784193679,13.797713976550794
CSDVRP-M-n50-s4,M,50,Random-18,1652.95927,1654.5774000000001,12.738061059766201,1634.8216,10,1919.2804,15.0,1703.4,0.7706215930998832,13.876092831459125
CSDVRP-M-n50-s4,M,50,Random-9,1650.79097,1646.2139499999998,12.675431682594166,1634.9335,10,1919.2804,15.0,1679.6,0.7678398969309946,13.989067465077017
CSDVRP-M-n50-s4,M,50,Roulette-18,1657.95865,1658.3411500000002,9.31402434256479,1643.3523,10,1919.2804,15.0,1722.5,0.5617766367433102,13.615610829975655
CSDVRP-M-n50-s4,M,50,Roulette-9,1645.02137,1645.4601,3.6946091108984165,1639.3603,10,1919.2804,15.0,1927.9,0.22459338086887082,14.289680132199557
CSDVRP-M-n50-s4,M,50,VNS,1661.31468,1666.31315,13.593036419824164,1641.1601,10,1919.2804,15.0,2775.5,0.8182096133541759,13.440752065201112
CSDVRP-M-n50-s4,M,50,VNS-18,1651.6773399999997,1648.356,9.0522234283075,1640.6692,10,1919.2804,15.0016,1763.4,0.5480624580287274,13.942885052126847
CSDVRP-M-n50-s4,M,50,VNS-9,1656.9377100000002,1651.3949,14.064242817115229,1647.4728,10,1919.2804,15.0016,1691.7,0.8488093868728008,13.66880472493753
CSDVRP-M-n50-s5,M,50,ALNS+,1701.54728,1702.64525,16.703045918155187,1672.4309,10,1904.3597999999997,15.0,1688.9,0.9816386599704234,10.649905548310763
CSDVRP-M-n50-s5,M,50,DRL-ALNS,1698.1939200000002,1695.17585,25.165910533135413,1652.9209,10,1904.3597999999997,15.0,1526.2,1.4819220724294793,10.825994121488995
CSDVRP-M-n50-s5,M,50,DRL-VNS,1626.33788,1628.2303499999998,13.26384758589219,1606.1842,10,1904.3597999999997,15.0016,1835.9,0.8155653108130391,14.599232771034115
CSDVRP-M-n50-s5,M,50,DRL-VNS18,1632.60566,1629.38695,17.470373794207525,1612.2404,10,1904.3597999999997,15.0,1830.8,1.0700914631281828,14.27010484048234
CSDVRP-M-n50-s5,M,50,Fixed-dominant,1629.8522600000001,1634.8861499999998,10.21345504770815,1611.4429,10,1904.3597999999997,15.0,1902.1,0.6266491324623589,14.414688862892383
CSDVRP-M-n50-s5,M,50,Fixed-small,1661.4909200000002,1658.81155,15.411820219039683,1642.3344,10,1904.3597999999997,15.0,2764.1,0.9275897950161341,12.753308487188164
CSDVRP-M-n50-s5,M,50,Marginal-18,1627.6954,1618.77875,20.949195642156184,1611.988,10,1904.3597999999997,15.0,1931.9,1.2870464364620176,14.527947922446153
CSDVRP-M-n50-s5,M,50,Marginal-9,1625.72307,1617.52435,18.320215423712213,1607.3752,10,1904.3597999999997,15.0,1910.3,1.1268964414531075,14.631517111419793
CSDVRP-M-n50-s5,M,50,Random-18,1631.47469,1623.65875,23.888819257991766,1606.095,10,1904.3597999999997,15.0,1891.1,1.4642470033042172,14.329493302683648
CSDVRP-M-n50-s5,M,50,Random-9,1626.17164,1634.37995,15.273722811504342,1606.033,10,1904.3597999999997,15.0,1849.0,0.9392442000467025,14.607962213863143
CSDVRP-M-n50-s5,M,50,Roulette-18,1622.16097,1614.1109999999999,17.70421292166547,1605.7458,10,1904.3597999999997,15.0,1982.5,1.0913968002611647,14.818566848554557
CSDVRP-M-n50-s5,M,50,Roulette-9,1621.02577,1617.1801500000001,12.801126537930516,1605.7648,10,1904.3597999999997,15.0016,2023.5,0.7896929694048304,14.878177432646908
CSDVRP-M-n50-s5,M,50,VNS,1639.4918499999999,1640.0225500000001,22.962915708122356,1603.0263,10,1904.3597999999997,15.0,2645.0,1.400611763219339,13.908503529637617
CSDVRP-M-n50-s5,M,50,VNS-18,1628.55483,1625.4049,19.97909759173601,1605.5673,10,1904.3597999999997,15.0016,2025.6,1.2267991978959658,14.482818320361506
CSDVRP-M-n50-s5,M,50,VNS-9,1627.84475,1627.72665,18.806572206323708,1605.8445,10,1904.3597999999997,15.0,1802.4,1.155305025637347,14.520105391848734
CSDVRP-S-n15-s0,S,15,ALNS+,630.5938100000001,631.88185,3.905877885515068,622.621,10,666.3141,5.0,7799.7,0.6193968008526864,5.360878600647949
CSDVRP-S-n15-s0,S,15,DRL-ALNS,628.9746299999999,631.42345,4.883579939859715,622.6694,10,666.3141,5.0,3797.9,0.7764351226471113,5.603884114113766
CSDVRP-S-n15-s0,S,15,DRL-VNS,612.9623799999999,606.5233,8.312816534965751,606.5233,10,666.3141,5.0,4358.8,1.3561707547151185,8.006992497982575
CSDVRP-S-n15-s0,S,15,DRL-VNS18,619.44711,622.621,6.812192567815413,606.5233,10,666.3141,5.0,4407.7,1.0997214221913818,7.033768308369896
CSDVRP-S-n15-s0,S,15,Fixed-dominant,609.75691,607.3126,7.729586907526174,607.3126,10,666.3141,5.0,8471.7,1.2676505638166813,8.488067414452148
CSDVRP-S-n15-s0,S,15,Fixed-small,609.94858,606.71395,6.921959848482239,606.5233,10,666.3141,5.0,8193.4,1.1348431778433257,8.459301701704955
CSDVRP-S-n15-s0,S,15,Marginal-18,614.6160699999999,614.57215,8.530696091703193,606.5233,10,666.3141,5.0,7069.6,1.3879715334653053,7.758807745476213
CSDVRP-S-n15-s0,S,15,Marginal-9,608.13307,606.5233,5.090539709009253,606.5233,10,666.3141,5.0,7180.3,0.8370766136775383,8.731772297779692
CSDVRP-S-n15-s0,S,15,Random-18,611.38362,606.5233,7.826313779636856,606.5233,10,666.3141,5.0,7075.0,1.280098701309148,8.243931803334208
CSDVRP-S-n15-s0,S,15,Random-9,612.9623799999999,606.5233,8.312816534965824,606.5233,10,666.3141,5.0,6951.7,1.3561707547151303,8.006992497982575
CSDVRP-S-n15-s0,S,15,Roulette-18,616.18192,622.621,8.31281653496578,606.5233,10,666.3141,5.0,6847.8,1.3490847857018882,7.523805964784485
CSDVRP-S-n15-s0,S,15,Roulette-9,609.7738499999999,606.5233,6.853150882015298,606.5233,10,666.3141,5.0,7013.6,1.1238840238910375,8.485525069933253
CSDVRP-S-n15-s0,S,15,VNS,617.84446,622.621,7.72546445050395,606.5233,10,666.3141,5.0,6006.9,1.2503898554830368,7.274293009858266
CSDVRP-S-n15-s0,S,15,VNS-18,611.3526099999999,606.5233,7.775927848237804,606.5233,10,666.3141,5.0,6956.7,1.271921918880465,8.24858576458162
CSDVRP-S-n15-s0,S,15,VNS-9,612.97702,606.5233,8.33182387859946,606.5233,10,666.3141,5.0,7235.1,1.3592391895212417,8.004795336013453
CSDVRP-S-n15-s1,S,15,ALNS+,602.39995,595.6473,13.30113593204642,590.7648,10,675.8866,5.0,7820.0,2.2080240763709265,10.872630112802954
CSDVRP-S-n15-s1,S,15,DRL-ALNS,600.94079,595.4394,14.628674891265204,590.7648,10,675.8866,5.0,3870.5,2.434295547031381,11.088518399388308
CSDVRP-S-n15-s1,S,15,DRL-VNS,597.74208,599.4153,3.6791819068917913,590.7648,10,675.8866,5.0,4207.6,0.6155132840725872,11.5617797423414
CSDVRP-S-n15-s1,S,15,DRL-VNS18,599.4437399999999,599.4153,0.0899351766551764,599.4153,10,675.8866,5.0,3931.6,0.015003105488294265,11.310012655969228
CSDVRP-S-n15-s1,S,15,Fixed-dominant,599.58594,599.6997,0.14686352848818754,599.4153,10,675.8866,5.0,6134.7,0.024494158166582014,11.28897362368184
CSDVRP-S-n15-s1,S,15,Fixed-small,600.2855999999999,600.6762,0.5042624316761919,599.6997,10,675.8866,5.0,6832.8,0.08400375282635332,11.185456258490715
CSDVRP-S-n15-s1,S,15,Marginal-18,597.6852,599.4153,3.6473710532382166,590.7648,10,675.8866,5.0,6103.4,0.6102495181808445,11.570195355256345
CSDVRP-S-n15-s1,S,15,Marginal-9,595.9551,599.4153,4.467098991515609,590.7648,10,675.8866,5.0,6032.0,0.749569722872681,11.826170248086
CSDVRP-S-n15-s1,S,15,Random-18,599.4153,599.4153,0.0,599.4153,10,675.8866,5.0,6080.8,0.0,11.314220462426691
CSDVRP-S-n15-s1,S,15,Random-9,598.55025,599.4153,2.7355282899286406,590.7648,10,675.8866,5.0,6585.0,0.45702566992974114,11.442207908841517
CSDVRP-S-n15-s1,S,15,Roulette-18,595.9551,599.4153,4.4670989915156065,590.7648,10,675.8866,5.0,5982.5,0.7495697228726805,11.826170248086
CSDVRP-S-n15-s1,S,15,Roulette-9,599.4437399999999,599.4153,0.08993517665518273,599.4153,10,675.8866,5.0,6122.0,0.015003105488295324,11.310012655969228
CSDVRP-S-n15-s1,S,15,VNS,592.4949,590.7648,3.647371053238192,590.7648,10,675.8866,5.0,5436.3,0.6155953499748592,12.338120033745307
CSDVRP-S-n15-s1,S,15,VNS-18,598.55025,599.4153,2.7355282899286477,590.7648,10,675.8866,5.0,6027.8,0.45702566992974236,11.442207908841517
CSDVRP-S-n15-s1,S,15,VNS-9,601.49879,599.4153,6.489261452661638,599.4153,10,675.8866,5.0,5854.2,1.0788486295478064,11.005960171425215
CSDVRP-S-n15-s2,S,15,ALNS+,604.5676100000001,604.4369,0.2922574909219529,604.4369,10,645.109,5.0,6869.9,0.04834157273525667,6.284424802630249
CSDVRP-S-n15-s2,S,15,DRL-ALNS,604.4369,604.4369,0.0,604.4369,10,645.109,5.0,3897.3,0.0,6.304686494840407
CSDVRP-S-n15-s2,S,15,DRL-VNS,604.5069000000001,604.4369,0.22135943621176096,604.4369,10,645.109,5.0,3892.4,0.03661818189532012,6.293835615376618
CSDVRP-S-n15-s2,S,15,DRL-VNS18,604.5069000000001,604.4369,0.22135943621176876,604.4369,10,645.109,5.0,4258.8,0.036618181895321414,6.293835615376618
CSDVRP-S-n15-s2,S,15,Fixed-dominant,605.38387,605.5838,0.37116633303383967,604.8839,10,645.109,5.0,6964.7,0.06131090559678104,6.157894247328751
CSDVRP-S-n15-s2,S,15,Fixed-small,616.0022200000001,618.8087,6.095983768351084,604.4369,10,645.109,5.0,8527.2,0.9896041881717703,4.5119165908396806
CSDVRP-S-n15-s2,S,15,Marginal-18,604.5069000000001,604.4369,0.22135943621176882,604.4369,10,645.109,5.0,6370.5,0.03661818189532143,6.293835615376618
CSDVRP-S-n15-s2,S,15,Marginal-9,604.4369,604.4369,0.0,604.4369,10,645.109,5.0,5974.7,0.0,6.304686494840407
CSDVRP-S-n15-s2,S,15,Random-18,604.4369,604.4369,0.0,604.4369,10,645.109,5.0,6503.7,0.0,6.304686494840407
CSDVRP-S-n15-s2,S,15,Random-9,604.4369,604.4369,0.0,604.4369,10,645.109,5.0,6768.3,0.0,6.304686494840407
CSDVRP-S-n15-s2,S,15,Roulette-18,604.4369,604.4369,0.0,604.4369,10,645.109,5.0,6100.5,0.0,6.304686494840407
CSDVRP-S-n15-s2,S,15,Roulette-9,604.4369,604.4369,0.0,604.4369,10,645.109,5.0,6348.3,0.0,6.304686494840407
CSDVRP-S-n15-s2,S,15,VNS,604.4369,604.4369,0.0,604.4369,10,645.109,5.0,5378.3,0.0,6.304686494840407
CSDVRP-S-n15-s2,S,15,VNS-18,604.4369,604.4369,0.0,604.4369,10,645.109,5.0,6348.5,0.0,6.304686494840407
CSDVRP-S-n15-s2,S,15,VNS-9,604.4369,604.4369,0.0,604.4369,10,645.109,5.0,6573.3,0.0,6.304686494840407
CSDVRP-S-n15-s3,S,15,ALNS+,611.57362,613.8579,5.495083648094461,601.7253,10,692.2972,5.0,7188.3,0.8985154801304969,11.660249384223997
CSDVRP-S-n15-s3,S,15,DRL-ALNS,608.9141099999999,613.8541,6.38180933651787,601.4006,10,692.2972,5.0,4161.7,1.048063960370022,12.044406650785247
CSDVRP-S-n15-s3,S,15,DRL-VNS,602.7269,601.4006,3.9173224494969885,601.4006,10,692.2972,5.0,4616.9,0.6499332366776709,12.938128306744556
CSDVRP-S-n15-s3,S,15,DRL-VNS18,609.24497,608.6169500000001,8.937188885655738,601.4006,10,692.2972,5.0,4711.4,1.4669286289972552,11.996615037587905
CSDVRP-S-n15-s3,S,15,Fixed-dominant,606.62566,601.4006,8.430082086881194,601.4006,10,692.2972,5.0,7287.7,1.3896679027526126,12.374965549477874
CSDVRP-S-n15-s3,S,15,Fixed-small,609.84816,603.90175,8.326717814121041,601.7253,10,692.2972,5.0,8629.7,1.3653755738348117,11.909486272658617
CSDVRP-S-n15-s3,S,15,Marginal-18,603.44511,601.4006,5.084038005900855,601.4006,10,692.2972,5.0,6967.1,0.8425021466991183,12.834385290017059
CSDVRP-S-n15-s3,S,15,Marginal-9,605.13779,601.4006,6.017447584676813,601.4006,10,692.2972,5.0,7761.4,0.9943929604325015,12.589883362232287
CSDVRP-S-n15-s3,S,15,Random-18,603.0084800000001,601.4006,5.084563004231531,601.4006,10,692.2972,5.0,6622.5,0.8431992538863682,12.897455023651677
CSDVRP-S-n15-s3,S,15,Random-9,602.7261100000001,601.4006,3.9148264912452073,601.4006,10,692.2972,5.0,7238.8,0.6495199770332177,12.938242419585103
CSDVRP-S-n15-s3,S,15,Roulette-18,603.40522,601.4006,5.099924386759738,601.4006,10,692.2972,5.0,6392.4,0.8451906310587995,12.840147266231899
CSDVRP-S-n15-s3,S,15,Roulette-9,602.68622,601.4006,3.9273295515174156,601.4006,10,692.2972,5.0,6741.4,0.6516375223441172,12.944004395799944
CSDVRP-S-n15-s3,S,15,VNS,601.4006,601.4006,0.0,601.4006,10,692.2972,5.0,5623.3,0.0,13.129707876906036
CSDVRP-S-n15-s3,S,15,VNS-18,603.89206,601.4006,5.2524588661353775,601.4006,10,692.2972,5.0,6777.4,0.8697678300548243,12.769824867123535
CSDVRP-S-n15-s3,S,15,VNS-9,603.16274,601.60005,3.948988279490764,601.4006,10,692.2972,5.0,6952.9,0.6547135652793745,12.875172685950483
CSDVRP-S-n15-s4,S,15,ALNS+,602.04422,603.4566,7.33401215446075,585.7427,10,624.2332,5.0,7955.6,1.2181849623040564,3.554597865028649
CSDVRP-S-n15-s4,S,15,DRL-ALNS,597.90635,602.9731,7.9815836464325844,585.7427,10,624.2332,5.0,4172.9,1.3349220402881798,4.2174703299984735
CSDVRP-S-n15-s4,S,15,DRL-VNS,587.46574,585.7427,5.448730899576539,585.7427,10,624.2332,5.0,4277.7,0.9274976443011874,5.890019947673406
CSDVRP-S-n15-s4,S,15,DRL-VNS18,587.49675,585.7427,5.438708304010358,585.7427,10,624.2332,5.0,4499.0,0.9257427047911939,5.8850522529080465
CSDVRP-S-n15-s4,S,15,Fixed-dominant,606.3303,606.3303,0.0,606.3303,10,624.2332,5.0,8226.1,0.0,2.867982670578887
CSDVRP-S-n15-s4,S,15,Fixed-small,593.9737200000001,586.0528,10.226321560756793,586.0528,10,624.2332,5.0,8027.7,1.7216791276147354,4.8474640567018765
CSDVRP-S-n15-s4,S,15,Marginal-18,585.7427,585.7427,0.0,585.7427,10,624.2332,5.0,7043.8,0.0,6.16604499728627
CSDVRP-S-n15-s4,S,15,Marginal-9,587.49675,585.7427,5.438708304010349,585.7427,10,624.2332,5.0,6792.3,0.9257427047911924,5.8850522529080465
CSDVRP-S-n15-s4,S,15,Random-18,587.46574,585.7427,5.448730899576534,585.7427,10,624.2332,5.0,7173.8,0.9274976443011865,5.890019947673406
CSDVRP-S-n15-s4,S,15,Random-9,585.7427,585.7427,0.0,585.7427,10,624.2332,5.0,7206.6,0.0,6.16604499728627
CSDVRP-S-n15-s4,S,15,Roulette-18,585.77371,585.7427,0.09806223024184667,585.7427,10,624.2332,5.0,6945.2,0.016740633553159405,6.16107730252091
CSDVRP-S-n15-s4,S,15,Roulette-9,585.77371,585.7427,0.09806223024183602,585.7427,10,624.2332,5.0,6595.8,0.016740633553157587,6.16107730252091
CSDVRP-S-n15-s4,S,15,VNS,589.1887800000001,585.7427,7.264974532768707,585.7427,10,624.2332,5.0,6370.3,1.2330469926410863,5.613994898060524
CSDVRP-S-n15-s4,S,15,VNS-18,585.7427,585.7427,0.0,585.7427,10,624.2332,5.0,7047.9,0.0,6.16604499728627
CSDVRP-S-n15-s4,S,15,VNS-9,585.7427,585.7427,0.0,585.7427,10,624.2332,5.0,6932.0,0.0,6.16604499728627
CSDVRP-S-n15-s5,S,15,ALNS+,672.4732799999999,668.7873,7.065528519949674,666.5148,10,800.4223,5.0,8677.9,1.050677957040862,15.985189318188663
CSDVRP-S-n15-s5,S,15,DRL-ALNS,672.09423,667.7953,7.340323490457039,666.5148,10,800.4223,5.0,3966.9,1.0921568974721056,16.032545570007223
CSDVRP-S-n15-s5,S,15,DRL-VNS,666.5148,666.5148,0.0,666.5148,10,800.4223,5.0,4572.1,0.0,16.72960635904321
CSDVRP-S-n15-s5,S,15,DRL-VNS18,666.5148,666.5148,0.0,666.5148,10,800.4223,5.0,5048.2,0.0,16.72960635904321
CSDVRP-S-n15-s5,S,15,Fixed-dominant,667.37112,667.5614,0.2456504237054585,667.0857,10,800.4223,5.0,10454.0,0.03680866857191221,16.622622832972038
CSDVRP-S-n15-s5,S,15,Fixed-small,667.51758,668.1861,0.8630556088688471,666.5148,10,800.4223,5.0,9381.3,0.12929331522157772,16.60432499194488
CSDVRP-S-n15-s5,S,15,Marginal-18,666.5148,666.5148,0.0,666.5148,10,800.4223,5.0,8515.7,0.0,16.72960635904321
CSDVRP-S-n15-s5,S,15,Marginal-9,666.5148,666.5148,0.0,666.5148,10,800.4223,5.0,8403.0,0.0,16.72960635904321
CSDVRP-S-n15-s5,S,15,Random-18,666.5148,666.5148,0.0,666.5148,10,800.4223,5.0,8087.7,0.0,16.72960635904321
CSDVRP-S-n15-s5,S,15,Random-9,666.5148,666.5148,0.0,666.5148,10,800.4223,5.0,8370.5,0.0,16.72960635904321
CSDVRP-S-n15-s5,S,15,Roulette-18,666.5148,666.5148,0.0,666.5148,10,800.4223,5.0,7836.7,0.0,16.72960635904321
CSDVRP-S-n15-s5,S,15,Roulette-9,666.5148,666.5148,0.0,666.5148,10,800.4223,5.0,8423.0,0.0,16.72960635904321
CSDVRP-S-n15-s5,S,15,VNS,666.5148,666.5148,0.0,666.5148,10,800.4223,5.0,6816.0,0.0,16.72960635904321
CSDVRP-S-n15-s5,S,15,VNS-18,666.5148,666.5148,0.0,666.5148,10,800.4223,5.0,8227.5,0.0,16.72960635904321
CSDVRP-S-n15-s5,S,15,VNS-9,666.5148,666.5148,0.0,666.5148,10,800.4223,5.0,8697.0,0.0,16.72960635904321
CSDVRP-S-n20-s0,S,20,ALNS+,768.07173,756.3441,15.445332223760463,756.2207,10,835.2978,6.0,5251.7,2.010923149555376,8.048155998974263
CSDVRP-S-n20-s0,S,20,DRL-ALNS,760.8399099999999,756.2824,10.472298793425326,756.2207,10,835.2978,6.0,3598.8,1.376412916276346,8.913933449842695
CSDVRP-S-n20-s0,S,20,DRL-VNS,756.25772,756.2207,0.05960786301603006,756.2207,10,835.2978,6.0,3371.5,0.007881951012153644,9.462503073754066
CSDVRP-S-n20-s0,S,20,DRL-VNS18,756.25772,756.2207,0.059607863016020855,756.2207,10,835.2978,6.0,3546.2,0.007881951012152427,9.462503073754066
CSDVRP-S-n20-s0,S,20,Fixed-dominant,758.02853,756.4198,5.072910320089099,756.2207,10,835.2978,6.0,4807.1,0.669224193987672,9.250505628052654
CSDVRP-S-n20-s0,S,20,Fixed-small,784.7513,784.7513,0.0,784.7513,10,835.2978,6.0,5372.9,0.0,6.051314872372468
CSDVRP-S-n20-s0,S,20,Marginal-18,756.2700600000001,756.2207,0.06372348598963622,756.2207,10,835.2978,6.0,4724.0,0.008426022575802645,9.461025756323073
CSDVRP-S-n20-s0,S,20,Marginal-9,756.2700600000001,756.2207,0.06372348598963179,756.2207,10,835.2978,6.0,4582.5,0.00842602257580206,9.461025756323073
CSDVRP-S-n20-s0,S,20,Random-18,756.2823999999999,756.2824,0.06503751054416945,756.2207,10,835.2978,6.0,4768.8,0.008599632960408632,9.459548438892107
CSDVRP-S-n20-s0,S,20,Random-9,756.2700600000001,756.2207,0.06372348598963663,756.2207,10,835.2978,6.0,4731.1,0.0084260225758027,9.461025756323073
CSDVRP-S-n20-s0,S,20,Roulette-18,756.2700600000001,756.2207,0.06372348598963232,756.2207,10,835.2978,6.0,4712.7,0.00842602257580213,9.461025756323073
CSDVRP-S-n20-s0,S,20,Roulette-9,756.2700600000001,756.2207,0.06372348598960367,756.2207,10,835.2978,6.0,4890.5,0.008426022575798341,9.461025756323073
CSDVRP-S-n20-s0,S,20,VNS,756.23304,756.2207,0.0390225063264995,756.2207,10,835.2978,6.0,4148.5,0.005160116559638746,9.465457708616027
CSDVRP-S-n20-s0,S,20,VNS-18,756.25772,756.2207,0.05960786301602188,756.2207,10,835.2978,6.0,4594.1,0.007881951012152562,9.462503073754066
CSDVRP-S-n20-s0,S,20,VNS-9,756.24538,756.2207,0.05203000843533167,756.2207,10,835.2978,6.0,4728.8,0.006880043146224798,9.463980391185046
CSDVRP-S-n20-s1,S,20,ALNS+,809.66202,812.68175,16.180363443232995,785.6837,10,908.0268,6.0,5045.3,1.9984095886371198,10.832805815863585
CSDVRP-S-n20-s1,S,20,DRL-ALNS,797.33002,790.63355,13.952129206827184,785.4801,10,908.0268,6.0,3208.0,1.7498562523492072,12.19091551042326
CSDVRP-S-n20-s1,S,20,DRL-VNS,792.3164899999999,785.2664,11.351723364949201,785.2664,10,908.0268,6.0,3722.8,1.4327258751044298,12.743050094997201
CSDVRP-S-n20-s1,S,20,DRL-VNS18,785.2664,785.2664,0.0,785.2664,10,908.0268,6.0,3742.1,0.0,13.519468808629878
CSDVRP-S-n20-s1,S,20,Fixed-dominant,785.67352,785.7152000000001,0.20505588831664395,785.4201,10,908.0268,6.0,5425.8,0.02609937627993927,13.474633127568476
CSDVRP-S-n20-s1,S,20,Fixed-small,791.64378,785.539,10.305843127921825,785.3009,10,908.0268,6.0,7164.8,1.3018283460677005,12.81713491275808
CSDVRP-S-n20-s1,S,20,Marginal-18,785.2664,785.2664,0.0,785.2664,10,908.0268,6.0,5054.9,0.0,13.519468808629878
CSDVRP-S-n20-s1,S,20,Marginal-9,785.2664,785.2664,0.0,785.2664,10,908.0268,6.0,4726.5,0.0,13.519468808629878
CSDVRP-S-n20-s1,S,20,Random-18,787.6164299999999,785.2664,7.431447369725521,785.2664,10,908.0268,6.0,4780.3,0.9435363568692342,13.260662570752324
CSDVRP-S-n20-s1,S,20,Random-9,785.2664,785.2664,0.0,785.2664,10,908.0268,6.0,4310.7,0.0,13.519468808629878
CSDVRP-S-n20-s1,S,20,Roulette-18,785.2664,785.2664,0.0,785.2664,10,908.0268,6.0,4912.9,0.0,13.519468808629878
CSDVRP-S-n20-s1,S,20,Roulette-9,787.6164299999999,785.2664,7.43144736972551,785.2664,10,908.0268,6.0,4685.9,0.9435363568692328,13.260662570752324
CSDVRP-S-n20-s1,S,20,VNS,785.2698499999999,785.2664,0.010909857927596035,785.2664,10,908.0268,6.0,4363.5,0.0013893132313173664,13.519088863896977
CSDVRP-S-n20-s1,S,20,VNS-18,799.36658,808.7667,12.135502737450441,785.2664,10,908.0268,6.0,4738.4,1.5181398673747957,11.966631381364513
CSDVRP-S-n20-s1,S,20,VNS-9,797.01655,797.01655,12.38574561620917,785.2664,10,908.0268,6.0,4633.1,1.5540136043861534,12.225437619242067
CSDVRP-S-n20-s2,S,20,ALNS+,679.19178,673.6809000000001,11.581535463333232,670.121,10,732.8183,6.0,4905.9,1.7051937029233823,7.317846729537189
CSDVRP-S-n20-s2,S,20,DRL-ALNS,673.67977,670.1283,8.415434193994065,670.121,10,732.8183,6.0,3223.5,1.249174246985933,8.070012716658422
CSDVRP-S-n20-s2,S,20,DRL-VNS,670.1217300000001,670.121,0.002308462691914444,670.121,10,732.8183,6.0,3482.0,0.00034448408230463494,8.555540984716123
CSDVRP-S-n20-s2,S,20,DRL-VNS18,670.12465,670.12465,0.0038474378198704254,670.121,10,732.8183,6.0,3532.4,0.000574137635419086,8.555142523051082
CSDVRP-S-n20-s2,S,20,Fixed-dominant,671.0734399999999,671.02485,0.15680868881820195,671.0165,10,732.8183,6.0,5225.9,0.023366844740301745,8.425671138398172
CSDVRP-S-n20-s2,S,20,Fixed-small,670.13707,670.1377,0.006839273840560896,670.1283,10,732.8183,6.0,5971.3,0.00102057834833117,8.553447696379857
CSDVRP-S-n20-s2,S,20,Marginal-18,670.1217300000001,670.121,0.002308462691922655,670.121,10,732.8183,6.0,4803.9,0.00034448408230586025,8.555540984716123
CSDVRP-S-n20-s2,S,20,Marginal-9,670.1217300000001,670.121,0.002308462691915577,670.121,10,732.8183,6.0,4493.3,0.0003444840823048041,8.555540984716123
CSDVRP-S-n20-s2,S,20,Random-18,670.1217300000001,670.121,0.0023084626919089198,670.121,10,732.8183,6.0,4801.3,0.00034448408230381057,8.555540984716123
CSDVRP-S-n20-s2,S,20,Random-9,670.1217300000001,670.121,0.002308462691900265,670.121,10,732.8183,6.0,4795.9,0.00034448408230251907,8.555540984716123
CSDVRP-S-n20-s2,S,20,Roulette-18,670.1224599999999,670.121,0.0030779502559038397,670.121,10,732.8183,6.0,4702.3,0.00045931160938910174,8.555441369299878
CSDVRP-S-n20-s2,S,20,Roulette-9,670.121,670.121,0.0,670.121,10,732.8183,6.0,4599.8,0.0,8.5556406001324
CSDVRP-S-n20-s2,S,20,VNS,670.121,670.121,0.0,670.121,10,732.8183,6.0,3956.1,0.0,8.5556406001324
CSDVRP-S-n20-s2,S,20,VNS-18,672.0403899999999,670.121,6.064514960443645,670.121,10,732.8183,6.0,4649.5,0.9024033451982917,8.293721649691353
CSDVRP-S-n20-s2,S,20,VNS-9,670.1217300000001,670.121,0.002308462691918906,670.121,10,732.8183,6.0,4730.4,0.00034448408230530086,8.555540984716123
CSDVRP-S-n20-s3,S,20,ALNS+,703.90998,704.7360000000001,11.857980654188594,690.3257,10,797.0264,6.0,5126.3,1.6845876590908107,11.682978129708118
CSDVRP-S-n20-s3,S,20,DRL-ALNS,701.29971,698.5603000000001,13.06910783076303,690.3257,10,797.0264,6.0,3453.9,1.8635552880469652,12.010479201190822
CSDVRP-S-n20-s3,S,20,DRL-VNS,703.29627,703.7459,12.327815853773727,691.1397,10,797.0264,6.0,3403.9,1.7528623966360186,11.75997808855515
CSDVRP-S-n20-s3,S,20,DRL-VNS18,708.75041,710.387,11.704032389779174,691.1397,10,797.0264,6.0,3622.9,1.6513616393927975,11.075667004254813
CSDVRP-S-n20-s3,S,20,Fixed-dominant,701.02913,691.2399,16.705982997187938,691.2399,10,797.0264,6.0,5907.4,2.3830654508162787,12.044427888461406
CSDVRP-S-n20-s3,S,20,Fixed-small,713.7186899999999,714.5796,16.132177324868465,691.556,10,797.0264,6.0,6437.1,2.260299127779387,10.45231500487312
CSDVRP-S-n20-s3,S,20,Marginal-18,700.92577,691.4555,16.540312600099238,691.1397,10,797.0264,6.0,5144.9,2.3597809223220936,12.057396091271244
CSDVRP-S-n20-s3,S,20,Marginal-9,692.49551,691.2399,3.9705874528840197,691.2399,10,797.0264,6.0,4743.0,0.5733737469119504,13.115110114294835
CSDVRP-S-n20-s3,S,20,Random-18,700.0905700000001,691.4555,15.643000276875675,691.2399,10,797.0264,6.0,4908.8,2.234425222564514,12.162185593852337
CSDVRP-S-n20-s3,S,20,Random-9,698.08835,691.3477,11.651464718247054,690.3257,10,797.0264,6.0,4914.0,1.6690530243409811,12.413396846076866
CSDVRP-S-n20-s3,S,20,Roulette-18,703.02889,699.04745,13.456148920140564,690.3257,10,797.0264,6.0,4942.5,1.914025029631508,11.793525283478681
CSDVRP-S-n20-s3,S,20,Roulette-9,694.67733,691.2399,7.58780205008158,690.5413,10,797.0264,6.0,4438.9,1.0922771943747724,12.84136510409191
CSDVRP-S-n20-s3,S,20,VNS,704.2285899999999,705.2121,13.085559764059663,691.2399,10,797.0264,6.0,4040.6,1.858140943136044,11.64300329324098
CSDVRP-S-n20-s3,S,20,VNS-18,716.98019,714.5796,11.438632837931282,703.6958,10,797.0264,6.0,4784.0,1.5953903604967499,10.043106476774167
CSDVRP-S-n20-s3,S,20,VNS-9,708.6226800000001,706.2714,9.703907068552931,691.2399,10,797.0264,6.0,4506.6,1.3694039638348763,11.091692822220182
CSDVRP-S-n20-s4,S,20,ALNS+,724.47133,719.4708,12.303890398573552,719.4697,10,798.0501,6.0,4867.2,1.698326750704345,9.219818404884615
CSDVRP-S-n20-s4,S,20,DRL-ALNS,728.47147,719.4697,14.878168762619937,719.4697,10,798.0501,6.0,3363.9,2.042381805648468,8.718579196970227
CSDVRP-S-n20-s4,S,20,DRL-VNS,719.4697,719.4697,0.0,719.4697,10,798.0501,6.0,3302.0,0.0,9.8465497341583
CSDVRP-S-n20-s4,S,20,DRL-VNS18,719.4697,719.4697,0.0,719.4697,10,798.0501,6.0,3698.1,0.0,9.8465497341583
CSDVRP-S-n20-s4,S,20,Fixed-dominant,719.7178200000001,719.5725,0.28094206124708226,719.4719,10,798.0501,6.0,5294.4,0.03903502920729158,9.815458954268657
CSDVRP-S-n20-s4,S,20,Fixed-small,736.89576,741.252,9.183760304193934,719.4697,10,798.0501,6.0,5141.8,1.2462767195449644,7.662970031580729
CSDVRP-S-n20-s4,S,20,Marginal-18,719.4697,719.4697,0.0,719.4697,10,798.0501,6.0,4845.5,0.0,9.8465497341583
CSDVRP-S-n20-s4,S,20,Marginal-9,719.4697,719.4697,0.0,719.4697,10,798.0501,6.0,4489.2,0.0,9.8465497341583
CSDVRP-S-n20-s4,S,20,Random-18,719.4697,719.4697,0.0,719.4697,10,798.0501,6.0,4912.6,0.0,9.8465497341583
CSDVRP-S-n20-s4,S,20,Random-9,719.4697,719.4697,0.0,719.4697,10,798.0501,6.0,4893.7,0.0,9.8465497341583
CSDVRP-S-n20-s4,S,20,Roulette-18,719.4697,719.4697,0.0,719.4697,10,798.0501,6.0,4792.3,0.0,9.8465497341583
CSDVRP-S-n20-s4,S,20,Roulette-9,719.4697,719.4697,0.0,719.4697,10,798.0501,6.0,4643.5,0.0,9.8465497341583
CSDVRP-S-n20-s4,S,20,VNS,719.46992,719.4697,0.0006957010852705687,719.4697,10,798.0501,6.0,3961.5,9.669634072687412e-05,9.846522166966714
CSDVRP-S-n20-s4,S,20,VNS-18,719.4697,719.4697,0.0,719.4697,10,798.0501,6.0,4913.4,0.0,9.8465497341583
CSDVRP-S-n20-s4,S,20,VNS-9,719.4697,719.4697,0.0,719.4697,10,798.0501,6.0,4583.1,0.0,9.8465497341583
CSDVRP-S-n20-s5,S,20,ALNS+,763.1659,763.1659,0.0,763.1659,10,865.7,6.0,6184.1,0.0,11.844068383966741
CSDVRP-S-n20-s5,S,20,DRL-ALNS,763.17433,763.1659,0.026658000675215034,763.1659,10,865.7,6.0,3626.1,0.0034930421041828065,11.843094605521541
CSDVRP-S-n20-s5,S,20,DRL-VNS,763.1659,763.1659,0.0,763.1659,10,865.7,6.0,4091.0,0.0,11.844068383966741
CSDVRP-S-n20-s5,S,20,DRL-VNS18,763.17433,763.1659,0.02665800067521836,763.1659,10,865.7,6.0,4054.6,0.003493042104183242,11.843094605521541
CSDVRP-S-n20-s5,S,20,Fixed-dominant,763.2249099999999,763.2502,0.04072076865679432,763.1659,10,865.7,6.0,6397.9,0.005335356344277904,11.837251934850425
CSDVRP-S-n20-s5,S,20,Fixed-small,763.24177,763.2502,0.02665800067522502,763.1659,10,865.7,6.0,7679.0,0.0034927334591796544,11.83530437796004
CSDVRP-S-n20-s5,S,20,Marginal-18,763.17433,763.1659,0.02665800067521836,763.1659,10,865.7,6.0,5532.3,0.003493042104183242,11.843094605521541
CSDVRP-S-n20-s5,S,20,Marginal-9,763.1659,763.1659,0.0,763.1659,10,865.7,6.0,5264.6,0.0,11.844068383966741
CSDVRP-S-n20-s5,S,20,Random-18,767.16191,763.1659,12.636493152809427,763.1659,10,865.7,6.0,5180.1,1.647174212912816,11.38247545339032
CSDVRP-S-n20-s5,S,20,Random-9,763.1659,763.1659,0.0,763.1659,10,865.7,6.0,5475.0,0.0,11.844068383966741
CSDVRP-S-n20-s5,S,20,Roulette-18,763.1659,763.1659,0.0,763.1659,10,865.7,6.0,5284.1,0.0,11.844068383966741
CSDVRP-S-n20-s5,S,20,Roulette-9,763.1659,763.1659,0.0,763.1659,10,865.7,6.0,5454.3,0.0,11.844068383966741
CSDVRP-S-n20-s5,S,20,VNS,763.1659,763.1659,0.0,763.1659,10,865.7,6.0,4245.0,0.0,11.844068383966741
CSDVRP-S-n20-s5,S,20,VNS-18,763.17433,763.1659,0.026658000675205285,763.1659,10,865.7,6.0,5422.3,0.0034930421041815284,11.843094605521541
CSDVRP-S-n20-s5,S,20,VNS-9,763.17433,763.1659,0.02665800067522502,763.1659,10,865.7,6.0,5701.6,0.003493042104184114,11.843094605521541
CSDVRP-XL-n150-s0,XL,150,ALNS+,4624.26794,4625.14275,40.89723375155483,4523.1809,10,5021.4451,50.061099999999996,656.4,0.884404499959724,7.909618687257981
CSDVRP-XL-n150-s0,XL,150,DRL-ALNS,4535.10606,4510.7285,64.17689975925393,4451.5662,10,5021.4451,50.0625,700.9,1.4151135367108465,9.685240609321804
CSDVRP-XL-n150-s0,XL,150,DRL-VNS,4404.9066,4396.37975,32.29369856829654,4349.8291,10,5021.4451,50.0142,1488.8,0.7331301546392957,12.27810894517197
CSDVRP-XL-n150-s0,XL,150,DRL-VNS18,4382.85011,4368.676299999999,50.49782489781025,4328.2717,10,5021.4451,50.0609,987.0,1.1521686489481668,12.717354810869077
CSDVRP-XL-n150-s0,XL,150,Fixed-dominant,4431.33908,4425.6208,39.024707474988695,4381.8284,10,5021.4451,50.0142,1279.3,0.880652704982998,11.751717050535914
CSDVRP-XL-n150-s0,XL,150,Fixed-small,4363.34826,4362.3269,28.09652776321886,4317.4445,10,5021.4451,50.0048,2485.2,0.6439212753377348,13.105726078733792
CSDVRP-XL-n150-s0,XL,150,Marginal-18,4400.74409,4401.9925,51.510919367481556,4343.4624,10,5021.4451,50.0453,985.8,1.1705047672399773,12.361003608303909
CSDVRP-XL-n150-s0,XL,150,Marginal-9,4418.31856,4420.6569,32.533094617881,4354.8954,10,5021.4451,50.0204,1639.3,0.7363229739116186,12.011015315093262
CSDVRP-XL-n150-s0,XL,150,Random-18,4417.73828,4424.21695,44.84625181765908,4325.3015,10,5021.4451,50.0375,881.5,1.0151405306350354,12.022571351024038
CSDVRP-XL-n150-s0,XL,150,Random-9,4425.62488,4421.4481,42.39203688403426,4351.2466,10,5021.4451,50.0016,1651.8,0.9578768656062476,11.86551297752911
CSDVRP-XL-n150-s0,XL,150,Roulette-18,4372.33034,4361.76765,46.03485718909575,4329.0732,10,5021.4451,50.0515,946.7,1.052867775518895,12.926851674630466
CSDVRP-XL-n150-s0,XL,150,Roulette-9,4391.15651,4393.5429,27.98849691206278,4344.9273,10,5021.4451,50.0126,1755.5,0.6373832690391348,12.551936294195473
CSDVRP-XL-n150-s0,XL,150,VNS,4367.88096,4370.0908500000005,27.997867008367198,4331.987,10,5021.4451,50.034499999999994,1575.0,0.6409942776546547,13.015459235031754
CSDVRP-XL-n150-s0,XL,150,VNS-18,4393.10239,4386.281300000001,45.5910626107415,4321.0407,10,5021.4451,50.0438,940.3,1.0377873894885818,12.513184899701479
CSDVRP-XL-n150-s0,XL,150,VNS-9,4459.03341,4449.02195,40.50386091337341,4390.5099,10,5021.4451,50.0173,1599.6,0.9083551790066855,11.200195935628171
CSDVRP-XL-n150-s1,XL,150,ALNS+,4437.53731,4447.808,51.53084352056557,4363.2186,10,4744.1508,50.0672,648.8,1.1612486818857997,6.462979422998118
CSDVRP-XL-n150-s1,XL,150,DRL-ALNS,4412.32726,4408.79015,49.7064550959642,4327.6081,10,4744.1508,50.029700000000005,697.0,1.126536001682799,6.994371679753525
CSDVRP-XL-n150-s1,XL,150,DRL-VNS,4238.45046,4238.653850000001,32.92114846640572,4168.5435,10,4744.1508,50.0235,1408.4,0.7767260412052974,10.659449105201299
CSDVRP-XL-n150-s1,XL,150,DRL-VNS18,4262.37593,4237.313749999999,63.2625396191852,4197.6663,10,4744.1508,50.0265,966.1,1.4842083537006365,10.1551339809856
CSDVRP-XL-n150-s1,XL,150,Fixed-dominant,4281.61863,4278.90365,34.37063107609475,4234.7138,10,4744.1508,50.0111,1276.3,0.8027485408268311,9.749525036177188
CSDVRP-XL-n150-s1,XL,150,Fixed-small,4224.30812,4212.746,38.51092056794572,4172.625,10,4744.1508,50.011,2307.3,0.9116503691010522,10.957549663050353
CSDVRP-XL-n150-s1,XL,150,Marginal-18,4260.0454899999995,4259.5807,54.99255359954441,4192.8264,10,4744.1508,50.0329,957.4,1.29089122941606,10.204256365543877
CSDVRP-XL-n150-s1,XL,150,Marginal-9,4279.2212500000005,4275.0829,44.66617866947979,4232.0659,10,4744.1508,50.0141,1516.5,1.0437922243324012,9.800058421414425
CSDVRP-XL-n150-s1,XL,150,Random-18,4276.5198199999995,4266.38025,42.89368057725985,4226.7289,10,4744.1508,50.0392,864.9,1.0030043676322737,9.857000751325206
CSDVRP-XL-n150-s1,XL,150,Random-9,4269.79995,4280.43355,33.8549414512121,4218.0576,10,4744.1508,50.0079,1584.6,0.7928929188172411,9.998646122294442
CSDVRP-XL-n150-s1,XL,150,Roulette-18,4275.6429499999995,4273.306850000001,50.4876132378639,4195.0878,10,4744.1508,50.0172,958.2,1.1808192084389064,9.875483932762021
CSDVRP-XL-n150-s1,XL,150,Roulette-9,4242.3558299999995,4232.3958,37.656338632428515,4197.7463,10,4744.1508,50.0127,1636.9,0.887628010034899,10.577129420085061
CSDVRP-XL-n150-s1,XL,150,VNS,4248.57169,4245.26735,48.54524872971485,4187.8347,10,4744.1508,50.0376,1397.9,1.142625151977013,10.446107868240624
CSDVRP-XL-n150-s1,XL,150,VNS-18,4286.2585899999995,4291.02055,69.39289833828627,4180.4962,10,4744.1508,50.0109,915.6,1.6189620127022315,9.651721231121085
CSDVRP-XL-n150-s1,XL,150,VNS-9,4270.118619999999,4264.66665,37.36983909268157,4226.8552,10,4744.1508,50.025,1634.5,0.8751475642304657,9.991929008664755
CSDVRP-XL-n150-s2,XL,150,ALNS+,4211.48578,4232.9794999999995,54.67052493209346,4062.4075,10,4545.4892,50.026599999999995,677.7,1.2981291588759314,7.348019218701476
CSDVRP-XL-n150-s2,XL,150,DRL-ALNS,4176.31632,4170.1142500000005,48.77963273470674,4116.2266,10,4545.4892,50.0828,749.2,1.1680061804970447,8.121741439843264
CSDVRP-XL-n150-s2,XL,150,DRL-VNS,4064.56895,4054.91605,34.54490014900903,4027.2091,10,4545.4892,50.0158,1492.0,0.8499031649840515,10.580164836823288
CSDVRP-XL-n150-s2,XL,150,DRL-VNS18,3998.26486,3991.5495,17.696681233446775,3979.22,10,4545.4892,50.0546,972.8,0.4426090279933775,12.038843695855658
CSDVRP-XL-n150-s2,XL,150,Fixed-dominant,4082.37604,4082.0324,19.729611918084455,4053.665,10,4545.4892,50.0125,1211.5,0.48328747094264385,10.188411843548103
CSDVRP-XL-n150-s2,XL,150,Fixed-small,4040.73939,4045.7332,39.299195791020985,3971.6803,10,4545.4892,50.0064,2393.6,0.9725743731030618,11.104411159969311
CSDVRP-XL-n150-s2,XL,150,Marginal-18,4013.51713,4003.39585,38.830670984475034,3964.6054,10,4545.4892,50.0173,1004.5,0.9674973278231661,11.703296314068897
CSDVRP-XL-n150-s2,XL,150,Marginal-9,4057.37845,4053.94115,23.9682896165493,4020.2922,10,4545.4892,50.0219,1495.9,0.5907333987183103,10.738354630784292
CSDVRP-XL-n150-s2,XL,150,Random-18,4036.0830699999997,4033.59445,52.26610480535685,3966.2692,10,4545.4892,50.0437,853.1,1.2949709879325368,11.206849418980037
CSDVRP-XL-n150-s2,XL,150,Random-9,4071.14084,4069.8689,33.85994763243964,4025.0241,10,4545.4892,50.011,1527.0,0.831706614022217,10.435584359104846
CSDVRP-XL-n150-s2,XL,150,Roulette-18,4007.16081,3999.71855,27.743698432394854,3978.0969,10,4545.4892,50.0483,934.8,0.6923530087227734,11.843134287944192
CSDVRP-XL-n150-s2,XL,150,Roulette-9,4040.6924100000006,4037.8625,22.710034412931936,4007.0464,10,4545.4892,50.017199999999995,1623.3,0.562033238578829,11.105444712089502
CSDVRP-XL-n150-s2,XL,150,VNS,4011.99674,4011.9813999999997,32.38592900124645,3971.6783,10,4545.4892,50.0204,1464.4,0.8072272013173781,11.73674463905887
CSDVRP-XL-n150-s2,XL,150,VNS-18,4035.7584699999998,4036.0534500000003,21.267540025120745,4011.5928,10,4545.4892,50.0235,905.1,0.5269775231400492,11.21399056453594
CSDVRP-XL-n150-s2,XL,150,VNS-9,4051.6457600000003,4049.4374,28.998034759663717,4014.1042,10,4545.4892,50.0126,1521.5,0.7157100219853306,10.86447284925899
CSDVRP-XL-n150-s3,XL,150,ALNS+,3944.6302299999998,3955.3039,41.06479070038921,3867.7742,10,4237.9876,50.0501,674.6,1.0410301677475409,6.922091277473314
CSDVRP-XL-n150-s3,XL,150,DRL-ALNS,3937.54723,3938.6474,35.11247655134863,3875.0242,10,4237.9876,50.0344,777.1,0.891734739937294,7.0892224885226245
CSDVRP-XL-n150-s3,XL,150,DRL-VNS,3854.49678,3849.93215,19.69810941237196,3820.9897,10,4237.9876,50.0126,1467.2,0.5110423107519617,9.048889619214563
CSDVRP-XL-n150-s3,XL,150,DRL-VNS18,3803.64592,3804.1769999999997,16.093975175878093,3772.5274,10,4237.9876,50.0346,956.1,0.42311969921422377,10.248771846335757
CSDVRP-XL-n150-s3,XL,150,Fixed-dominant,3861.70551,3856.84235,19.47950605051655,3840.6942,10,4237.9876,50.0158,1227.6,0.5044275385596804,8.878791669895413
CSDVRP-XL-n150-s3,XL,150,Fixed-small,3840.56688,3839.08925,21.08816927989067,3799.7422,10,4237.9876,50.0125,2074.2,0.5490900155836024,9.377581000944895
CSDVRP-XL-n150-s3,XL,150,Marginal-18,3815.42624,3814.6484499999997,11.529668305067936,3802.2964,10,4237.9876,50.047,927.1,0.30218559028067954,9.970802179789308
CSDVRP-XL-n150-s3,XL,150,Marginal-9,3846.11714,3843.4942,20.19850295388803,3806.8057,10,4237.9876,50.017199999999995,1405.1,0.5251660887761737,9.246616483729223
CSDVRP-XL-n150-s3,XL,150,Random-18,3812.4755299999997,3807.43365,22.49312258407744,3786.1807,10,4237.9876,50.0438,883.6,0.5899873299403824,10.040427442496544
CSDVRP-XL-n150-s3,XL,150,Random-9,3852.12562,3848.93635,12.16533540413543,3837.9401,10,4237.9876,50.009499999999996,1474.0,0.31580837709377274,9.104839759323518
CSDVRP-XL-n150-s3,XL,150,Roulette-18,3803.3848,3804.3352999999997,8.84457603405735,3787.8894,10,4237.9876,50.0437,953.7,0.23254486461788854,10.254933261248818
CSDVRP-XL-n150-s3,XL,150,Roulette-9,3831.114,3820.4915499999997,23.046844222631094,3809.5071,10,4237.9876,50.007799999999996,1688.2,0.6015703062511608,9.600632149088883
CSDVRP-XL-n150-s3,XL,150,VNS,3796.2121700000002,3795.8571,11.158194543428536,3779.7859,10,4237.9876,50.023399999999995,1557.1,0.2939296868496298,10.424179391180854
CSDVRP-XL-n150-s3,XL,150,VNS-18,3825.1228300000002,3820.4542,24.193427975292554,3784.0542,10,4237.9876,50.0187,961.9,0.6324876102159719,9.74200042491866
CSDVRP-XL-n150-s3,XL,150,VNS-9,3862.83669,3859.2613499999998,22.583043744586142,3835.0813,10,4237.9876,50.011,1501.2,0.5846233107148556,8.852100227947817
CSDVRP-XL-n150-s4,XL,150,ALNS+,4146.20405,4164.2755,75.97521139834218,4023.7435,10,4802.2805,50.0874,637.5,1.8324040612121388,13.661768611808487
CSDVRP-XL-n150-s4,XL,150,DRL-ALNS,4148.01061,4136.66885,71.74390490147664,4028.6594,10,4802.2805,50.0299,756.8,1.7295979120332248,13.624149817987508
CSDVRP-XL-n150-s4,XL,150,DRL-VNS,3925.58054,3927.3082,66.89037943857093,3832.6091,10,4802.2805,50.0313,1465.0,1.703961458871786,18.255909041548072
CSDVRP-XL-n150-s4,XL,150,DRL-VNS18,3954.06213,3952.74525,55.23363400378928,3899.0369,10,4802.2805,50.0454,952.3,1.3968833110821472,17.66282436021803
CSDVRP-XL-n150-s4,XL,150,Fixed-dominant,3944.99798,3935.16485,36.839336929573925,3912.7731,10,4802.2805,50.011199999999995,1304.5,0.9338239744694097,17.851571144167856
CSDVRP-XL-n150-s4,XL,150,Fixed-small,3931.9504699999998,3926.3010999999997,47.29356254375555,3842.5121,10,4802.2805,50.0032,2408.5,1.2028015842161803,18.123265186196434
CSDVRP-XL-n150-s4,XL,150,Marginal-18,3951.41662,3961.7514,48.14878446126478,3839.8022,10,4802.2805,50.039100000000005,948.5,1.2185195612520552,17.717912979052347
CSDVRP-XL-n150-s4,XL,150,Marginal-9,3997.0760099999998,3986.4539999999997,54.3321866994029,3897.5395,10,4802.2805,50.0282,1323.8,1.359298311152279,16.76712740957135
CSDVRP-XL-n150-s4,XL,150,Random-18,3965.52212,3965.76785,85.46856425503681,3847.6888,10,4802.2805,50.053,852.5,2.1552915774691686,17.42418794570621
CSDVRP-XL-n150-s4,XL,150,Random-9,4010.54843,4037.94715,60.85011831945125,3919.0802,10,4802.2805,50.0094,1622.2,1.5172518018801546,16.48658527963954
CSDVRP-XL-n150-s4,XL,150,Roulette-18,3954.8156000000004,3965.8667,42.84186617135686,3893.1908,10,4802.2805,50.047,916.5,1.0832835334056248,17.64713452285845
CSDVRP-XL-n150-s4,XL,150,Roulette-9,3947.61671,3963.39315,49.51765719201021,3862.1025,10,4802.2805,50.0126,1741.4,1.254368415924813,17.797040177057546
CSDVRP-XL-n150-s4,XL,150,VNS,3910.16795,3910.48395,33.078403793353054,3866.6606,10,4802.2805,50.0438,1355.2,0.8459586446498558,18.576852185123293
CSDVRP-XL-n150-s4,XL,150,VNS-18,3934.0714399999997,3940.3693000000003,43.31650240702982,3858.93,10,4802.2805,50.039100000000005,919.4,1.1010603917002033,18.07909929459556
CSDVRP-XL-n150-s4,XL,150,VNS-9,3975.8464599999998,3978.88045,45.05467825279257,3912.7348,10,4802.2805,50.0329,1504.2,1.1332097128517526,17.20919967086471
CSDVRP-XL-n150-s5,XL,150,ALNS+,4038.39784,4045.86305,25.09221960485402,3974.4728,10,4291.4727,50.0486,663.2,0.6213409525014509,5.897156470318456
CSDVRP-XL-n150-s5,XL,150,DRL-ALNS,4042.3230799999997,4045.4175,15.895139642516833,4012.2046,10,4291.4727,50.048500000000004,759.3,0.3932179424539424,5.8056904334961885
CSDVRP-XL-n150-s5,XL,150,DRL-VNS,3925.23756,3912.8298999999997,42.991816138867904,3880.8008,10,4291.4727,50.0079,1420.4,1.0952666044209538,8.534020034660832
CSDVRP-XL-n150-s5,XL,150,DRL-VNS18,3902.3633999999997,3905.3341,30.29521860070405,3851.6048,10,4291.4727,50.026599999999995,918.5,0.7763300209484348,9.067034260756232
CSDVRP-XL-n150-s5,XL,150,Fixed-dominant,3983.3224800000003,3982.48725,28.64697310730515,3941.425,10,4291.4727,50.0094,1163.8,0.7191728325070269,7.180523832762585
CSDVRP-XL-n150-s5,XL,150,Fixed-small,3906.38417,3909.3064999999997,37.31769524525717,3857.9659,10,4291.4727,50.0032,2401.5,0.955300186086336,8.973342181577909
CSDVRP-XL-n150-s5,XL,150,Marginal-18,3893.21274,3895.53355,49.695693800507286,3790.2179,10,4291.4727,50.0484,917.5,1.2764700292362468,9.280263160010323
CSDVRP-XL-n150-s5,XL,150,Marginal-9,3931.2843399999997,3930.7245000000003,18.06088296686141,3895.8618,10,4291.4727,50.0236,1423.1,0.45941431361490914,8.393117821767818
CSDVRP-XL-n150-s5,XL,150,Random-18,3899.04536,3903.10765,39.39630542150998,3852.5466,10,4291.4727,50.0376,862.9,1.010409004872669,9.144351308584584
CSDVRP-XL-n150-s5,XL,150,Random-9,3933.98606,3933.9604,15.774164415566847,3904.9669,10,4291.4727,50.032799999999995,1470.0,0.4009715381545314,8.330162277392562
CSDVRP-XL-n150-s5,XL,150,Roulette-18,3872.8917,3858.9763000000003,42.268956769977514,3824.024,10,4291.4727,50.0563,890.1,1.0914055967528737,9.753784522502034
CSDVRP-XL-n150-s5,XL,150,Roulette-9,3928.55843,3926.4257,19.500804651720294,3907.5114,10,4291.4727,50.0156,1565.0,0.4963857608125302,8.456637042104456
CSDVRP-XL-n150-s5,XL,150,VNS,3900.45772,3903.28355,26.84017786746852,3858.8458,10,4291.4727,50.0422,1130.5,0.6881289272754512,9.111440461918827
CSDVRP-XL-n150-s5,XL,150,VNS-18,3914.8838600000004,3905.3932,31.5496301716024,3859.8307,10,4291.4727,50.0501,894.3,0.8058893009306894,8.775282200909722
CSDVRP-XL-n150-s5,XL,150,VNS-9,3943.88367,3941.9581,21.650046386044654,3897.6655,10,4291.4727,50.0298,1312.8,0.5489524589868203,8.099527931285689
