suite,instance,size_class,n,inst_seed,config,method,run,policy_seed,budget_s,Z_best,Z_init,routing,emission,split,cpu_s,wall_s,iters,routes,split_customers,extra_visits,max_util,demand_viol,cap_viol,n1_viol,n2_viol,dup_visit_viol,zero_qty_stops
fullrange,CSDVRP-S-n15-s0,S,15,0,base,VNS-tuned,5,,5,606.5233,666.3141,602.2712,4.2521,0.0,5.0,5.141,5670,5,0,0,0.9927,0,0,0,0,0,0
fullrange,CSDVRP-L-n100-s2,L,100,2,base,VNS-tuned,4,,35,2809.2895,3167.7225,2782.6981,11.5915,15.0,35.0,36.259,730,30,1,1,0.992,0,0,0,0,0,0
fullrange,CSDVRP-XL-n150-s4,XL,150,4,base,DRL-VNS18-F,4,5,50,3916.2514,4802.2805,3843.793,12.4585,60.0,50.125,51.275,905,45,3,4,1.0,0,0,0,0,0,0
fullrange,CSDVRP-L-n100-s4,L,100,4,base,Marginal-18-F,2,3,35,2943.3599,3371.4529,2900.0538,13.3062,30.0,35.016,36.099,736,31,2,2,1.0,0,0,0,0,0,0
fullrange,CSDVRP-L-n75-s0,L,75,0,base,DRL-VNS-F,1,2,25,2409.7699,2688.4285,2401.1797,8.5902,0.0,25.0,25.231,1251,24,0,0,0.9984,0,0,0,0,0,0
fullrange,CSDVRP-L-n75-s0,L,75,0,base,DRL-VNS-F,6,2,25,2408.3585,2688.4285,2400.1362,8.2223,0.0,25.0,25.61,1278,24,0,0,0.9984,0,0,0,0,0,0
fullrange,CSDVRP-M-n50-s0,M,50,0,base,Marginal-18-F,7,3,15,1708.0141,1986.2853,1700.9035,7.1106,0.0,15.0,15.502,2113,16,0,0,0.9865,0,0,0,0,0,0
fullrange,CSDVRP-XL-n150-s4,XL,150,4,base,Marginal-9-F,4,5,50,3911.1289,4802.2805,3865.4975,15.6314,30.0,50.0,51.342,1576,45,1,2,1.0,0,0,0,0,0,0
fullrange,CSDVRP-S-n15-s4,S,15,4,base,Marginal-18-F,8,4,5,585.7427,624.2332,582.2908,3.4519,0.0,5.0,5.12,6965,6,0,0,0.9347,0,0,0,0,0,0
fullrange,CSDVRP-L-n75-s2,L,75,2,base,VNS-tuned,2,,25,2112.5051,2442.0216,2102.7229,9.7822,0.0,25.0,26.276,1353,22,0,0,0.9988,0,0,0,0,0,0
fullrange,CSDVRP-XL-n150-s2,XL,150,2,base,Marginal-9-F,6,2,50,4110.1317,4545.4892,4020.0616,15.0701,75.0,50.0,51.488,1650,45,4,5,1.0,0,0,0,0,0,0
fullrange,CSDVRP-S-n15-s0,S,15,0,base,Marginal-9-F,9,5,5,606.5233,666.3141,602.2712,4.2521,0.0,5.0,5.179,7132,5,0,0,0.9927,0,0,0,0,0,0
fullrange,CSDVRP-M-n50-s5,M,50,5,base,Marginal-18-F,1,2,15,1650.7594,1904.3598,1628.0084,7.751,15.0,15.0,15.588,1853,16,1,1,1.0,0,0,0,0,0,0
fullrange,CSDVRP-L-n100-s0,L,100,0,base,Marginal-9-F,8,4,35,3099.5294,3458.8862,3085.9743,13.5551,0.0,35.047,36.133,678,32,0,0,0.996,0,0,0,0,0,0
fullrange,CSDVRP-M-n50-s4,M,50,4,base,DRL-VNS-F,6,2,15,1668.2181,1919.2804,1662.07,6.1481,0.0,15.0,15.32,1888,16,0,0,0.984,0,0,0,0,0,0
fullrange,CSDVRP-L-n100-s1,L,100,1,base,DRL-VNS-F,1,2,35,2699.3112,3146.4881,2642.6877,11.6235,45.0,35.0,36.772,854,29,2,3,1.0,0,0,0,0,0,0
fullrange,CSDVRP-M-n50-s4,M,50,4,base,DRL-VNS-F,0,1,15,1664.7746,1919.2804,1657.8718,6.9028,0.0,15.0,15.155,1642,16,0,0,0.9925,0,0,0,0,0,0
fullrange,CSDVRP-S-n15-s1,S,15,1,base,Marginal-9-F,2,3,5,599.4153,675.8866,596.1341,3.2813,0.0,5.0,5.086,5843,6,0,0,0.9,0,0,0,0,0,0
fullrange,CSDVRP-L-n75-s2,L,75,2,base,DRL-VNS18-F,5,1,25,2095.2121,2442.0216,2085.2508,9.9613,0.0,25.016,25.544,1028,23,0,0,0.9928,0,0,0,0,0,0
fullrange,CSDVRP-L-n75-s1,L,75,1,base,DRL-VNS-F,4,5,25,2099.2923,2408.8056,2061.2395,8.0528,30.0,25.0,26.168,1217,23,2,2,1.0,0,0,0,0,0,0
fullrange,CSDVRP-XL-n150-s1,XL,150,1,base,Marginal-18-F,8,4,50,4230.2649,4744.1508,4126.1678,14.0971,90.0,50.031,52.006,955,44,4,6,1.0,0,0,0,0,0,0
fullrange,CSDVRP-S-n15-s2,S,15,2,base,DRL-VNS-F,9,5,5,604.4369,645.109,602.0225,2.4144,0.0,5.0,5.226,4112,6,0,0,0.9953,0,0,0,0,0,0
fullrange,CSDVRP-S-n20-s0,S,20,0,base,DRL-VNS18-F,4,5,6,756.2207,835.2978,752.4896,3.7311,0.0,6.0,6.31,3513,7,0,0,0.9987,0,0,0,0,0,0
fullrange,CSDVRP-S-n20-s1,S,20,1,base,VNS-tuned,9,,6,785.2664,908.0268,780.5879,4.6785,0.0,6.0,6.371,3739,7,0,0,0.9833,0,0,0,0,0,0
fullrange,CSDVRP-M-n50-s3,M,50,3,base,VNS-tuned,0,,15,1399.0742,1746.7745,1392.5811,6.4932,0.0,15.0,16.078,2292,15,0,0,0.994,0,0,0,0,0,0
fullrange,CSDVRP-L-n75-s1,L,75,1,base,Marginal-18-F,8,4,25,2105.0669,2408.8056,2067.9954,7.0715,30.0,25.031,25.455,1040,23,1,2,1.0,0,0,0,0,0,0
fullrange,CSDVRP-M-n50-s2,M,50,2,base,Marginal-18-F,7,3,15,1468.1939,1677.4231,1461.7612,6.4326,0.0,15.0,15.134,1742,16,0,0,0.9985,0,0,0,0,0,0
fullrange,CSDVRP-S-n20-s1,S,20,1,base,Marginal-9-F,3,4,6,785.2664,908.0268,780.5879,4.6785,0.0,6.0,6.089,5097,7,0,0,0.9833,0,0,0,0,0,0
fullrange,CSDVRP-S-n20-s3,S,20,3,base,DRL-VNS-F,8,4,6,706.5733,797.0264,687.1154,4.4579,15.0,6.0,6.102,3206,7,1,1,0.9707,0,0,0,0,0,0
fullrange,CSDVRP-XL-n150-s1,XL,150,1,base,DRL-VNS18-F,5,1,50,4250.5814,4744.1508,4236.2207,14.3607,0.0,50.078,51.719,1134,45,0,0,0.9997,0,0,0,0,0,0
fullrange,CSDVRP-M-n30-s5,M,30,5,base,DRL-VNS-F,7,3,10,1110.5278,1247.2838,1090.992,4.5358,15.0,10.0,10.128,3381,10,1,1,1.0,0,0,0,0,0,0
fullrange,CSDVRP-S-n20-s0,S,20,0,base,DRL-VNS-F,1,2,6,756.3441,835.2978,752.4896,3.8544,0.0,6.0,6.59,3476,7,0,0,0.9987,0,0,0,0,0,0
fullrange,CSDVRP-XL-n150-s3,XL,150,3,base,Marginal-18-F,4,5,50,3832.9234,4237.9876,3815.6837,17.2397,0.0,50.156,55.654,709,43,0,0,1.0,0,0,0,0,0,0
fullrange,CSDVRP-L-n75-s3,L,75,3,base,VNS-tuned,3,,25,2096.6989,2332.9982,2074.6049,7.0939,15.0,25.0,29.173,1158,23,1,1,0.9976,0,0,0,0,0,0
fullrange,CSDVRP-M-n50-s2,M,50,2,base,VNS-tuned,9,,15,1502.763,1677.4231,1480.7505,7.0125,15.0,15.016,15.256,1814,16,1,1,1.0,0,0,0,0,0,0
fullrange,CSDVRP-S-n20-s4,S,20,4,base,DRL-VNS18-F,1,2,6,719.4697,798.0501,715.5041,3.9656,0.0,6.0,6.163,3105,7,0,0,0.986,0,0,0,0,0,0
fullrange,CSDVRP-S-n15-s4,S,15,4,base,Marginal-9-F,6,2,5,586.0528,624.2332,582.2908,3.762,0.0,5.0,5.619,6310,6,0,0,0.9347,0,0,0,0,0,0
fullrange,CSDVRP-M-n30-s5,M,30,5,base,Marginal-18-F,7,3,10,1119.8883,1247.2838,1084.6448,5.2435,30.0,10.0,10.999,3728,10,1,2,1.0,0,0,0,0,0,0
fullrange,CSDVRP-L-n100-s4,L,100,4,base,Marginal-9-F,7,3,35,3004.874,3371.4529,2961.8591,13.0149,30.0,35.0,36.797,556,31,1,2,1.0,0,0,0,0,0,0
fullrange,CSDVRP-L-n75-s4,L,75,4,base,DRL-VNS18-F,6,2,25,2231.5401,2460.454,2194.2049,7.3352,30.0,25.0,28.291,1048,24,2,2,1.0,0,0,0,0,0,0
fullrange,CSDVRP-S-n20-s5,S,20,5,base,DRL-VNS18-F,0,1,6,763.1659,865.7,758.6853,4.4806,0.0,6.0,6.476,3482,7,0,0,0.9947,0,0,0,0,0,0
fullrange,CSDVRP-S-n15-s0,S,15,0,base,DRL-VNS18-F,4,5,5,606.5233,666.3141,602.2712,4.2521,0.0,5.0,5.512,3556,5,0,0,0.9927,0,0,0,0,0,0
fullrange,CSDVRP-L-n100-s0,L,100,0,base,DRL-VNS-F,9,5,35,3096.2427,3458.8862,3084.0447,12.198,0.0,35.016,37.262,650,32,0,0,0.9972,0,0,0,0,0,0
fullrange,CSDVRP-S-n20-s0,S,20,0,base,DRL-VNS-F,8,4,6,756.2207,835.2978,752.4896,3.7311,0.0,6.0,6.073,3662,7,0,0,0.9987,0,0,0,0,0,0
fullrange,CSDVRP-M-n50-s2,M,50,2,base,VNS-tuned,8,,15,1471.2989,1677.4231,1465.5918,5.7072,0.0,15.0,15.537,2230,16,0,0,0.9985,0,0,0,0,0,0
fullrange,CSDVRP-S-n20-s5,S,20,5,base,Marginal-18-F,7,3,6,763.1659,865.7,758.6853,4.4806,0.0,6.0,7.692,5151,7,0,0,0.9947,0,0,0,0,0,0
fullrange,CSDVRP-M-n30-s5,M,30,5,base,VNS-tuned,1,,10,1128.6575,1247.2838,1123.3823,5.2752,0.0,10.0,11.846,2925,10,0,0,0.9905,0,0,0,0,0,0
fullrange,CSDVRP-S-n20-s4,S,20,4,base,Marginal-9-F,9,5,6,719.4697,798.0501,715.5041,3.9656,0.0,6.0,6.274,3845,7,0,0,0.986,0,0,0,0,0,0
fullrange,CSDVRP-M-n50-s0,M,50,0,base,Marginal-9-F,9,5,15,1708.0141,1986.2853,1700.9035,7.1106,0.0,15.0,15.422,1610,16,0,0,0.9865,0,0,0,0,0,0
fullrange,CSDVRP-XL-n150-s5,XL,150,5,base,Marginal-9-F,6,2,50,3911.0112,4291.4727,3820.955,15.0562,75.0,50.0,52.45,1727,44,3,5,1.0,0,0,0,0,0,0
fullrange,CSDVRP-L-n100-s1,L,100,1,base,DRL-VNS18-F,8,4,35,2661.9987,3146.4881,2636.459,10.5397,15.0,35.016,35.65,810,29,1,1,1.0,0,0,0,0,0,0
fullrange,CSDVRP-M-n50-s3,M,50,3,base,Marginal-18-F,6,2,15,1399.5391,1746.7745,1393.2711,6.268,0.0,15.0,15.463,2196,15,0,0,0.994,0,0,0,0,0,0
fullrange,CSDVRP-S-n20-s2,S,20,2,base,DRL-VNS18-F,8,4,6,670.121,732.8183,667.0092,3.1118,0.0,6.0,6.402,3719,7,0,0,0.9933,0,0,0,0,0,0
fullrange,CSDVRP-S-n20-s2,S,20,2,base,Marginal-9-F,8,4,6,670.121,732.8183,667.0092,3.1118,0.0,6.0,6.156,4903,7,0,0,0.9933,0,0,0,0,0,0
fullrange,CSDVRP-M-n30-s2,M,30,2,base,Marginal-18-F,5,1,10,945.4276,1162.4183,926.5969,3.8307,15.0,10.0,10.233,3225,10,1,1,1.0,0,0,0,0,0,0
fullrange,CSDVRP-L-n75-s3,L,75,3,base,Marginal-9-F,9,5,25,2124.7764,2332.9982,2087.7956,6.9808,30.0,25.0,25.531,1048,24,1,2,1.0,0,0,0,0,0,0
fullrange,CSDVRP-M-n30-s2,M,30,2,base,DRL-VNS-F,7,3,10,941.0551,1162.4183,938.3163,2.7388,0.0,10.0,10.259,3053,10,0,0,0.9865,0,0,0,0,0,0
fullrange,CSDVRP-S-n20-s4,S,20,4,base,Marginal-18-F,2,3,6,719.4697,798.0501,715.5041,3.9656,0.0,6.0,6.072,5082,7,0,0,0.986,0,0,0,0,0,0
fullrange,CSDVRP-L-n100-s3,L,100,3,base,VNS-tuned,0,,35,2686.1173,3095.0715,2673.7701,12.3473,0.0,35.016,36.116,722,30,0,0,1.0,0,0,0,0,0,0
fullrange,CSDVRP-M-n50-s5,M,50,5,base,DRL-VNS-F,8,4,15,1649.7275,1904.3598,1627.8619,6.8656,15.0,15.0,15.332,1823,16,1,1,1.0,0,0,0,0,0,0
fullrange,CSDVRP-M-n30-s4,M,30,4,base,DRL-VNS-F,9,5,10,943.3273,1151.8487,938.9737,4.3536,0.0,10.0,11.169,2850,10,0,0,0.9815,0,0,0,0,0,0
fullrange,CSDVRP-S-n15-s0,S,15,0,base,VNS-tuned,0,,5,622.7674,666.3141,603.7737,3.9937,15.0,5.0,5.278,4711,5,1,1,1.0,0,0,0,0,0,0
fullrange,CSDVRP-L-n75-s0,L,75,0,base,DRL-VNS18-F,2,3,25,2409.6482,2688.4285,2401.1797,8.4685,0.0,25.0,25.496,972,24,0,0,0.9984,0,0,0,0,0,0
fullrange,CSDVRP-L-n100-s2,L,100,2,base,VNS-tuned,3,,35,2782.4606,3167.7225,2754.9332,12.5274,15.0,35.078,35.761,610,29,1,1,1.0,0,0,0,0,0,0
fullrange,CSDVRP-S-n20-s0,S,20,0,base,VNS-tuned,4,,6,756.3441,835.2978,752.4896,3.8544,0.0,6.0,6.132,3029,7,0,0,0.9987,0,0,0,0,0,0
fullrange,CSDVRP-L-n100-s5,L,100,5,base,VNS-tuned,0,,35,2576.9509,3154.3549,2562.6929,14.258,0.0,35.0,35.329,603,30,0,0,0.998,0,0,0,0,0,0
fullrange,CSDVRP-S-n15-s3,S,15,3,base,VNS-tuned,6,,5,601.4006,692.2972,597.8561,3.5445,0.0,5.0,5.025,4245,6,0,0,0.998,0,0,0,0,0,0
fullrange,CSDVRP-M-n30-s3,M,30,3,base,DRL-VNS18-F,5,1,10,969.1696,1099.7766,965.9069,3.2627,0.0,10.0,10.138,3061,10,0,0,0.988,0,0,0,0,0,0
fullrange,CSDVRP-L-n100-s3,L,100,3,base,DRL-VNS18-F,0,1,35,2716.0043,3095.0715,2704.7288,11.2755,0.0,35.016,35.551,659,31,0,0,0.9992,0,0,0,0,0,0
fullrange,CSDVRP-XL-n150-s2,XL,150,2,base,Marginal-18-F,2,3,50,3951.218,4545.4892,3934.8133,16.4047,0.0,50.078,51.393,885,45,0,0,1.0,0,0,0,0,0,0
fullrange,CSDVRP-XL-n150-s4,XL,150,4,base,VNS-tuned,7,,50,3850.1114,4802.2805,3833.8979,16.2135,0.0,50.078,50.877,996,45,0,0,0.9983,0,0,0,0,0,0
fullrange,CSDVRP-M-n50-s2,M,50,2,base,VNS-tuned,6,,15,1503.957,1677.4231,1467.4056,6.5514,30.0,15.0,15.222,2173,16,1,2,1.0,0,0,0,0,0,0
fullrange,CSDVRP-L-n75-s5,L,75,5,base,DRL-VNS-F,9,5,25,2073.0699,2327.4464,2065.4036,7.6663,0.0,25.016,25.878,1231,22,0,0,0.9992,0,0,0,0,0,0
fullrange,CSDVRP-L-n100-s4,L,100,4,base,Marginal-9-F,9,5,35,2970.1041,3371.4529,2927.3869,12.7172,30.0,35.0,36.301,736,30,1,2,1.0,0,0,0,0,0,0
fullrange,CSDVRP-XL-n150-s4,XL,150,4,base,DRL-VNS18-F,0,1,50,3883.6119,4802.2805,3810.1306,13.4813,60.0,50.062,51.217,1062,46,2,4,1.0,0,0,0,0,0,0
fullrange,CSDVRP-L-n75-s3,L,75,3,base,Marginal-18-F,3,4,25,2082.49,2332.9982,2076.9082,5.5818,0.0,25.016,25.786,1108,24,0,0,0.9936,0,0,0,0,0,0
fullrange,CSDVRP-S-n20-s3,S,20,3,base,DRL-VNS18-F,3,4,6,723.9712,797.0264,704.8942,4.077,15.0,6.0,6.081,3481,7,1,1,0.994,0,0,0,0,0,0
fullrange,CSDVRP-S-n15-s3,S,15,3,base,Marginal-9-F,5,1,5,601.4006,692.2972,597.8561,3.5445,0.0,5.0,5.076,6535,6,0,0,0.998,0,0,0,0,0,0
fullrange,CSDVRP-XL-n150-s5,XL,150,5,base,VNS-tuned,9,,50,3917.6147,4291.4727,3899.885,17.7297,0.0,50.078,52.297,877,45,0,0,0.9997,0,0,0,0,0,0
fullrange,CSDVRP-M-n50-s0,M,50,0,base,VNS-tuned,9,,15,1708.4447,1986.2853,1701.5249,6.9198,0.0,15.0,15.271,1726,16,0,0,0.9865,0,0,0,0,0,0
fullrange,CSDVRP-S-n20-s1,S,20,1,base,Marginal-9-F,0,1,6,785.2664,908.0268,780.5879,4.6785,0.0,6.0,6.109,4503,7,0,0,0.9833,0,0,0,0,0,0
fullrange,CSDVRP-XL-n150-s0,XL,150,0,base,VNS-tuned,7,,50,4400.367,5021.4451,4381.866,18.501,0.0,50.0,51.188,901,45,0,0,0.9997,0,0,0,0,0,0
fullrange,CSDVRP-L-n75-s3,L,75,3,base,DRL-VNS18-F,0,1,25,2103.2329,2332.9982,2095.5036,7.7293,0.0,25.016,25.4,980,24,0,0,0.9988,0,0,0,0,0,0
fullrange,CSDVRP-L-n75-s0,L,75,0,base,DRL-VNS18-F,6,2,25,2409.5706,2688.4285,2401.1797,8.3909,0.0,25.016,25.221,1267,24,0,0,0.9984,0,0,0,0,0,0
fullrange,CSDVRP-S-n20-s1,S,20,1,base,DRL-VNS18-F,1,2,6,785.2664,908.0268,780.5879,4.6785,0.0,6.0,6.049,3945,7,0,0,0.9833,0,0,0,0,0,0
fullrange,CSDVRP-L-n100-s1,L,100,1,base,VNS-tuned,5,,35,2698.0803,3146.4881,2643.269,9.8113,45.0,35.0,35.359,794,29,3,3,1.0,0,0,0,0,0,0
fullrange,CSDVRP-S-n15-s5,S,15,5,base,Marginal-9-F,2,3,5,666.5148,800.4223,662.7682,3.7467,0.0,5.0,5.059,8743,5,0,0,0.9993,0,0,0,0,0,0
fullrange,CSDVRP-M-n30-s3,M,30,3,base,Marginal-9-F,0,1,10,969.1696,1099.7766,965.9069,3.2627,0.0,10.0,10.047,4370,10,0,0,0.988,0,0,0,0,0,0
fullrange,CSDVRP-S-n20-s2,S,20,2,base,DRL-VNS-F,0,1,6,670.121,732.8183,667.0092,3.1118,0.0,6.0,6.042,3777,7,0,0,0.9933,0,0,0,0,0,0
fullrange,CSDVRP-M-n30-s4,M,30,4,base,DRL-VNS-F,8,4,10,926.1273,1151.8487,921.3091,4.8182,0.0,10.0,10.089,3267,10,0,0,0.99,0,0,0,0,0,0
fullrange,CSDVRP-S-n20-s5,S,20,5,base,Marginal-18-F,5,1,6,763.1659,865.7,758.6853,4.4806,0.0,6.0,6.107,5928,7,0,0,0.9947,0,0,0,0,0,0
fullrange,CSDVRP-L-n100-s5,L,100,5,base,DRL-VNS18-F,8,4,35,2584.7351,3154.3549,2571.2464,13.4887,0.0,35.016,35.267,742,30,0,0,0.9984,0,0,0,0,0,0
fullrange,CSDVRP-M-n30-s3,M,30,3,base,Marginal-9-F,7,3,10,981.4303,1099.7766,963.276,3.1544,15.0,10.0,10.12,4109,10,1,1,1.0,0,0,0,0,0,0
fullrange,CSDVRP-M-n30-s3,M,30,3,base,VNS-tuned,9,,10,970.8464,1099.7766,968.1897,2.6567,0.0,10.0,10.142,3077,10,0,0,0.9975,0,0,0,0,0,0
fullrange,CSDVRP-M-n30-s5,M,30,5,base,Marginal-9-F,4,5,10,1120.6914,1247.2838,1085.528,5.1634,30.0,10.0,10.041,4270,10,2,2,1.0,0,0,0,0,0,0
fullrange,CSDVRP-XL-n150-s0,XL,150,0,base,Marginal-9-F,6,2,50,4354.6154,5021.4451,4336.7919,17.8235,0.0,50.0,50.422,1838,47,0,0,0.9997,0,0,0,0,0,0
fullrange,CSDVRP-XL-n150-s3,XL,150,3,base,Marginal-18-F,9,5,50,3820.4945,4237.9876,3804.0897,16.4048,0.0,50.0,50.409,838,44,0,0,0.998,0,0,0,0,0,0
fullrange,CSDVRP-L-n100-s5,L,100,5,base,Marginal-9-F,8,4,35,2708.934,3154.3549,2604.972,13.962,90.0,35.016,35.322,712,30,4,6,1.0,0,0,0,0,0,0
fullrange,CSDVRP-XL-n150-s2,XL,150,2,base,Marginal-9-F,3,4,50,4090.8212,4545.4892,4045.9042,14.9171,30.0,50.0,50.442,1598,46,1,2,1.0,0,0,0,0,0,0
fullrange,CSDVRP-L-n75-s2,L,75,2,base,VNS-tuned,4,,25,2110.6335,2442.0216,2086.1986,9.4349,15.0,25.016,25.231,1264,22,1,1,1.0,0,0,0,0,0,0
fullrange,CSDVRP-L-n100-s1,L,100,1,base,Marginal-9-F,8,4,35,2687.7625,3146.4881,2618.5334,9.2291,60.0,35.047,35.292,798,29,4,4,1.0,0,0,0,0,0,0
fullrange,CSDVRP-L-n75-s4,L,75,4,base,Marginal-18-F,1,2,25,2206.3083,2460.454,2198.507,7.8012,0.0,25.016,25.157,1129,24,0,0,0.998,0,0,0,0,0,0
fullrange,CSDVRP-L-n75-s2,L,75,2,base,DRL-VNS18-F,7,3,25,2085.6843,2442.0216,2061.1999,9.4844,15.0,25.0,25.111,1240,22,1,1,1.0,0,0,0,0,0,0
fullrange,CSDVRP-XL-n150-s3,XL,150,3,base,VNS-tuned,0,,50,3787.3452,4237.9876,3770.4618,16.8835,0.0,50.0,50.422,1045,43,0,0,0.9983,0,0,0,0,0,0
fullrange,CSDVRP-S-n15-s2,S,15,2,base,VNS-tuned,0,,5,604.4369,645.109,602.0225,2.4144,0.0,5.0,5.022,4663,6,0,0,0.9953,0,0,0,0,0,0
fullrange,CSDVRP-S-n20-s0,S,20,0,base,Marginal-9-F,8,4,6,756.2207,835.2978,752.4896,3.7311,0.0,6.0,6.045,5046,7,0,0,0.9987,0,0,0,0,0,0
fullrange,CSDVRP-L-n75-s5,L,75,5,base,DRL-VNS-F,7,3,25,2094.5318,2327.4464,2087.3007,7.2311,0.0,25.0,25.205,1170,23,0,0,0.9968,0,0,0,0,0,0
fullrange,CSDVRP-L-n100-s4,L,100,4,base,VNS-tuned,7,,35,2964.4105,3371.4529,2902.9634,16.447,45.0,35.047,35.294,682,30,3,3,1.0,0,0,0,0,0,0
fullrange,CSDVRP-M-n30-s3,M,30,3,base,VNS-tuned,0,,10,969.1696,1099.7766,965.9069,3.2627,0.0,10.0,10.056,3105,10,0,0,0.988,0,0,0,0,0,0
fullrange,CSDVRP-L-n100-s3,L,100,3,base,Marginal-9-F,6,2,35,2722.8486,3095.0715,2695.1586,12.69,15.0,35.031,35.385,792,31,1,1,1.0,0,0,0,0,0,0
fullrange,CSDVRP-XL-n150-s4,XL,150,4,base,Marginal-18-F,3,4,50,3955.9622,4802.2805,3836.2336,14.7286,105.0,50.0,50.524,896,45,4,7,1.0,0,0,0,0,0,0
fullrange,CSDVRP-M-n30-s1,M,30,1,base,Marginal-9-F,6,2,10,1053.9414,1231.1888,1034.5406,4.4008,15.0,10.0,10.048,3418,10,1,1,0.98,0,0,0,0,0,0
fullrange,CSDVRP-XL-n150-s3,XL,150,3,base,VNS-tuned,4,,50,3804.9492,4237.9876,3788.7882,16.1611,0.0,50.016,50.558,1014,43,0,0,0.9983,0,0,0,0,0,0
fullrange,CSDVRP-XL-n150-s3,XL,150,3,base,DRL-VNS-F,2,3,50,3847.9876,4237.9876,3804.2806,13.707,30.0,50.0,50.279,1407,44,1,2,1.0,0,0,0,0,0,0
fullrange,CSDVRP-L-n75-s0,L,75,0,base,Marginal-9-F,1,2,25,2410.0825,2688.4285,2401.1964,8.8862,0.0,25.031,25.235,1202,24,0,0,0.9984,0,0,0,0,0,0
fullrange,CSDVRP-XL-n150-s5,XL,150,5,base,DRL-VNS-F,5,1,50,3883.1822,4291.4727,3836.3622,16.82,30.0,50.016,50.379,1602,45,1,2,1.0,0,0,0,0,0,0
fullrange,CSDVRP-M-n30-s2,M,30,2,base,VNS-tuned,9,,10,952.3171,1162.4183,933.7436,3.5735,15.0,10.0,10.098,2855,10,1,1,1.0,0,0,0,0,0,0
fullrange,CSDVRP-L-n100-s5,L,100,5,base,DRL-VNS-F,3,4,35,2616.0757,3154.3549,2589.4683,11.6075,15.0,35.0,35.206,779,31,1,1,1.0,0,0,0,0,0,0
fullrange,CSDVRP-L-n100-s5,L,100,5,base,DRL-VNS18-F,0,1,35,2589.9491,3154.3549,2578.3764,11.5727,0.0,35.0,35.44,781,30,0,0,0.9992,0,0,0,0,0,0
fullrange,CSDVRP-L-n100-s5,L,100,5,base,Marginal-9-F,1,2,35,2626.4234,3154.3549,2555.5008,10.9226,60.0,35.0,35.291,748,30,2,4,1.0,0,0,0,0,0,0
fullrange,CSDVRP-XL-n150-s4,XL,150,4,base,Marginal-9-F,8,4,50,4000.5177,4802.2805,3882.3969,13.1207,105.0,50.016,50.485,1694,45,5,7,1.0,0,0,0,0,0,0
fullrange,CSDVRP-L-n75-s3,L,75,3,base,VNS-tuned,2,,25,2088.9657,2332.9982,2038.4764,5.4893,45.0,25.016,25.192,1282,23,2,3,1.0,0,0,0,0,0,0
fullrange,CSDVRP-L-n100-s5,L,100,5,base,DRL-VNS-F,6,2,35,2574.7238,3154.3549,2562.7524,11.9714,0.0,35.031,35.5,820,30,0,0,0.9976,0,0,0,0,0,0
fullrange,CSDVRP-XL-n150-s5,XL,150,5,base,DRL-VNS18-F,2,3,50,3884.477,4291.4727,3852.2305,17.2465,15.0,50.0,50.394,916,45,1,1,0.999,0,0,0,0,0,0
fullrange,CSDVRP-M-n50-s2,M,50,2,base,DRL-VNS-F,4,5,15,1468.2703,1677.4231,1462.0673,6.203,0.0,15.0,15.184,1774,16,0,0,0.9985,0,0,0,0,0,0
fullrange,CSDVRP-M-n50-s0,M,50,0,base,DRL-VNS18-F,2,3,15,1713.675,1986.2853,1705.7308,7.9442,0.0,15.0,15.161,1856,16,0,0,0.986,0,0,0,0,0,0
fullrange,CSDVRP-M-n30-s4,M,30,4,base,Marginal-18-F,3,4,10,926.1273,1151.8487,921.3091,4.8182,0.0,10.0,10.051,3328,10,0,0,0.99,0,0,0,0,0,0
fullrange,CSDVRP-M-n30-s2,M,30,2,base,VNS-tuned,0,,10,956.7112,1162.4183,937.8256,3.8856,15.0,10.0,10.049,2901,10,1,1,1.0,0,0,0,0,0,0
fullrange,CSDVRP-M-n30-s2,M,30,2,base,Marginal-9-F,3,4,10,955.3895,1162.4183,937.8256,2.5639,15.0,10.0,10.043,3450,10,1,1,1.0,0,0,0,0,0,0
fullrange,CSDVRP-XL-n150-s0,XL,150,0,base,Marginal-18-F,8,4,50,4356.2712,5021.4451,4324.6504,16.6208,15.0,50.0,50.339,955,46,1,1,1.0,0,0,0,0,0,0
fullrange,CSDVRP-M-n30-s0,M,30,0,base,Marginal-18-F,7,3,10,1137.8582,1303.6377,1103.7145,4.1437,30.0,10.0,10.141,3753,11,1,2,0.997,0,0,0,0,0,0
fullrange,CSDVRP-M-n30-s5,M,30,5,base,DRL-VNS-F,3,4,10,1119.8883,1247.2838,1084.6448,5.2435,30.0,10.0,10.027,3323,10,1,2,1.0,0,0,0,0,0,0
fullrange,CSDVRP-S-n15-s0,S,15,0,base,Marginal-9-F,0,1,5,606.5233,666.3141,602.2712,4.2521,0.0,5.0,5.059,7630,5,0,0,0.9927,0,0,0,0,0,0
fullrange,CSDVRP-S-n15-s2,S,15,2,base,Marginal-9-F,8,4,5,604.4369,645.109,602.0225,2.4144,0.0,5.0,5.045,6630,6,0,0,0.9953,0,0,0,0,0,0
fullrange,CSDVRP-M-n30-s0,M,30,0,base,VNS-tuned,0,,10,1120.0002,1303.6377,1100.8622,4.138,15.0,10.0,10.064,2862,11,1,1,0.997,0,0,0,0,0,0
fullrange,CSDVRP-M-n30-s4,M,30,4,base,Marginal-18-F,0,1,10,926.1273,1151.8487,921.3091,4.8182,0.0,10.0,10.151,3716,10,0,0,0.99,0,0,0,0,0,0
fullrange,CSDVRP-M-n30-s1,M,30,1,base,Marginal-9-F,7,3,10,1031.4688,1231.1888,1027.1043,4.3646,0.0,10.0,10.044,3244,10,0,0,0.98,0,0,0,0,0,0
fullrange,CSDVRP-L-n75-s3,L,75,3,base,VNS-tuned,7,,25,2078.7924,2332.9982,2074.3226,4.4699,0.0,25.0,25.224,1291,24,0,0,0.9952,0,0,0,0,0,0
fullrange,CSDVRP-S-n20-s3,S,20,3,base,Marginal-18-F,3,4,6,691.2399,797.0264,687.1116,4.1284,0.0,6.0,6.069,4930,7,0,0,0.9707,0,0,0,0,0,0
fullrange,CSDVRP-M-n50-s0,M,50,0,base,Marginal-18-F,3,4,15,1712.4588,1986.2853,1704.3668,8.0919,0.0,15.0,15.156,1737,16,0,0,0.994,0,0,0,0,0,0
fullrange,CSDVRP-L-n75-s5,L,75,5,base,VNS-tuned,2,,25,2091.1252,2327.4464,2083.8197,7.3054,0.0,25.0,25.317,1380,22,0,0,0.9888,0,0,0,0,0,0
fullrange,CSDVRP-M-n50-s5,M,50,5,base,Marginal-18-F,7,3,15,1615.4596,1904.3598,1607.4374,8.0222,0.0,15.0,15.055,2182,15,0,0,0.995,0,0,0,0,0,0
fullrange,CSDVRP-S-n20-s5,S,20,5,base,Marginal-9-F,5,1,6,763.1659,865.7,758.6853,4.4806,0.0,6.0,6.042,6050,7,0,0,0.9947,0,0,0,0,0,0
fullrange,CSDVRP-M-n30-s5,M,30,5,base,DRL-VNS-F,5,1,10,1119.5938,1247.2838,1084.6448,4.9489,30.0,10.0,10.041,3674,10,1,2,1.0,0,0,0,0,0,0
fullrange,CSDVRP-S-n20-s2,S,20,2,base,Marginal-18-F,9,5,6,670.121,732.8183,667.0092,3.1118,0.0,6.0,6.045,4582,7,0,0,0.9933,0,0,0,0,0,0
fullrange,CSDVRP-S-n20-s4,S,20,4,base,DRL-VNS-F,3,4,6,719.4697,798.0501,715.5041,3.9656,0.0,6.0,6.074,3454,7,0,0,0.986,0,0,0,0,0,0
fullrange,CSDVRP-M-n50-s4,M,50,4,base,DRL-VNS-F,9,5,15,1641.0904,1919.2804,1619.9809,6.1095,15.0,15.0,15.108,1692,16,1,1,1.0,0,0,0,0,0,0
fullrange,CSDVRP-L-n100-s4,L,100,4,base,Marginal-18-F,0,1,35,2969.4676,3371.4529,2926.5212,12.9464,30.0,35.0,35.237,695,31,1,2,1.0,0,0,0,0,0,0
fullrange,CSDVRP-L-n75-s1,L,75,1,base,DRL-VNS18-F,3,4,25,2130.3602,2408.8056,2078.4453,6.9149,45.0,25.016,25.115,1092,23,2,3,1.0,0,0,0,0,0,0
fullrange,CSDVRP-M-n30-s0,M,30,0,base,Marginal-18-F,8,4,10,1092.9389,1303.6377,1089.1614,3.7775,0.0,10.0,10.214,3493,11,0,0,0.997,0,0,0,0,0,0
fullrange,CSDVRP-L-n75-s1,L,75,1,base,VNS-tuned,2,,25,2125.6824,2408.8056,2057.9368,7.7456,60.0,25.031,25.332,1294,23,3,4,1.0,0,0,0,0,0,0
fullrange,CSDVRP-M-n30-s5,M,30,5,base,DRL-VNS18-F,6,2,10,1119.8883,1247.2838,1084.6448,5.2435,30.0,10.0,10.103,3569,10,1,2,1.0,0,0,0,0,0,0
fullrange,CSDVRP-S-n15-s2,S,15,2,base,Marginal-9-F,4,5,5,604.4369,645.109,602.0225,2.4144,0.0,5.0,4.995,6347,6,0,0,0.9953,0,0,0,0,0,0
fullrange,CSDVRP-L-n75-s2,L,75,2,base,Marginal-9-F,9,5,25,2118.9221,2442.0216,2095.2323,8.6899,15.0,25.0,25.155,1170,23,1,1,0.9928,0,0,0,0,0,0
fullrange,CSDVRP-L-n100-s3,L,100,3,base,Marginal-18-F,9,5,35,2705.4204,3095.0715,2694.6898,10.7306,0.0,35.0,35.249,664,31,0,0,1.0,0,0,0,0,0,0
fullrange,CSDVRP-XL-n150-s4,XL,150,4,base,VNS-tuned,6,,50,3917.5294,4802.2805,3872.2296,15.2999,30.0,50.0,50.474,971,45,1,2,1.0,0,0,0,0,0,0
fullrange,CSDVRP-XL-n150-s4,XL,150,4,base,VNS-tuned,3,,50,3885.9582,4802.2805,3855.246,15.7122,15.0,50.0,50.355,926,46,1,1,0.9983,0,0,0,0,0,0
fullrange,CSDVRP-S-n20-s1,S,20,1,base,Marginal-9-F,8,4,6,785.2664,908.0268,780.5879,4.6785,0.0,6.0,6.007,5137,7,0,0,0.9833,0,0,0,0,0,0
fullrange,CSDVRP-S-n15-s4,S,15,4,base,VNS-tuned,7,,5,585.7427,624.2332,582.2908,3.4519,0.0,5.0,5.076,5486,6,0,0,0.9347,0,0,0,0,0,0
fullrange,CSDVRP-L-n75-s1,L,75,1,base,Marginal-18-F,7,3,25,2154.4046,2408.8056,2057.3792,7.0254,90.0,25.0,25.201,1107,23,3,6,1.0,0,0,0,0,0,0
fullrange,CSDVRP-XL-n150-s3,XL,150,3,base,Marginal-18-F,6,2,50,3793.2392,4237.9876,3776.9035,16.3357,0.0,50.0,50.411,1113,43,0,0,0.9983,0,0,0,0,0,0
fullrange,CSDVRP-S-n15-s5,S,15,5,base,DRL-VNS-F,2,3,5,666.5148,800.4223,662.7682,3.7467,0.0,5.0,5.081,4774,5,0,0,0.9993,0,0,0,0,0,0
fullrange,CSDVRP-S-n20-s1,S,20,1,base,DRL-VNS-F,3,4,6,800.3693,908.0268,780.9569,4.4124,15.0,6.0,6.043,3411,7,1,1,1.0,0,0,0,0,0,0
fullrange,CSDVRP-S-n15-s5,S,15,5,base,DRL-VNS-F,0,1,5,666.5148,800.4223,662.7682,3.7467,0.0,5.0,5.042,4953,5,0,0,0.9993,0,0,0,0,0,0
fullrange,CSDVRP-M-n50-s1,M,50,1,base,VNS-tuned,0,,15,1498.2628,1718.5004,1477.1339,6.1289,15.0,15.0,15.179,2040,15,1,1,1.0,0,0,0,0,0,0
fullrange,CSDVRP-M-n50-s5,M,50,5,base,Marginal-18-F,6,2,15,1621.6127,1904.3598,1598.5988,8.0139,15.0,15.0,15.134,2239,15,1,1,1.0,0,0,0,0,0,0
fullrange,CSDVRP-L-n75-s0,L,75,0,base,DRL-VNS18-F,7,3,25,2409.896,2688.4285,2401.1797,8.7163,0.0,25.0,25.194,1192,24,0,0,0.9984,0,0,0,0,0,0
fullrange,CSDVRP-L-n75-s3,L,75,3,base,Marginal-9-F,7,3,25,2079.0656,2332.9982,2072.5383,6.5274,0.0,25.031,25.172,1088,24,0,0,0.9956,0,0,0,0,0,0
fullrange,CSDVRP-L-n75-s4,L,75,4,base,DRL-VNS-F,8,4,25,2202.2066,2460.454,2194.5222,7.6844,0.0,25.016,25.162,963,24,0,0,0.998,0,0,0,0,0,0
fullrange,CSDVRP-S-n15-s3,S,15,3,base,Marginal-9-F,2,3,5,601.4006,692.2972,597.8561,3.5445,0.0,5.0,5.017,6597,6,0,0,0.998,0,0,0,0,0,0
fullrange,CSDVRP-L-n75-s0,L,75,0,base,Marginal-18-F,2,3,25,2410.6559,2688.4285,2401.1797,9.4762,0.0,25.0,25.29,1152,24,0,0,0.9984,0,0,0,0,0,0
fullrange,CSDVRP-S-n20-s2,S,20,2,base,DRL-VNS-F,1,2,6,670.121,732.8183,667.0092,3.1118,0.0,6.0,6.063,3492,7,0,0,0.9933,0,0,0,0,0,0
fullrange,CSDVRP-M-n50-s4,M,50,4,base,VNS-tuned,0,,15,1641.8745,1919.2804,1620.7964,6.0781,15.0,15.0,15.077,2153,16,1,1,1.0,0,0,0,0,0,0
fullrange,CSDVRP-XL-n150-s0,XL,150,0,base,VNS-tuned,2,,50,4334.9111,5021.4451,4314.6926,20.2185,0.0,50.0,50.647,1030,46,0,0,0.998,0,0,0,0,0,0
fullrange,CSDVRP-L-n75-s5,L,75,5,base,DRL-VNS18-F,7,3,25,2103.734,2327.4464,2096.6489,7.0851,0.0,25.0,25.188,1226,23,0,0,1.0,0,0,0,0,0,0
fullrange,CSDVRP-S-n15-s5,S,15,5,base,VNS-tuned,5,,5,666.5148,800.4223,662.7682,3.7467,0.0,5.0,5.028,7007,5,0,0,0.9993,0,0,0,0,0,0
fullrange,CSDVRP-S-n20-s5,S,20,5,base,Marginal-18-F,4,5,6,763.1659,865.7,758.6853,4.4806,0.0,6.0,6.061,5354,7,0,0,0.9947,0,0,0,0,0,0
fullrange,CSDVRP-XL-n150-s4,XL,150,4,base,DRL-VNS18-F,7,3,50,3968.3457,4802.2805,3805.2506,13.0951,150.0,50.0,50.511,979,45,6,10,1.0,0,0,0,0,0,0
fullrange,CSDVRP-S-n20-s3,S,20,3,base,DRL-VNS-F,6,2,6,730.1927,797.0264,696.4671,3.7256,30.0,6.0,6.121,3636,7,2,2,1.0,0,0,0,0,0,0
fullrange,CSDVRP-S-n20-s4,S,20,4,base,VNS-tuned,5,,6,719.4697,798.0501,715.5041,3.9656,0.0,6.0,6.153,4138,7,0,0,0.986,0,0,0,0,0,0
fullrange,CSDVRP-L-n100-s3,L,100,3,base,Marginal-9-F,5,1,35,2710.2412,3095.0715,2698.1487,12.0925,0.0,35.016,35.434,805,31,0,0,1.0,0,0,0,0,0,0
fullrange,CSDVRP-S-n15-s3,S,15,3,base,DRL-VNS18-F,5,1,5,601.4006,692.2972,597.8561,3.5445,0.0,5.0,5.045,4137,6,0,0,0.998,0,0,0,0,0,0
fullrange,CSDVRP-L-n100-s5,L,100,5,base,Marginal-9-F,4,5,35,2658.8178,3154.3549,2558.8312,9.9866,90.0,35.0,35.464,754,30,4,6,1.0,0,0,0,0,0,0
fullrange,CSDVRP-M-n50-s4,M,50,4,base,Marginal-18-F,4,5,15,1666.8904,1919.2804,1660.114,6.7764,0.0,15.0,15.063,1600,16,0,0,1.0,0,0,0,0,0,0
fullrange,CSDVRP-S-n15-s1,S,15,1,base,Marginal-9-F,4,5,5,599.4153,675.8866,596.1341,3.2813,0.0,5.0,4.997,6211,6,0,0,0.9,0,0,0,0,0,0
fullrange,CSDVRP-M-n50-s1,M,50,1,base,DRL-VNS18-F,6,2,15,1511.6855,1718.5004,1490.6459,6.0396,15.0,15.0,15.329,2026,15,1,1,1.0,0,0,0,0,0,0
fullrange,CSDVRP-XL-n150-s3,XL,150,3,base,VNS-tuned,1,,50,3796.2005,4237.9876,3777.9914,18.2092,0.0,50.156,50.706,1117,43,0,0,0.9987,0,0,0,0,0,0
fullrange,CSDVRP-XL-n150-s2,XL,150,2,base,DRL-VNS18-F,0,1,50,3983.9547,4545.4892,3969.1123,14.8424,0.0,50.078,50.72,1180,45,0,0,1.0,0,0,0,0,0,0
fullrange,CSDVRP-S-n15-s5,S,15,5,base,Marginal-18-F,7,3,5,666.5148,800.4223,662.7682,3.7467,0.0,5.0,5.057,8327,5,0,0,0.9993,0,0,0,0,0,0
fullrange,CSDVRP-L-n75-s0,L,75,0,base,DRL-VNS-F,4,5,25,2409.1791,2688.4285,2401.1797,7.9994,0.0,25.0,25.66,1127,24,0,0,0.9984,0,0,0,0,0,0
fullrange,CSDVRP-M-n50-s2,M,50,2,base,Marginal-18-F,1,2,15,1467.8485,1677.4231,1462.0673,5.7812,0.0,15.0,15.149,1713,16,0,0,0.9985,0,0,0,0,0,0
fullrange,CSDVRP-L-n75-s3,L,75,3,base,DRL-VNS-F,7,3,25,2079.3741,2332.9982,2073.6494,5.7247,0.0,25.0,25.294,1158,24,0,0,0.9956,0,0,0,0,0,0
fullrange,CSDVRP-L-n75-s3,L,75,3,base,Marginal-18-F,1,2,25,2130.1503,2332.9982,2094.0984,6.052,30.0,25.0,25.339,1265,24,1,2,1.0,0,0,0,0,0,0
fullrange,CSDVRP-L-n100-s1,L,100,1,base,Marginal-18-F,0,1,35,2656.2547,3146.4881,2644.8453,11.4094,0.0,35.016,35.253,765,29,0,0,0.9984,0,0,0,0,0,0
fullrange,CSDVRP-L-n75-s4,L,75,4,base,VNS-tuned,4,,25,2208.882,2460.454,2200.4297,8.4524,0.0,25.0,25.346,1313,24,0,0,0.9996,0,0,0,0,0,0
fullrange,CSDVRP-L-n100-s2,L,100,2,base,Marginal-9-F,9,5,35,2803.6312,3167.7225,2791.5901,12.0412,0.0,35.0,35.263,837,30,0,0,0.9972,0,0,0,0,0,0
fullrange,CSDVRP-L-n75-s2,L,75,2,base,Marginal-18-F,2,3,25,2168.5508,2442.0216,2114.4753,9.0754,45.0,25.0,25.263,1171,23,2,3,1.0,0,0,0,0,0,0
fullrange,CSDVRP-M-n50-s1,M,50,1,base,Marginal-9-F,0,1,15,1498.0214,1718.5004,1476.7482,6.2732,15.0,15.0,15.143,2282,15,1,1,1.0,0,0,0,0,0,0
fullrange,CSDVRP-S-n15-s2,S,15,2,base,Marginal-18-F,1,2,5,604.4369,645.109,602.0225,2.4144,0.0,5.0,5.092,6987,6,0,0,0.9953,0,0,0,0,0,0
fullrange,CSDVRP-M-n30-s4,M,30,4,base,Marginal-9-F,2,3,10,926.1273,1151.8487,921.3091,4.8182,0.0,10.0,10.044,3800,10,0,0,0.99,0,0,0,0,0,0
fullrange,CSDVRP-S-n15-s1,S,15,1,base,Marginal-18-F,4,5,5,590.7648,675.8866,586.7939,3.9709,0.0,5.0,5.059,6322,5,0,0,0.9987,0,0,0,0,0,0
fullrange,CSDVRP-L-n75-s5,L,75,5,base,Marginal-18-F,2,3,25,2091.9812,2327.4464,2082.2221,9.7591,0.0,25.016,25.284,1105,22,0,0,0.9944,0,0,0,0,0,0
fullrange,CSDVRP-S-n15-s5,S,15,5,base,DRL-VNS18-F,7,3,5,666.5148,800.4223,662.7682,3.7467,0.0,5.0,5.054,4921,5,0,0,0.9993,0,0,0,0,0,0
fullrange,CSDVRP-XL-n150-s0,XL,150,0,base,VNS-tuned,5,,50,4365.5171,5021.4451,4332.6472,17.8699,15.0,50.016,51.096,1065,46,1,1,1.0,0,0,0,0,0,0
fullrange,CSDVRP-XL-n150-s5,XL,150,5,base,Marginal-9-F,7,3,50,3927.005,4291.4727,3911.3058,15.6992,0.0,50.047,50.599,1370,46,0,0,0.9987,0,0,0,0,0,0
fullrange,CSDVRP-M-n50-s5,M,50,5,base,DRL-VNS-F,2,3,15,1621.5579,1904.3598,1614.6589,6.899,0.0,15.0,15.127,1803,16,0,0,0.998,0,0,0,0,0,0
fullrange,CSDVRP-XL-n150-s4,XL,150,4,base,Marginal-9-F,1,2,50,3872.3823,4802.2805,3784.8024,12.5799,75.0,50.0,50.428,1765,45,4,5,1.0,0,0,0,0,0,0
fullrange,CSDVRP-L-n75-s3,L,75,3,base,DRL-VNS18-F,4,5,25,2113.1417,2332.9982,2077.9238,5.2179,30.0,25.016,25.522,1091,24,1,2,1.0,0,0,0,0,0,0
fullrange,CSDVRP-M-n30-s3,M,30,3,base,DRL-VNS18-F,8,4,10,969.1696,1099.7766,965.9069,3.2627,0.0,10.0,10.037,3421,10,0,0,0.988,0,0,0,0,0,0
fullrange,CSDVRP-L-n75-s0,L,75,0,base,Marginal-9-F,3,4,25,2434.0744,2688.4285,2424.9481,9.1263,0.0,25.016,25.299,1010,24,0,0,0.996,0,0,0,0,0,0
fullrange,CSDVRP-L-n100-s4,L,100,4,base,VNS-tuned,4,,35,2947.6798,3371.4529,2933.572,14.1078,0.0,35.031,35.368,704,30,0,0,0.9976,0,0,0,0,0,0
fullrange,CSDVRP-L-n75-s2,L,75,2,base,DRL-VNS18-F,8,4,25,2113.1149,2442.0216,2043.4206,9.6943,60.0,25.016,25.515,1172,22,3,4,1.0,0,0,0,0,0,0
fullrange,CSDVRP-M-n30-s3,M,30,3,base,VNS-tuned,8,,10,969.5566,1099.7766,965.9069,3.6497,0.0,10.0,10.072,3139,10,0,0,0.988,0,0,0,0,0,0
fullrange,CSDVRP-XL-n150-s0,XL,150,0,base,Marginal-18-F,1,2,50,4338.0234,5021.4451,4321.8382,16.1852,0.0,50.062,50.584,1077,46,0,0,1.0,0,0,0,0,0,0
fullrange,CSDVRP-M-n50-s0,M,50,0,base,DRL-VNS-F,4,5,15,1716.1856,1986.2853,1708.0761,8.1095,0.0,15.0,15.119,1843,16,0,0,0.986,0,0,0,0,0,0
fullrange,CSDVRP-S-n15-s0,S,15,0,base,Marginal-9-F,8,4,5,606.5233,666.3141,602.2712,4.2521,0.0,5.0,5.068,7298,5,0,0,0.9927,0,0,0,0,0,0
fullrange,CSDVRP-M-n50-s5,M,50,5,base,DRL-VNS18-F,5,1,15,1638.7035,1904.3598,1630.9968,7.7068,0.0,15.0,15.105,1736,16,0,0,0.998,0,0,0,0,0,0
fullrange,CSDVRP-M-n50-s3,M,50,3,base,DRL-VNS-F,3,4,15,1399.5235,1746.7745,1393.2711,6.2524,0.0,15.0,15.124,1815,15,0,0,0.994,0,0,0,0,0,0
fullrange,CSDVRP-M-n50-s0,M,50,0,base,DRL-VNS18-F,8,4,15,1706.1954,1986.2853,1699.1272,7.0682,0.0,15.0,15.135,1861,16,0,0,0.9865,0,0,0,0,0,0
fullrange,CSDVRP-S-n20-s5,S,20,5,base,VNS-tuned,4,,6,763.1659,865.7,758.6853,4.4806,0.0,6.0,6.093,3946,7,0,0,0.9947,0,0,0,0,0,0
fullrange,CSDVRP-S-n20-s2,S,20,2,base,DRL-VNS-F,7,3,6,670.121,732.8183,667.0092,3.1118,0.0,6.0,6.01,3503,7,0,0,0.9933,0,0,0,0,0,0
fullrange,CSDVRP-L-n75-s0,L,75,0,base,DRL-VNS18-F,0,1,25,2409.1932,2688.4285,2401.1797,8.0135,0.0,25.0,25.206,1214,24,0,0,0.9984,0,0,0,0,0,0
fullrange,CSDVRP-L-n75-s3,L,75,3,base,Marginal-9-F,5,1,25,2118.342,2332.9982,2066.5743,6.7678,45.0,25.0,25.215,1383,24,2,3,1.0,0,0,0,0,0,0
fullrange,CSDVRP-M-n30-s0,M,30,0,base,DRL-VNS-F,1,2,10,1092.964,1303.6377,1089.1614,3.8025,0.0,10.0,10.007,3387,11,0,0,0.997,0,0,0,0,0,0
fullrange,CSDVRP-S-n20-s3,S,20,3,base,DRL-VNS18-F,9,5,6,691.2399,797.0264,687.1116,4.1284,0.0,6.0,6.012,3662,7,0,0,0.9707,0,0,0,0,0,0
fullrange,CSDVRP-S-n20-s3,S,20,3,base,Marginal-9-F,1,2,6,730.5584,797.0264,696.4671,4.0913,30.0,6.0,6.545,4150,7,2,2,1.0,0,0,0,0,0,0
fullrange,CSDVRP-S-n15-s5,S,15,5,base,Marginal-18-F,8,4,5,666.5148,800.4223,662.7682,3.7467,0.0,5.0,5.03,6596,5,0,0,0.9993,0,0,0,0,0,0
fullrange,CSDVRP-S-n20-s2,S,20,2,base,DRL-VNS18-F,3,4,6,670.1283,732.8183,667.0092,3.1191,0.0,6.0,6.105,2791,7,0,0,0.9933,0,0,0,0,0,0
fullrange,CSDVRP-M-n50-s5,M,50,5,base,Marginal-9-F,3,4,15,1621.1268,1904.3598,1613.2057,7.9211,0.0,15.0,15.234,2023,15,0,0,0.999,0,0,0,0,0,0
fullrange,CSDVRP-M-n30-s0,M,30,0,base,DRL-VNS-F,4,5,10,1113.1257,1303.6377,1093.7948,4.3309,15.0,10.0,10.09,3378,11,1,1,1.0,0,0,0,0,0,0
fullrange,CSDVRP-XL-n150-s0,XL,150,0,base,Marginal-18-F,6,2,50,4364.3119,5021.4451,4347.6455,16.6664,0.0,50.0,50.33,1234,45,0,0,0.9997,0,0,0,0,0,0
fullrange,CSDVRP-L-n100-s4,L,100,4,base,DRL-VNS-F,5,1,35,2927.7054,3371.4529,2916.4852,11.2202,0.0,35.031,35.253,898,31,0,0,0.9976,0,0,0,0,0,0
fullrange,CSDVRP-XL-n150-s0,XL,150,0,base,DRL-VNS-F,3,4,50,4355.6111,5021.4451,4342.428,13.1831,0.0,50.047,50.376,1892,46,0,0,0.9997,0,0,0,0,0,0
fullrange,CSDVRP-M-n50-s4,M,50,4,base,DRL-VNS18-F,9,5,15,1650.4374,1919.2804,1643.9568,6.4806,0.0,15.0,15.078,1714,16,0,0,0.984,0,0,0,0,0,0
fullrange,CSDVRP-M-n50-s4,M,50,4,base,DRL-VNS-F,7,3,15,1641.4429,1919.2804,1635.5121,5.9308,0.0,15.0,15.118,1915,16,0,0,0.998,0,0,0,0,0,0
fullrange,CSDVRP-L-n75-s4,L,75,4,base,Marginal-18-F,3,4,25,2227.8109,2460.454,2221.6653,6.1455,0.0,25.0,25.15,1070,24,0,0,0.998,0,0,0,0,0,0
fullrange,CSDVRP-M-n30-s1,M,30,1,base,DRL-VNS18-F,9,5,10,1031.5482,1231.1888,1027.1043,4.4439,0.0,10.0,10.091,2951,10,0,0,0.98,0,0,0,0,0,0
fullrange,CSDVRP-S-n15-s3,S,15,3,base,DRL-VNS-F,0,1,5,601.4006,692.2972,597.8561,3.5445,0.0,5.0,5.106,4427,6,0,0,0.998,0,0,0,0,0,0
fullrange,CSDVRP-S-n15-s2,S,15,2,base,Marginal-9-F,6,2,5,604.4369,645.109,602.0225,2.4144,0.0,5.0,5.06,6866,6,0,0,0.9953,0,0,0,0,0,0
fullrange,CSDVRP-S-n15-s1,S,15,1,base,DRL-VNS-F,7,3,5,599.6997,675.8866,596.1341,3.5656,0.0,5.0,5.043,4167,6,0,0,0.9,0,0,0,0,0,0
fullrange,CSDVRP-S-n15-s0,S,15,0,base,DRL-VNS18-F,5,1,5,606.5233,666.3141,602.2712,4.2521,0.0,5.0,5.137,4662,5,0,0,0.9927,0,0,0,0,0,0
fullrange,CSDVRP-XL-n150-s3,XL,150,3,base,Marginal-9-F,3,4,50,3829.981,4237.9876,3815.0935,14.8875,0.0,50.031,50.427,1594,44,0,0,0.9987,0,0,0,0,0,0
fullrange,CSDVRP-S-n15-s0,S,15,0,base,Marginal-18-F,0,1,5,622.621,666.3141,603.3505,4.2704,15.0,5.0,5.006,7269,5,1,1,1.0,0,0,0,0,0,0
fullrange,CSDVRP-S-n20-s2,S,20,2,base,DRL-VNS-F,2,3,6,670.121,732.8183,667.0092,3.1118,0.0,6.0,6.043,3600,7,0,0,0.9933,0,0,0,0,0,0
fullrange,CSDVRP-L-n75-s3,L,75,3,base,DRL-VNS-F,8,4,25,2130.0257,2332.9982,2093.9594,6.0663,30.0,25.0,25.089,1237,24,1,2,1.0,0,0,0,0,0,0
fullrange,CSDVRP-L-n75-s1,L,75,1,base,DRL-VNS18-F,4,5,25,2107.5508,2408.8056,2069.1258,8.425,30.0,25.0,25.222,1074,23,1,2,1.0,0,0,0,0,0,0
fullrange,CSDVRP-M-n50-s3,M,50,3,base,DRL-VNS18-F,2,3,15,1399.0875,1746.7745,1392.5811,6.5064,0.0,15.0,15.103,1988,15,0,0,0.994,0,0,0,0,0,0
fullrange,CSDVRP-M-n30-s4,M,30,4,base,Marginal-9-F,1,2,10,926.1514,1151.8487,921.3091,4.8423,0.0,10.0,10.074,3868,10,0,0,0.99,0,0,0,0,0,0
fullrange,CSDVRP-M-n30-s5,M,30,5,base,DRL-VNS-F,6,2,10,1128.7287,1247.2838,1123.3845,5.3443,0.0,10.0,10.059,3846,10,0,0,0.9905,0,0,0,0,0,0
fullrange,CSDVRP-S-n15-s5,S,15,5,base,Marginal-18-F,4,5,5,666.5148,800.4223,662.7682,3.7467,0.0,5.0,5.044,8285,5,0,0,0.9993,0,0,0,0,0,0
fullrange,CSDVRP-XL-n150-s5,XL,150,5,base,Marginal-18-F,4,5,50,3908.9824,4291.4727,3890.3886,18.5938,0.0,50.016,50.356,862,45,0,0,0.9993,0,0,0,0,0,0
fullrange,CSDVRP-S-n20-s0,S,20,0,base,DRL-VNS18-F,3,4,6,756.2207,835.2978,752.4896,3.7311,0.0,6.0,6.044,3608,7,0,0,0.9987,0,0,0,0,0,0
fullrange,CSDVRP-M-n30-s4,M,30,4,base,Marginal-18-F,7,3,10,926.5915,1151.8487,921.3091,5.2824,0.0,10.0,10.215,3705,10,0,0,0.99,0,0,0,0,0,0
fullrange,CSDVRP-L-n75-s4,L,75,4,base,DRL-VNS-F,1,2,25,2203.7844,2460.454,2197.0342,6.7502,0.0,25.0,25.289,1118,24,0,0,0.9996,0,0,0,0,0,0
fullrange,CSDVRP-XL-n150-s4,XL,150,4,base,DRL-VNS18-F,9,5,50,3978.4987,4802.2805,3932.6069,15.8917,30.0,50.016,50.543,914,45,1,2,1.0,0,0,0,0,0,0
fullrange,CSDVRP-S-n15-s5,S,15,5,base,DRL-VNS-F,4,5,5,666.5148,800.4223,662.7682,3.7467,0.0,5.0,5.016,4967,5,0,0,0.9993,0,0,0,0,0,0
fullrange,CSDVRP-L-n75-s1,L,75,1,base,VNS-tuned,8,,25,2087.8532,2408.8056,2035.6238,7.2294,45.0,25.016,25.173,1454,23,2,3,1.0,0,0,0,0,0,0
fullrange,CSDVRP-L-n100-s5,L,100,5,base,VNS-tuned,2,,35,2618.76,3154.3549,2546.6409,12.119,60.0,35.031,35.34,704,30,3,4,1.0,0,0,0,0,0,0
fullrange,CSDVRP-XL-n150-s0,XL,150,0,base,DRL-VNS18-F,3,4,50,4363.7496,5021.4451,4243.4475,15.3022,105.0,50.031,50.437,953,46,5,7,1.0,0,0,0,0,0,0
fullrange,CSDVRP-L-n75-s2,L,75,2,base,Marginal-9-F,3,4,25,2088.874,2442.0216,2063.2109,10.6631,15.0,25.016,25.215,1250,22,1,1,1.0,0,0,0,0,0,0
fullrange,CSDVRP-S-n20-s2,S,20,2,base,VNS-tuned,0,,6,670.121,732.8183,667.0092,3.1118,0.0,6.0,6.024,3435,7,0,0,0.9933,0,0,0,0,0,0
fullrange,CSDVRP-S-n15-s1,S,15,1,base,DRL-VNS18-F,5,1,5,599.4153,675.8866,596.1341,3.2813,0.0,5.0,5.058,4095,6,0,0,0.9,0,0,0,0,0,0
fullrange,CSDVRP-XL-n150-s0,XL,150,0,base,Marginal-9-F,2,3,50,4361.1515,5021.4451,4342.4239,18.7276,0.0,50.016,50.44,1525,47,0,0,0.9997,0,0,0,0,0,0
fullrange,CSDVRP-S-n20-s5,S,20,5,base,Marginal-9-F,0,1,6,763.1659,865.7,758.6853,4.4806,0.0,6.0,5.993,6270,7,0,0,0.9947,0,0,0,0,0,0
fullrange,CSDVRP-L-n75-s2,L,75,2,base,Marginal-9-F,1,2,25,2082.8542,2442.0216,2059.5316,8.3226,15.0,25.0,25.272,1367,22,1,1,1.0,0,0,0,0,0,0
fullrange,CSDVRP-M-n50-s2,M,50,2,base,VNS-tuned,1,,15,1467.8854,1677.4231,1462.0673,5.818,0.0,15.0,15.098,2159,16,0,0,0.9985,0,0,0,0,0,0
fullrange,CSDVRP-S-n15-s0,S,15,0,base,Marginal-9-F,4,5,5,622.621,666.3141,603.3505,4.2704,15.0,5.0,5.03,6792,5,1,1,1.0,0,0,0,0,0,0
fullrange,CSDVRP-S-n20-s3,S,20,3,base,DRL-VNS18-F,1,2,6,730.1927,797.0264,696.4671,3.7256,30.0,6.0,6.026,3837,7,2,2,1.0,0,0,0,0,0,0
fullrange,CSDVRP-M-n30-s2,M,30,2,base,Marginal-18-F,2,3,10,941.0551,1162.4183,938.3163,2.7388,0.0,10.0,10.156,3824,10,0,0,0.9865,0,0,0,0,0,0
fullrange,CSDVRP-L-n75-s0,L,75,0,base,Marginal-18-F,3,4,25,2410.6264,2688.4285,2401.1797,9.4467,0.0,25.0,25.166,1114,24,0,0,0.9984,0,0,0,0,0,0
fullrange,CSDVRP-XL-n150-s5,XL,150,5,base,Marginal-18-F,2,3,50,3862.3027,4291.4727,3844.9664,17.3363,0.0,50.094,50.489,1034,44,0,0,0.999,0,0,0,0,0,0
fullrange,CSDVRP-M-n50-s2,M,50,2,base,DRL-VNS-F,5,1,15,1468.6611,1677.4231,1462.0673,6.5938,0.0,15.0,15.08,2005,16,0,0,0.9985,0,0,0,0,0,0
fullrange,CSDVRP-XL-n150-s2,XL,150,2,base,DRL-VNS18-F,2,3,50,3998.3784,4545.4892,3967.3049,16.0734,15.0,50.078,50.523,1003,45,1,1,1.0,0,0,0,0,0,0
fullrange,CSDVRP-M-n30-s0,M,30,0,base,VNS-tuned,3,,10,1092.964,1303.6377,1089.1614,3.8025,0.0,10.0,10.009,3049,11,0,0,0.997,0,0,0,0,0,0
fullrange,CSDVRP-XL-n150-s2,XL,150,2,base,Marginal-9-F,2,3,50,4053.2057,4545.4892,4038.6544,14.5513,0.0,50.047,50.411,1480,46,0,0,1.0,0,0,0,0,0,0
fullrange,CSDVRP-L-n100-s2,L,100,2,base,DRL-VNS-F,8,4,35,2800.2656,3167.7225,2790.0357,10.2299,0.0,35.016,35.208,914,30,0,0,0.9972,0,0,0,0,0,0
fullrange,CSDVRP-S-n20-s1,S,20,1,base,Marginal-18-F,3,4,6,785.2664,908.0268,780.5879,4.6785,0.0,6.0,6.042,5113,7,0,0,0.9833,0,0,0,0,0,0
fullrange,CSDVRP-M-n50-s1,M,50,1,base,DRL-VNS18-F,3,4,15,1507.5572,1718.5004,1502.1886,5.3687,0.0,15.0,15.091,1882,15,0,0,0.995,0,0,0,0,0,0
fullrange,CSDVRP-M-n50-s5,M,50,5,base,DRL-VNS-F,4,5,15,1612.5459,1904.3598,1603.3995,9.1464,0.0,15.0,15.062,1966,15,0,0,0.9985,0,0,0,0,0,0
fullrange,CSDVRP-XL-n150-s1,XL,150,1,base,VNS-tuned,6,,50,4249.9854,4744.1508,4231.126,18.8594,0.0,50.016,50.265,1095,44,0,0,0.9993,0,0,0,0,0,0
fullrange,CSDVRP-XL-n150-s4,XL,150,4,base,DRL-VNS18-F,8,4,50,3884.017,4802.2805,3810.2723,13.7447,60.0,50.016,50.603,1015,45,2,4,1.0,0,0,0,0,0,0
fullrange,CSDVRP-S-n15-s4,S,15,4,base,VNS-tuned,2,,5,585.7427,624.2332,582.2908,3.4519,0.0,5.0,5.022,6109,6,0,0,0.9347,0,0,0,0,0,0
fullrange,CSDVRP-S-n15-s0,S,15,0,base,Marginal-18-F,6,2,5,606.5233,666.3141,602.2712,4.2521,0.0,5.0,5.029,8006,5,0,0,0.9927,0,0,0,0,0,0
fullrange,CSDVRP-S-n20-s3,S,20,3,base,DRL-VNS-F,2,3,6,730.5584,797.0264,696.4671,4.0913,30.0,6.0,6.091,3714,7,2,2,1.0,0,0,0,0,0,0
fullrange,CSDVRP-M-n50-s5,M,50,5,base,VNS-tuned,3,,15,1660.3739,1904.3598,1623.0723,7.3016,30.0,15.0,15.072,2523,15,2,2,1.0,0,0,0,0,0,0
fullrange,CSDVRP-M-n50-s3,M,50,3,base,DRL-VNS-F,1,2,15,1399.0539,1746.7745,1393.2711,5.7828,0.0,15.0,15.037,1968,15,0,0,0.994,0,0,0,0,0,0
fullrange,CSDVRP-S-n20-s4,S,20,4,base,VNS-tuned,3,,6,719.4697,798.0501,715.5041,3.9656,0.0,6.0,6.118,4219,7,0,0,0.986,0,0,0,0,0,0
fullrange,CSDVRP-S-n20-s3,S,20,3,base,Marginal-9-F,0,1,6,703.796,797.0264,684.6426,4.1534,15.0,6.0,6.108,5951,7,1,1,1.0,0,0,0,0,0,0
fullrange,CSDVRP-XL-n150-s5,XL,150,5,base,Marginal-18-F,1,2,50,3911.6724,4291.4727,3896.0214,15.6511,0.0,50.0,50.44,1038,45,0,0,0.9997,0,0,0,0,0,0
fullrange,CSDVRP-M-n30-s3,M,30,3,base,DRL-VNS-F,7,3,10,969.1696,1099.7766,965.9069,3.2627,0.0,10.0,10.055,3445,10,0,0,0.988,0,0,0,0,0,0
fullrange,CSDVRP-S-n15-s2,S,15,2,base,VNS-tuned,9,,5,604.4369,645.109,602.0225,2.4144,0.0,5.0,5.015,4934,6,0,0,0.9953,0,0,0,0,0,0
fullrange,CSDVRP-L-n100-s4,L,100,4,base,Marginal-9-F,1,2,35,2932.2633,3371.4529,2905.3968,11.8664,15.0,35.031,35.339,922,31,1,1,1.0,0,0,0,0,0,0
fullrange,CSDVRP-S-n20-s4,S,20,4,base,Marginal-18-F,5,1,6,719.4697,798.0501,715.5041,3.9656,0.0,6.0,6.047,5252,7,0,0,0.986,0,0,0,0,0,0
fullrange,CSDVRP-M-n50-s0,M,50,0,base,DRL-VNS-F,3,4,15,1708.1118,1986.2853,1701.6587,6.453,0.0,15.0,15.129,1854,16,0,0,0.9895,0,0,0,0,0,0
fullrange,CSDVRP-S-n15-s0,S,15,0,base,DRL-VNS-F,1,2,5,606.5233,666.3141,602.2712,4.2521,0.0,5.0,5.065,4650,5,0,0,0.9927,0,0,0,0,0,0
fullrange,CSDVRP-M-n50-s1,M,50,1,base,Marginal-9-F,7,3,15,1498.0214,1718.5004,1476.7482,6.2732,15.0,15.0,15.201,1966,15,1,1,1.0,0,0,0,0,0,0
fullrange,CSDVRP-L-n100-s2,L,100,2,base,Marginal-18-F,7,3,35,2782.11,3167.7225,2770.8812,11.2289,0.0,35.031,35.502,861,29,0,0,0.9988,0,0,0,0,0,0
fullrange,CSDVRP-L-n75-s1,L,75,1,base,Marginal-9-F,9,5,25,2095.2244,2408.8056,2072.4764,7.748,15.0,25.0,25.136,1267,23,1,1,1.0,0,0,0,0,0,0
fullrange,CSDVRP-S-n15-s3,S,15,3,base,DRL-VNS-F,9,5,5,605.541,692.2972,602.0686,3.4724,0.0,5.0,5.042,4996,6,0,0,0.9787,0,0,0,0,0,0
fullrange,CSDVRP-S-n15-s4,S,15,4,base,DRL-VNS18-F,4,5,5,585.7427,624.2332,582.2908,3.4519,0.0,5.0,5.012,4525,6,0,0,0.9347,0,0,0,0,0,0
fullrange,CSDVRP-S-n15-s3,S,15,3,base,DRL-VNS18-F,4,5,5,601.4006,692.2972,597.8561,3.5445,0.0,5.0,5.044,4258,6,0,0,0.998,0,0,0,0,0,0
fullrange,CSDVRP-L-n100-s4,L,100,4,base,Marginal-18-F,6,2,35,2940.9277,3371.4529,2928.7417,12.186,0.0,35.0,35.332,765,31,0,0,0.9976,0,0,0,0,0,0
fullrange,CSDVRP-S-n20-s5,S,20,5,base,Marginal-9-F,4,5,6,763.1659,865.7,758.6853,4.4806,0.0,6.0,6.022,6365,7,0,0,0.9947,0,0,0,0,0,0
fullrange,CSDVRP-L-n75-s4,L,75,4,base,VNS-tuned,8,,25,2238.0233,2460.454,2201.483,6.5403,30.0,25.0,25.109,1336,24,1,2,1.0,0,0,0,0,0,0
fullrange,CSDVRP-XL-n150-s4,XL,150,4,base,VNS-tuned,8,,50,3968.7961,4802.2805,3849.4736,14.3225,105.0,50.0,50.452,976,46,4,7,1.0,0,0,0,0,0,0
fullrange,CSDVRP-M-n50-s4,M,50,4,base,DRL-VNS-F,1,2,15,1650.364,1919.2804,1643.9568,6.4072,0.0,15.0,15.119,2032,16,0,0,0.984,0,0,0,0,0,0
fullrange,CSDVRP-L-n75-s3,L,75,3,base,VNS-tuned,1,,25,2087.6022,2332.9982,2067.8315,4.7707,15.0,25.0,25.138,1395,24,1,1,1.0,0,0,0,0,0,0
fullrange,CSDVRP-S-n15-s3,S,15,3,base,VNS-tuned,4,,5,601.4006,692.2972,597.8561,3.5445,0.0,5.0,5.152,5954,6,0,0,0.998,0,0,0,0,0,0
fullrange,CSDVRP-M-n50-s0,M,50,0,base,Marginal-18-F,4,5,15,1711.7539,1986.2853,1703.9689,7.7851,0.0,15.0,15.211,1910,16,0,0,0.9995,0,0,0,0,0,0
fullrange,CSDVRP-L-n100-s0,L,100,0,base,Marginal-18-F,2,3,35,3050.587,3458.8862,3039.2483,11.3387,0.0,35.016,35.257,792,31,0,0,0.9976,0,0,0,0,0,0
fullrange,CSDVRP-M-n30-s5,M,30,5,base,DRL-VNS18-F,4,5,10,1128.8684,1247.2838,1123.3823,5.4862,0.0,10.0,10.055,3667,10,0,0,0.9905,0,0,0,0,0,0
fullrange,CSDVRP-S-n15-s4,S,15,4,base,Marginal-9-F,4,5,5,585.7427,624.2332,582.2908,3.4519,0.0,5.0,5.031,7322,6,0,0,0.9347,0,0,0,0,0,0
fullrange,CSDVRP-M-n50-s2,M,50,2,base,VNS-tuned,2,,15,1484.7289,1677.4231,1463.2724,6.4565,15.0,15.0,15.092,2242,16,1,1,1.0,0,0,0,0,0,0
fullrange,CSDVRP-S-n20-s3,S,20,3,base,VNS-tuned,6,,6,698.9397,797.0264,679.9295,4.0102,15.0,6.0,6.169,3937,7,1,1,1.0,0,0,0,0,0,0
fullrange,CSDVRP-M-n30-s2,M,30,2,base,VNS-tuned,7,,10,941.7654,1162.4183,938.3163,3.4491,0.0,10.0,10.062,3124,10,0,0,0.9865,0,0,0,0,0,0
fullrange,CSDVRP-L-n75-s3,L,75,3,base,VNS-tuned,8,,25,2099.7261,2332.9982,2063.4466,6.2795,30.0,25.031,25.285,1343,24,1,2,1.0,0,0,0,0,0,0
fullrange,CSDVRP-L-n100-s4,L,100,4,base,VNS-tuned,8,,35,2949.085,3371.4529,2934.6796,14.4054,0.0,35.016,35.303,779,31,0,0,0.9952,0,0,0,0,0,0
fullrange,CSDVRP-M-n50-s4,M,50,4,base,DRL-VNS-F,5,1,15,1641.5627,1919.2804,1635.6131,5.9496,0.0,15.0,15.046,2232,16,0,0,0.9785,0,0,0,0,0,0
fullrange,CSDVRP-L-n75-s1,L,75,1,base,VNS-tuned,3,,25,2106.8307,2408.8056,2053.4429,8.3877,45.0,25.016,25.207,1327,23,3,3,1.0,0,0,0,0,0,0
fullrange,CSDVRP-L-n100-s1,L,100,1,base,Marginal-18-F,8,4,35,2704.3351,3146.4881,2648.2657,11.0694,45.0,35.0,35.339,781,28,2,3,1.0,0,0,0,0,0,0
fullrange,CSDVRP-M-n30-s2,M,30,2,base,Marginal-18-F,3,4,10,941.0551,1162.4183,938.3163,2.7388,0.0,10.0,10.18,3613,10,0,0,0.9865,0,0,0,0,0,0
fullrange,CSDVRP-M-n30-s3,M,30,3,base,VNS-tuned,5,,10,969.1696,1099.7766,965.9069,3.2627,0.0,10.0,10.047,3298,10,0,0,0.988,0,0,0,0,0,0
fullrange,CSDVRP-M-n30-s4,M,30,4,base,VNS-tuned,4,,10,926.5915,1151.8487,921.3091,5.2824,0.0,10.0,10.043,3198,10,0,0,0.99,0,0,0,0,0,0
fullrange,CSDVRP-L-n75-s4,L,75,4,base,VNS-tuned,0,,25,2211.0124,2460.454,2202.6203,8.3921,0.0,25.016,25.207,1376,24,0,0,0.9996,0,0,0,0,0,0
fullrange,CSDVRP-S-n15-s2,S,15,2,base,VNS-tuned,6,,5,604.4369,645.109,602.0225,2.4144,0.0,5.0,5.022,4890,6,0,0,0.9953,0,0,0,0,0,0
fullrange,CSDVRP-M-n30-s1,M,30,1,base,VNS-tuned,6,,10,1031.4688,1231.1888,1027.1043,4.3646,0.0,10.0,10.076,3163,10,0,0,0.98,0,0,0,0,0,0
fullrange,CSDVRP-M-n50-s4,M,50,4,base,VNS-tuned,7,,15,1640.8346,1919.2804,1619.6874,6.1472,15.0,15.0,15.169,2274,16,1,1,1.0,0,0,0,0,0,0
fullrange,CSDVRP-M-n50-s5,M,50,5,base,DRL-VNS-F,3,4,15,1637.8482,1904.3598,1615.2142,7.6341,15.0,15.0,15.146,2035,15,1,1,1.0,0,0,0,0,0,0
fullrange,CSDVRP-S-n20-s1,S,20,1,base,DRL-VNS18-F,4,5,6,785.2664,908.0268,780.5879,4.6785,0.0,6.0,6.051,3773,7,0,0,0.9833,0,0,0,0,0,0
fullrange,CSDVRP-L-n100-s1,L,100,1,base,Marginal-9-F,0,1,35,2652.845,3146.4881,2640.5406,12.3044,0.0,35.047,35.374,969,29,0,0,1.0,0,0,0,0,0,0
fullrange,CSDVRP-L-n75-s3,L,75,3,base,Marginal-9-F,3,4,25,2101.7955,2332.9982,2094.8815,6.914,0.0,25.031,25.268,1214,24,0,0,0.9956,0,0,0,0,0,0
fullrange,CSDVRP-XL-n150-s4,XL,150,4,base,VNS-tuned,4,,50,3908.0417,4802.2805,3817.8594,15.1823,75.0,50.0,50.276,1088,45,3,5,1.0,0,0,0,0,0,0
fullrange,CSDVRP-S-n20-s2,S,20,2,base,Marginal-9-F,2,3,6,670.121,732.8183,667.0092,3.1118,0.0,6.0,6.01,4974,7,0,0,0.9933,0,0,0,0,0,0
fullrange,CSDVRP-S-n15-s5,S,15,5,base,VNS-tuned,1,,5,666.5148,800.4223,662.7682,3.7467,0.0,5.0,5.091,7234,5,0,0,0.9993,0,0,0,0,0,0
fullrange,CSDVRP-S-n20-s4,S,20,4,base,DRL-VNS-F,1,2,6,719.4697,798.0501,715.5041,3.9656,0.0,6.0,6.153,3802,7,0,0,0.986,0,0,0,0,0,0
fullrange,CSDVRP-L-n75-s1,L,75,1,base,Marginal-18-F,3,4,25,2099.0098,2408.8056,2061.7465,7.2633,30.0,25.016,25.209,1165,23,2,2,1.0,0,0,0,0,0,0
fullrange,CSDVRP-M-n30-s3,M,30,3,base,VNS-tuned,7,,10,969.1696,1099.7766,965.9069,3.2627,0.0,10.0,10.006,3498,10,0,0,0.988,0,0,0,0,0,0
fullrange,CSDVRP-S-n20-s1,S,20,1,base,DRL-VNS18-F,5,1,6,785.2664,908.0268,780.5879,4.6785,0.0,6.0,6.059,4187,7,0,0,0.9833,0,0,0,0,0,0
fullrange,CSDVRP-L-n75-s3,L,75,3,base,Marginal-18-F,2,3,25,2114.7355,2332.9982,2094.6468,5.0887,15.0,25.0,25.186,1271,24,1,1,1.0,0,0,0,0,0,0
fullrange,CSDVRP-L-n100-s3,L,100,3,base,VNS-tuned,4,,35,2711.7235,3095.0715,2701.2503,10.4732,0.0,35.031,35.281,858,31,0,0,1.0,0,0,0,0,0,0
fullrange,CSDVRP-XL-n150-s3,XL,150,3,base,Marginal-9-F,1,2,50,3833.4208,4237.9876,3818.3069,15.1139,0.0,50.0,50.4,1989,44,0,0,0.999,0,0,0,0,0,0
fullrange,CSDVRP-S-n15-s1,S,15,1,base,VNS-tuned,9,,5,590.7648,675.8866,586.7939,3.9709,0.0,5.0,5.047,6668,5,0,0,0.9987,0,0,0,0,0,0
fullrange,CSDVRP-L-n100-s2,L,100,2,base,VNS-tuned,5,,35,2833.5651,3167.7225,2820.5719,12.9932,0.0,35.0,35.284,849,30,0,0,0.9976,0,0,0,0,0,0
fullrange,CSDVRP-XL-n150-s1,XL,150,1,base,VNS-tuned,8,,50,4292.2179,4744.1508,4247.5194,14.6985,30.0,50.0,50.291,1183,45,1,2,0.9997,0,0,0,0,0,0
fullrange,CSDVRP-M-n30-s4,M,30,4,base,VNS-tuned,3,,10,926.5915,1151.8487,921.3091,5.2824,0.0,10.0,10.076,3944,10,0,0,0.99,0,0,0,0,0,0
fullrange,CSDVRP-L-n100-s3,L,100,3,base,VNS-tuned,8,,35,2711.8355,3095.0715,2700.703,11.1326,0.0,35.0,35.208,903,31,0,0,0.998,0,0,0,0,0,0
fullrange,CSDVRP-M-n50-s5,M,50,5,base,DRL-VNS-F,6,2,15,1611.091,1904.3598,1603.3995,7.6915,0.0,15.0,15.18,2397,15,0,0,0.9985,0,0,0,0,0,0
fullrange,CSDVRP-XL-n150-s2,XL,150,2,base,VNS-tuned,3,,50,4019.1913,4545.4892,4001.8086,17.3827,0.0,50.0,50.291,1276,45,0,0,1.0,0,0,0,0,0,0
fullrange,CSDVRP-M-n50-s3,M,50,3,base,DRL-VNS18-F,3,4,15,1399.5258,1746.7745,1393.2711,6.2548,0.0,15.0,15.109,2235,15,0,0,0.994,0,0,0,0,0,0
fullrange,CSDVRP-S-n20-s2,S,20,2,base,DRL-VNS18-F,4,5,6,670.121,732.8183,667.0092,3.1118,0.0,6.0,5.993,4476,7,0,0,0.9933,0,0,0,0,0,0
