instance,n,Q,method,run,budget_s,Z_best,Z_init,best_known,gap_pct,cpu_s,iters,routes,split_customers,demand_viol,cap_viol,dup_visit_viol
SD17,160,100.0,ALNS+,0,240,2985590.0,3359996.0,2649273,12.695,240.38,1013,120,100,0,0,0
SD8,48,100.0,VNS-9,2,60,524027.0,624000.0,506828,3.393,60.03,1785,37,15,0,0,0
SD16,144,100.0,VNS-9,0,240,379916.0,432002.0,338109,12.365,240.08,4733,109,62,0,0,0
SD17,160,100.0,ALNS+,2,240,2992741.0,3359996.0,2649273,12.965,240.08,800,120,99,0,0,0
SD17,160,100.0,VNS,2,240,3078940.0,3359996.0,2649273,16.218,240.05,1881,124,54,0,0,0
SD18,160,100.0,ALNS+,0,240,1630819.0,1759998.0,1419369,14.897,240.11,656,128,32,0,0,0
SD10,64,100.0,VNS-9,1,120,289857.0,320000.0,268473,7.965,120.09,876,49,18,0,0,0
SD6,32,100.0,VNS,2,60,86255.0,96000.0,83120,3.772,60.0,5093,24,11,0,0,0
SD15,144,100.0,VNS,0,240,1694805.0,1871994.0,1508948,12.317,240.17,2668,108,43,0,0,0
SD5,32,100.0,VNS,1,60,145232.0,159998.0,139059,4.439,60.0,4883,24,10,0,0,0
SD14,120,100.0,DRL-VNS,0,240,1138858.0,1319994.0,1071550,6.281,241.36,317,90,38,0,0,0
SD1,8,100.0,VNS,0,60,24000.0,24000.0,22828,5.134,60.0,45468,8,0,0,0,0
SD14,120,100.0,VNS-9,2,240,1171766.0,1319994.0,1071550,9.352,241.02,262,90,31,0,0,0
SD6,32,100.0,DRL-VNS,1,60,84116.0,96000.0,83120,1.198,60.0,5952,24,9,0,0,0
SD3,16,100.0,ALNS+,1,60,43060.0,48000.0,43060,0.0,60.0,34470,12,8,0,0,0
SD5,32,100.0,VNS-9,1,60,140531.0,159998.0,139059,1.059,60.0,5272,24,9,0,0,0
SD13,96,100.0,VNS-9,1,120,1137363.0,1248000.0,1011040,12.494,120.38,234,74,35,0,0,0
SD21,288,100.0,VNS-9,1,300,1316726.0,1440006.0,1127095,16.825,300.19,1049,216,90,0,0,0
SD8,48,100.0,DRL-VNS,0,60,515114.0,624000.0,506828,1.635,60.02,1705,36,15,0,0,0
SD17,160,100.0,DRL-VNS,2,240,3142228.0,3359996.0,2649273,18.607,240.02,3341,123,53,0,0,0
SD15,144,100.0,VNS-9,1,240,1676920.0,1871994.0,1508948,11.132,240.03,4671,109,35,0,0,0
SD15,144,100.0,ALNS+,2,240,1756935.0,1871994.0,1508948,16.434,240.31,941,108,100,0,0,0
SD6,32,100.0,ALNS+,2,60,84848.0,96000.0,83120,2.079,60.0,6081,24,11,0,0,0
SD21,288,100.0,DRL-VNS,2,300,1324208.0,1440006.0,1127095,17.489,300.06,1195,216,93,0,0,0
SD21,288,100.0,VNS,2,300,1231775.0,1440006.0,1127095,9.288,300.14,632,216,93,0,0,0
SD15,144,100.0,DRL-VNS,2,240,1646326.0,1871994.0,1508948,9.104,240.02,6551,108,48,0,0,0
SD1,8,100.0,VNS-9,0,60,24000.0,24000.0,22828,5.134,60.0,57668,8,0,0,0,0
SD17,160,100.0,DRL-VNS,0,240,3243711.0,3359996.0,2649273,22.438,240.0,3106,124,38,0,0,0
SD6,32,100.0,ALNS+,1,60,86760.0,96000.0,83120,4.379,60.02,5729,24,18,0,0,0
SD7,40,100.0,VNS-9,0,60,364000.0,440000.0,364000,0.0,60.0,3367,30,15,0,0,0
SD20,240,100.0,ALNS+,0,300,4451388.0,5039990.0,3963513,12.309,300.14,328,192,48,0,0,0
SD19,192,100.0,VNS,1,240,2321908.0,2495998.0,1998716,16.17,240.06,1434,144,70,0,0,0
SD5,32,100.0,ALNS+,2,60,141727.0,159998.0,139059,1.919,60.0,5332,24,19,0,0,0
SD14,120,100.0,VNS,0,240,1176644.0,1319994.0,1071550,9.808,240.62,322,90,39,0,0,0
SD9,48,100.0,DRL-VNS,1,60,214727.0,239998.0,204424,5.04,60.03,1690,36,15,0,0,0
SD6,32,100.0,VNS,0,60,84257.0,96000.0,83120,1.368,60.0,5446,24,8,0,0,0
SD11,80,100.0,VNS,0,120,1372008.0,1680000.0,1328000,3.314,120.02,608,60,36,0,0,0
SD2,16,100.0,ALNS+,1,60,70828.0,80000.0,70828,0.0,60.0,30247,12,8,0,0,0
SD6,32,100.0,VNS-9,2,60,84256.0,96000.0,83120,1.367,60.0,6262,24,8,0,0,0
SD15,144,100.0,DRL-VNS,0,240,1725511.0,1871994.0,1508948,14.352,240.02,4895,108,49,0,0,0
SD7,40,100.0,ALNS+,1,60,364000.0,440000.0,364000,0.0,60.0,5157,30,24,0,0,0
SD15,144,100.0,VNS-9,0,240,1648477.0,1871994.0,1508948,9.247,240.05,5172,108,38,0,0,0
SD5,32,100.0,VNS,0,60,145429.0,159998.0,139059,4.581,60.0,3451,25,10,0,0,0
SD12,80,100.0,ALNS+,0,120,820165.0,880000.0,721353,13.698,120.19,379,64,19,0,0,0
SD2,16,100.0,ALNS+,2,60,70828.0,80000.0,70828,0.0,60.0,30282,12,9,0,0,0
SD19,192,100.0,VNS-9,2,240,2186252.0,2495998.0,1998716,9.383,240.03,2396,146,48,0,0,0
SD2,16,100.0,VNS,1,60,70828.0,80000.0,70828,0.0,60.0,18377,12,8,0,0,0
SD11,80,100.0,VNS-9,2,120,1414443.0,1680000.0,1328000,6.509,120.09,614,61,39,0,0,0
SD20,240,100.0,VNS-9,1,300,4508688.0,5039990.0,3963513,13.755,300.11,1657,182,68,0,0,0
SD11,80,100.0,DRL-VNS,2,120,1371621.0,1680000.0,1328000,3.285,120.0,595,60,34,0,0,0
SD21,288,100.0,VNS,1,300,1259390.0,1440006.0,1127095,11.738,300.97,540,216,121,0,0,0
SD4,24,100.0,DRL-VNS,2,60,64542.0,72000.0,63108,2.272,60.0,11155,18,6,0,0,0
SD20,240,100.0,VNS-9,2,300,4390053.0,5039990.0,3963513,10.762,300.08,1955,180,68,0,0,0
SD20,240,100.0,VNS-9,0,300,4432644.0,5039990.0,3963513,11.836,300.05,1978,180,64,0,0,0
SD7,40,100.0,DRL-VNS,1,60,364000.0,440000.0,364000,0.0,60.0,3989,30,15,0,0,0
SD20,240,100.0,ALNS+,1,300,4678379.0,5039990.0,3963513,18.036,302.78,333,181,163,0,0,0
SD20,240,100.0,VNS,0,300,4615735.0,5039990.0,3963513,16.456,300.58,974,180,81,0,0,0
SD3,16,100.0,VNS-9,1,60,43060.0,48000.0,43060,0.0,60.0,33688,12,8,0,0,0
SD7,40,100.0,VNS,0,60,366020.0,440000.0,364000,0.555,60.02,3783,30,19,0,0,0
SD12,80,100.0,DRL-VNS,2,120,804256.0,880000.0,721353,11.493,120.45,505,60,30,0,0,0
SD18,160,100.0,DRL-VNS,2,240,1603100.0,1759998.0,1419369,12.945,240.0,4497,120,48,0,0,0
SD15,144,100.0,ALNS+,0,240,1702519.0,1871994.0,1508948,12.828,240.14,1018,115,29,0,0,0
SD16,144,100.0,VNS-9,2,240,373386.0,432002.0,338109,10.434,240.0,5099,109,68,0,0,0
