scope,comparison,N,wins,losses,ties,median_diff_pct,p_raw,effect_r,p_holm,sig
Overall,DRL-VNS vs VNS,42,17,23,2,-0.003,0.7368464093078719,0.053,0.8690406075526691,n.s.
Overall,DRL-VNS vs ALNS+,42,40,1,1,2.746,4.3774243957429015e-08,0.855,3.064197077020031e-07,***
Overall,DRL-VNS vs DRL-ALNS,42,39,3,0,2.56,1.9554136088117957e-11,0.852,1.5643308870494366e-10,***
Overall,DRL-VNS vs VNS-9,42,30,9,3,0.295,4.888298750563231e-05,0.65,0.00029329792503379385,***
Overall,DRL-VNS vs Fixed-small,42,32,10,0,0.363,0.006811264997395483,0.412,0.027245059989581932,*
Overall,DRL-VNS vs Random-9,42,29,8,5,0.148,7.49026985344527e-05,0.651,0.0003745134926722635,***
Overall,DRL-VNS vs Roulette-9,42,21,18,3,0.001,0.43452030377633455,0.125,0.8690406075526691,n.s.
Overall,DRL-VNS vs Marginal-9,42,24,13,5,0.075,0.010554115371195164,0.42,0.031662346113585496,*
S,DRL-VNS vs VNS,12,4,6,2,-0.0,0.556640625,0.21,0.78125,n.s.
S,DRL-VNS vs ALNS+,12,11,0,1,1.111,0.0009765625,0.885,0.0078125,**
S,DRL-VNS vs DRL-ALNS,12,10,2,0,0.616,0.0048828125,0.77,0.0341796875,*
S,DRL-VNS vs VNS-9,12,6,3,3,0.001,0.25,0.415,0.78125,n.s.
S,DRL-VNS vs Fixed-small,12,10,2,0,0.76,0.01611328125,0.679,0.0966796875,n.s.
S,DRL-VNS vs Random-9,12,2,5,5,0.0,0.21875,0.511,0.78125,n.s.
S,DRL-VNS vs Roulette-9,12,2,7,3,-0.003,0.09765625,0.573,0.48828125,n.s.
S,DRL-VNS vs Marginal-9,12,3,5,4,0.0,0.1953125,0.495,0.78125,n.s.
M,DRL-VNS vs VNS,12,7,5,0,0.338,0.09228515625,0.498,0.27685546875,n.s.
M,DRL-VNS vs ALNS+,12,11,1,0,2.286,0.00244140625,0.815,0.0146484375,*
M,DRL-VNS vs DRL-ALNS,12,11,1,0,2.251,0.00146484375,0.838,0.01025390625,*
M,DRL-VNS vs VNS-9,12,9,3,0,0.231,0.0341796875,0.611,0.13671875,n.s.
M,DRL-VNS vs Fixed-small,12,12,0,0,0.679,0.00048828125,0.883,0.00390625,**
M,DRL-VNS vs Random-9,12,10,2,0,0.118,0.02099609375,0.657,0.10498046875,n.s.
M,DRL-VNS vs Roulette-9,12,7,5,0,0.012,0.6220703125,0.159,0.6220703125,n.s.
M,DRL-VNS vs Marginal-9,12,6,5,1,0.12,0.123046875,0.483,0.27685546875,n.s.
L,DRL-VNS vs VNS,12,5,7,0,-0.024,0.90966796875,0.045,0.90966796875,n.s.
L,DRL-VNS vs ALNS+,12,12,0,0,4.632,0.00048828125,0.883,0.00390625,**
L,DRL-VNS vs DRL-ALNS,12,12,0,0,3.918,0.00048828125,0.883,0.00390625,**
L,DRL-VNS vs VNS-9,12,10,2,0,0.448,0.00341796875,0.793,0.013671875,*
L,DRL-VNS vs Fixed-small,12,9,3,0,0.308,0.09228515625,0.498,0.1845703125,n.s.
L,DRL-VNS vs Random-9,12,12,0,0,0.452,0.00048828125,0.883,0.00390625,**
L,DRL-VNS vs Roulette-9,12,9,3,0,0.145,0.02099609375,0.657,0.06298828125,n.s.
L,DRL-VNS vs Marginal-9,12,11,1,0,0.243,0.0009765625,0.861,0.0048828125,**
XL,DRL-VNS vs VNS,6,1,5,0,-0.741,0.0625,0.813,0.375,n.s.
XL,DRL-VNS vs ALNS+,6,6,0,0,3.987,0.03125,0.899,0.25,n.s.
XL,DRL-VNS vs DRL-ALNS,6,6,0,0,2.884,0.03125,0.899,0.25,n.s.
XL,DRL-VNS vs VNS-9,6,5,1,0,0.607,0.09375,0.728,0.375,n.s.
XL,DRL-VNS vs Fixed-small,6,1,5,0,-0.423,0.0625,0.813,0.375,n.s.
XL,DRL-VNS vs Random-9,6,5,1,0,0.345,0.0625,0.813,0.375,n.s.
XL,DRL-VNS vs Roulette-9,6,3,3,0,-0.114,0.5625,0.3,0.625,n.s.
XL,DRL-VNS vs Marginal-9,6,4,2,0,0.229,0.3125,0.471,0.625,n.s.
Overall,DRL-VNS18 vs VNS,42,16,25,1,-0.03,0.039985383811375244,0.321,0.23991230286825146,n.s.
Overall,DRL-VNS18 vs VNS-18,42,19,19,4,0.0,0.22040861954551505,0.199,0.8816344781820602,n.s.
Overall,DRL-VNS18 vs Fixed-dominant,42,20,22,0,-0.026,0.49555560536464327,0.107,1.0,n.s.
Overall,DRL-VNS18 vs Random-18,42,24,16,2,0.01,0.08293097388578548,0.274,0.4146548694289274,n.s.
Overall,DRL-VNS18 vs Roulette-18,42,16,23,3,-0.004,0.5392021716240625,0.098,1.0,n.s.
Overall,DRL-VNS18 vs Marginal-18,42,16,21,5,-0.0,0.9099139002604909,0.019,1.0,n.s.
S,DRL-VNS18 vs VNS,12,3,8,1,-0.002,0.0537109375,0.59,0.234375,n.s.
S,DRL-VNS18 vs VNS-18,12,3,5,4,0.0,0.9453125,0.05,1.0,n.s.
S,DRL-VNS18 vs Fixed-dominant,12,9,3,0,0.043,0.5185546875,0.204,1.0,n.s.
S,DRL-VNS18 vs Random-18,12,3,7,2,-0.003,0.232421875,0.403,0.697265625,n.s.
S,DRL-VNS18 vs Roulette-18,12,1,8,3,-0.006,0.01953125,0.77,0.1171875,n.s.
S,DRL-VNS18 vs Marginal-18,12,1,6,5,-0.0,0.046875,0.767,0.234375,n.s.
M,DRL-VNS18 vs VNS,12,9,3,0,0.14,0.1513671875,0.43,0.7763671875,n.s.
M,DRL-VNS18 vs VNS-18,12,6,6,0,-0.011,0.5693359375,0.181,1.0,n.s.
M,DRL-VNS18 vs Fixed-dominant,12,3,9,0,-0.172,0.12939453125,0.453,0.7763671875,n.s.
M,DRL-VNS18 vs Random-18,12,8,4,0,0.079,0.30126953125,0.317,1.0,n.s.
M,DRL-VNS18 vs Roulette-18,12,7,5,0,0.065,0.5185546875,0.204,1.0,n.s.
M,DRL-VNS18 vs Marginal-18,12,7,5,0,0.188,0.30126953125,0.317,1.0,n.s.
L,DRL-VNS18 vs VNS,12,3,9,0,-0.21,0.01220703125,0.702,0.0732421875,n.s.
L,DRL-VNS18 vs VNS-18,12,5,7,0,-0.047,0.7333984375,0.113,1.0,n.s.
L,DRL-VNS18 vs Fixed-dominant,12,3,9,0,-0.24,0.02685546875,0.634,0.13427734375,n.s.
L,DRL-VNS18 vs Random-18,12,8,4,0,0.104,0.4697265625,0.226,1.0,n.s.
L,DRL-VNS18 vs Roulette-18,12,5,7,0,-0.103,0.85009765625,0.068,1.0,n.s.
L,DRL-VNS18 vs Marginal-18,12,5,7,0,-0.107,0.67724609375,0.136,1.0,n.s.
XL,DRL-VNS18 vs VNS,6,1,5,0,-0.26,0.15625,0.642,0.625,n.s.
XL,DRL-VNS18 vs VNS-18,6,5,1,0,0.439,0.15625,0.642,0.625,n.s.
XL,DRL-VNS18 vs Fixed-dominant,6,5,1,0,1.299,0.0625,0.813,0.375,n.s.
XL,DRL-VNS18 vs Random-18,6,5,1,0,0.31,0.0625,0.813,0.375,n.s.
XL,DRL-VNS18 vs Roulette-18,6,3,3,0,0.006,1.0,0.043,1.0,n.s.
XL,DRL-VNS18 vs Marginal-18,6,3,3,0,0.127,0.4375,0.385,0.875,n.s.
