scope,method,instances,mean_Z,impr_over_CW_pct,sd_across_instances,mean_run_cv_pct,best_of_10_impr_pct,mean_iters
S,VNS,12,672.53,10.522,3.282,0.414,10.867,5028
S,ALNS+,12,681.01,9.389,3.441,1.262,10.667,6474
S,DRL-ALNS,12,678.17,9.753,3.388,1.248,10.673,3695
S,VNS-9,12,674.08,10.343,2.976,0.502,10.76,5927
S,Fixed-small,12,679.83,9.574,3.57,0.853,10.46,7279
S,Random-9,12,671.94,10.602,3.133,0.345,10.876,6020
S,Roulette-9,12,671.66,10.645,3.102,0.321,10.768,5829
S,Marginal-9,12,671.21,10.701,3.155,0.341,10.867,5870
S,DRL-VNS,12,673.05,10.469,3.086,0.565,10.868,3941
S,VNS-18,12,674.81,10.26,2.956,0.552,10.737,5873
S,Fixed-dominant,12,674.48,10.221,3.583,0.494,10.452,6716
S,Random-18,12,672.75,10.504,3.099,0.657,10.76,5907
S,Roulette-18,12,672.47,10.534,3.151,0.407,10.876,5787
S,Marginal-18,12,672.31,10.553,3.133,0.437,10.868,6014
S,DRL-VNS18,12,674.14,10.296,3.144,0.434,10.761,4087
S,VNS-tuned,12,671.36,10.684,3.256,0.273,10.867,4792
S,Marginal-9-F,12,672.19,10.585,3.027,0.48,10.868,6284
S,DRL-VNS18-F,12,672.37,10.549,3.135,0.427,10.867,4064
S,Marginal-18-F,12,672.8,10.5,3.034,0.516,10.876,6224
S,DRL-VNS-F,12,672.82,10.506,3.03,0.383,10.867,4159
M,VNS,12,1293.1,14.632,3.267,0.713,15.296,3202
M,ALNS+,12,1319.23,13.024,3.11,1.311,14.426,2934
M,DRL-ALNS,12,1317.93,13.132,3.243,1.389,14.7,2263
M,VNS-9,12,1292.36,14.658,3.227,0.806,15.262,2681
M,Fixed-small,12,1302.09,13.992,3.1,0.97,14.858,3849
M,Random-9,12,1291.9,14.659,2.999,0.829,15.311,2704
M,Roulette-9,12,1289.66,14.795,3.152,0.681,15.313,2763
M,Marginal-9,12,1291.03,14.72,3.193,0.76,15.257,2611
M,DRL-VNS,12,1288.66,14.891,3.224,0.46,15.226,2316
M,VNS-18,12,1292.81,14.602,3.211,0.78,15.291,2716
M,Fixed-dominant,12,1289.37,14.83,3.326,0.343,15.116,2870
M,Random-18,12,1292.53,14.648,3.128,0.802,15.257,2727
M,Roulette-18,12,1292.28,14.638,3.139,0.868,15.262,2733
M,Marginal-18,12,1292.29,14.661,3.217,0.807,15.233,2788
M,DRL-VNS18,12,1290.82,14.739,3.149,0.741,15.253,2486
M,VNS-tuned,12,1291.82,14.677,3.207,0.707,15.226,2666
M,Marginal-9-F,12,1290.57,14.734,3.105,0.797,15.256,2968
M,DRL-VNS18-F,12,1287.88,14.934,3.211,0.484,15.221,2568
M,Marginal-18-F,12,1290.92,14.71,3.055,0.766,15.282,2911
M,DRL-VNS-F,12,1288.99,14.855,3.147,0.628,15.295,2649
L,VNS,12,2487.78,12.197,2.401,0.716,13.042,1241
L,ALNS+,12,2611.99,7.889,1.639,1.171,9.843,703
L,DRL-ALNS,12,2588.03,8.673,2.069,1.345,10.742,636
L,VNS-9,12,2498.83,11.825,2.255,0.789,12.759,899
L,Fixed-small,12,2494.92,11.966,2.092,0.784,12.764,1523
L,Random-9,12,2500.85,11.763,2.195,0.948,12.891,885
L,Roulette-9,12,2494.5,11.994,2.234,0.828,12.928,974
L,Marginal-9,12,2495.39,11.955,2.188,0.796,12.899,871
L,DRL-VNS,12,2488.07,12.206,2.339,0.691,13.012,895
L,VNS-18,12,2494.42,11.972,2.364,0.74,12.908,911
L,Fixed-dominant,12,2488.41,12.16,2.473,0.512,12.805,908
L,Random-18,12,2497.61,11.882,2.179,0.854,12.853,865
L,Roulette-18,12,2495.83,11.939,2.023,1.093,13.199,949
L,Marginal-18,12,2497.24,11.878,2.125,0.889,12.888,903
L,DRL-VNS18,12,2494.46,11.946,2.355,0.805,12.872,905
L,VNS-tuned,12,2489.56,12.146,2.258,0.817,13.115,1043
L,Marginal-9-F,12,2491.96,12.083,2.147,0.785,13.021,984
L,DRL-VNS18-F,12,2487.66,12.193,2.429,0.805,13.114,968
L,Marginal-18-F,12,2491.96,12.069,2.196,0.805,12.913,942
L,DRL-VNS-F,12,2485.99,12.286,2.3,0.7,13.044,1028
XL,VNS,6,4039.21,12.218,3.386,0.736,13.076,1413
XL,ALNS+,6,4233.75,8.034,2.844,1.14,10.152,659
XL,DRL-ALNS,6,4208.61,8.553,2.804,1.121,10.126,740
XL,VNS-9,6,4093.89,11.036,3.245,0.794,12.061,1512
XL,Fixed-small,6,4051.22,11.94,3.365,0.873,13.186,2345
XL,Random-9,6,4093.87,11.037,2.929,0.803,12.121,1554
XL,Roulette-9,6,4063.58,11.681,3.3,0.74,12.578,1668
XL,Marginal-9,6,4088.23,11.159,3.017,0.786,12.309,1467
XL,DRL-VNS,6,4068.87,11.559,3.538,0.945,12.752,1456
XL,VNS-18,6,4064.87,11.663,3.411,0.954,12.998,922
XL,Fixed-dominant,6,4097.56,10.933,3.709,0.721,11.725,1243
XL,Random-18,6,4067.9,11.616,3.025,1.178,13.047,866
XL,Roulette-18,6,4047.7,12.05,3.012,0.889,13.048,933
XL,Marginal-18,6,4055.73,11.873,3.084,1.038,13.318,956
XL,DRL-VNS18,6,4050.59,11.982,3.087,0.946,12.97,958
XL,VNS-tuned,6,4038.07,12.244,3.381,0.854,13.251,1037
XL,Marginal-9-F,6,4070.24,11.54,3.126,1.001,12.753,1597
XL,DRL-VNS18-F,6,4042.19,12.158,3.213,0.906,13.355,1036
XL,Marginal-18-F,6,4055.12,11.888,3.227,1.005,13.071,992
XL,DRL-VNS-F,6,4049.68,11.973,3.432,0.789,12.911,1694
Overall,VNS,42,1849.43,12.417,3.347,0.631,13.069,2908
Overall,ALNS+,42,1922.6,9.805,3.478,1.232,11.432,2983
Overall,DRL-ALNS,42,1910.98,10.239,3.415,1.298,11.765,1990
Overall,VNS-9,42,1860.63,12.098,3.29,0.713,12.803,2932
Overall,Fixed-small,42,1857.84,11.858,3.379,0.869,12.764,3950
Overall,Random-9,42,1860.46,12.155,3.187,0.721,12.897,2968
Overall,Roulette-9,42,1853.6,12.364,3.259,0.628,12.942,2971
Overall,Marginal-9,42,1857.64,12.273,3.238,0.654,12.908,2881
Overall,DRL-VNS,42,1852.63,12.384,3.37,0.625,12.995,2251
Overall,VNS-18,42,1855.56,12.19,3.298,0.728,12.981,2846
Overall,Fixed-dominant,42,1857.44,12.194,3.624,0.488,12.639,3176
Overall,Random-18,42,1856.24,12.241,3.204,0.829,12.97,2838
Overall,Roulette-18,42,1852.7,12.324,3.173,0.804,13.103,2839
Overall,Marginal-18,42,1854.2,12.294,3.223,0.758,13.042,2910
Overall,DRL-VNS18,42,1852.78,12.278,3.306,0.701,12.963,2274
Overall,VNS-tuned,42,1849.08,12.465,3.281,0.635,13.095,2577
Overall,Marginal-9-F,42,1854.24,12.335,3.188,0.732,13.006,3153
Overall,DRL-VNS18-F,42,1848.29,12.502,3.337,0.62,13.108,2320
Overall,Marginal-18-F,42,1852.36,12.349,3.197,0.74,13.031,3021
Overall,DRL-VNS-F,42,1849.32,12.467,3.289,0.602,13.046,2481
