k_max,n,run,Z_best,Z_init,impr_pct,iters
2,20,0,636.2253,730.0261,12.849,2366
2,20,1,649.7497,730.0261,10.9964,2344
2,20,2,636.6517,730.0261,12.7906,2515
2,50,0,1458.9464,1731.2044,15.7265,1955
2,50,1,1505.2526,1731.2044,13.0517,1793
2,50,2,1490.8289,1731.2044,13.8849,1626
2,75,0,2179.8158,2542.2037,14.2549,1067
2,75,1,2178.2718,2542.2037,14.3156,1189
2,75,2,2168.7984,2542.2037,14.6883,984
2,100,0,2633.4266,2986.0766,11.8098,735
2,100,1,2616.6692,2986.0766,12.371,646
2,100,2,2602.698,2986.0766,12.8389,808
2,150,0,4131.7475,4713.7591,12.3471,1056
2,150,1,4151.8014,4713.7591,11.9216,967
2,150,2,4140.1027,4713.7591,12.1698,1115
4,20,0,636.2253,730.0261,12.849,1793
4,20,1,636.2253,730.0261,12.849,1933
4,20,2,636.2253,730.0261,12.849,1920
4,50,0,1505.3093,1731.2044,13.0484,1240
4,50,1,1499.4724,1731.2044,13.3856,1253
4,50,2,1457.6228,1731.2044,15.803,1358
4,75,0,2123.5192,2542.2037,16.4694,902
4,75,1,2130.5367,2542.2037,16.1933,890
4,75,2,2141.3587,2542.2037,15.7676,805
4,100,0,2646.2279,2986.0766,11.3811,451
4,100,1,2649.6927,2986.0766,11.2651,405
4,100,2,2663.5514,2986.0766,10.801,355
4,150,0,4181.8401,4713.7591,11.2844,558
4,150,1,4096.3717,4713.7591,13.0976,629
4,150,2,4139.9205,4713.7591,12.1737,602
6,20,0,636.2253,730.0261,12.849,1558
6,20,1,636.3703,730.0261,12.8291,1732
6,20,2,636.2253,730.0261,12.849,1531
6,50,0,1505.3151,1731.2044,13.0481,908
6,50,1,1467.4643,1731.2044,15.2345,1046
6,50,2,1458.117,1731.2044,15.7744,1027
6,75,0,2171.7654,2542.2037,14.5715,638
6,75,1,2141.3826,2542.2037,15.7667,588
6,75,2,2209.8916,2542.2037,13.0718,535
6,100,0,2648.8178,2986.0766,11.2944,365
6,100,1,2648.1305,2986.0766,11.3174,378
6,100,2,2641.7896,2986.0766,11.5297,352
6,150,0,4172.8135,4713.7591,11.4759,365
6,150,1,4103.2702,4713.7591,12.9512,299
6,150,2,4113.67,4713.7591,12.7306,276
8,20,0,635.914,730.0261,12.8916,941
8,20,1,636.2253,730.0261,12.849,951
8,20,2,636.3703,730.0261,12.8291,957
8,50,0,1471.0983,1731.2044,15.0246,490
8,50,1,1474.4192,1731.2044,14.8328,599
8,50,2,1457.3776,1731.2044,15.8171,544
8,75,0,2150.0804,2542.2037,15.4245,331
8,75,1,2163.668,2542.2037,14.8901,333
8,75,2,2165.6328,2542.2037,14.8128,354
8,100,0,2654.0225,2986.0766,11.1201,169
8,100,1,2606.0456,2986.0766,12.7268,181
8,100,2,2648.6402,2986.0766,11.3003,174
8,150,0,4205.7612,4713.7591,10.7769,346
8,150,1,4081.4533,4713.7591,13.414,517
8,150,2,4113.5747,4713.7591,12.7326,505
12,20,0,636.2253,730.0261,12.849,2098
12,20,1,636.2253,730.0261,12.849,2129
12,20,2,636.3703,730.0261,12.8291,2099
12,50,0,1490.8771,1731.2044,13.8821,914
12,50,1,1473.7031,1731.2044,14.8741,972
12,50,2,1457.6519,1731.2044,15.8013,961
12,75,0,2181.7396,2542.2037,14.1792,492
12,75,1,2149.283,2542.2037,15.4559,549
12,75,2,2146.1814,2542.2037,15.5779,554
12,100,0,2652.9123,2986.0766,11.1573,312
12,100,1,2611.3925,2986.0766,12.5477,298
12,100,2,2666.4263,2986.0766,10.7047,304
12,150,0,4210.3964,4713.7591,10.6786,308
12,150,1,4084.2637,4713.7591,13.3544,307
12,150,2,4176.8085,4713.7591,11.3911,289
