instance,size_class,n,ALNS,ALNS+,CW,DRL+,DRL-VNS,VNS
CSDVRP-L-n100-s0,L,100,3397.34505,3296.1197,3458.8862,3296.1197,3278.822,3296.1197
CSDVRP-L-n100-s1,L,100,3041.46155,2890.8734,3146.4881,2891.75525,2771.15735,2878.5382
CSDVRP-L-n100-s2,L,100,3126.4261500000002,2942.67595,3167.7225,2942.67595,2918.7905,2939.79645
CSDVRP-L-n100-s3,L,100,3075.2672000000002,2848.0126499999997,3095.0715,2848.0126499999997,2833.9964,2848.0126499999997
CSDVRP-L-n100-s4,L,100,3347.7432500000004,3140.52925,3371.4529,3140.52925,3071.8140000000003,3138.28465
CSDVRP-L-n100-s5,L,100,3047.3220499999998,2827.3067499999997,3154.3549,2827.3067499999997,2767.58305,2806.41835
CSDVRP-L-n75-s0,L,75,2590.9150499999996,2505.56525,2688.4285,2505.56525,2484.3836,2498.56355
CSDVRP-L-n75-s1,L,75,2352.2084999999997,2276.4426000000003,2408.8056,2276.4426000000003,2209.1161,2264.1071
CSDVRP-L-n75-s2,L,75,2316.84865,2255.03835,2442.0216,2255.03835,2192.29475,2252.5547500000002
CSDVRP-L-n75-s3,L,75,2316.6834,2206.1981,2332.9982,2206.1981,2193.84365,2206.1981
CSDVRP-L-n75-s4,L,75,2415.5355,2283.61855,2460.454,2283.61855,2267.8307,2283.0084
CSDVRP-L-n75-s5,L,75,2297.13825,2203.85015,2327.4464,2203.85015,2152.0053500000004,2203.85015
CSDVRP-M-n30-s0,M,30,1142.8342,1191.5978,1303.6377,1180.00635,1139.4294,1131.758
CSDVRP-M-n30-s1,M,30,1124.3978499999998,1107.643,1231.1888,1102.6392,1068.59115,1097.67765
CSDVRP-M-n30-s2,M,30,981.3208500000001,980.85425,1162.4183,1001.86305,953.94065,960.62615
CSDVRP-M-n30-s3,M,30,1031.3593500000002,1031.7694999999999,1099.7766,1028.93555,1011.2855999999999,1012.13105
CSDVRP-M-n30-s4,M,30,1029.61715,995.2239500000001,1151.8487,1017.81785,1004.06925,980.9621999999999
CSDVRP-M-n30-s5,M,30,1165.6387,1149.6794,1247.2838,1157.68145,1135.51755,1125.5931
CSDVRP-M-n50-s0,M,50,1840.59525,1834.11425,1986.2853,1836.82725,1795.2326,1800.29335
CSDVRP-M-n50-s1,M,50,1645.7196,1625.55675,1718.5004,1631.8784,1560.51785,1567.53785
CSDVRP-M-n50-s2,M,50,1625.21965,1565.81465,1677.4231,1565.81465,1505.3667,1531.9266499999999
CSDVRP-M-n50-s3,M,50,1585.2997,1514.1774,1746.7745,1514.1774,1469.1234,1462.0632500000002
CSDVRP-M-n50-s4,M,50,1804.5419,1755.6987,1919.2804,1755.6987,1736.22875,1738.682
CSDVRP-M-n50-s5,M,50,1748.75895,1755.40795,1904.3598,1755.40795,1699.57755,1709.1904
CSDVRP-S-n15-s0,S,15,621.6934,627.4262,666.3141,627.402,627.24665,622.51175
CSDVRP-S-n15-s1,S,15,645.93165,617.95335,675.8866,637.1394,607.12325,599.5575
CSDVRP-S-n15-s2,S,15,639.2078,631.4739500000001,645.109,631.72725,623.7720999999999,618.89355
CSDVRP-S-n15-s3,S,15,621.1943,634.5966,692.2972,624.9989,616.9811,618.6231
CSDVRP-S-n15-s4,S,15,597.8787500000001,590.122,624.2332,592.35425,606.5996,582.622
CSDVRP-S-n15-s5,S,15,698.8439000000001,677.1443999999999,800.4223,681.9177,674.85045,667.35045
CSDVRP-S-n20-s0,S,20,813.7165500000001,788.6007,835.2978,787.3936,785.6886,785.5512
CSDVRP-S-n20-s1,S,20,836.80845,834.3923,908.0268,837.8063999999999,800.1713,826.80105
CSDVRP-S-n20-s2,S,20,706.25115,703.3616999999999,732.8183,704.91705,677.633,685.133
CSDVRP-S-n20-s3,S,20,724.7900500000001,728.3629000000001,797.0264,742.55255,709.92705,711.0358
CSDVRP-S-n20-s4,S,20,755.51035,756.72195,798.0501,764.04585,735.1249,734.9238
CSDVRP-S-n20-s5,S,20,813.6447000000001,799.8166,865.7,805.7147,807.56765,776.1135
CSDVRP-XL-n150-s0,XL,150,5021.4451,4643.5527,5021.4451,4643.5527,4636.5741,4579.5812000000005
CSDVRP-XL-n150-s1,XL,150,4744.1508,4472.3409,4744.1508,4472.3409,4442.1074,4488.2723000000005
CSDVRP-XL-n150-s2,XL,150,4545.4892,4231.4267,4545.4892,4231.4267,4231.119849999999,4232.64405
CSDVRP-XL-n150-s3,XL,150,4237.9876,3957.62115,4237.9876,3957.62115,3953.03705,3977.01605
CSDVRP-XL-n150-s4,XL,150,4707.7863,4222.09345,4802.2805,4222.09345,4139.1834,4158.9866
CSDVRP-XL-n150-s5,XL,150,4291.4727,4042.1441,4291.4727,4042.1441,4042.1441,4016.3414000000002
