instance,size_class,n,n_split_eligible,method,run,Z_best,Z_init,time_s,budget_s
CSDVRP-S-n15-s0,S,15,4,CW,0,666.3141,666.3141,0.0,5
CSDVRP-S-n15-s0,S,15,4,VNS,0,623.1189,666.3141,5.0,5
CSDVRP-S-n15-s0,S,15,4,VNS,1,621.9046,666.3141,5.0,5
CSDVRP-S-n15-s0,S,15,4,ALNS,0,621.5233,666.3141,5.0,5
CSDVRP-S-n15-s0,S,15,4,ALNS,1,621.8635,666.3141,5.0,5
CSDVRP-S-n15-s0,S,15,4,ALNS+,0,621.5717,666.3141,5.0,5
CSDVRP-S-n15-s0,S,15,4,ALNS+,1,633.2807,666.3141,5.0,5
CSDVRP-S-n15-s0,S,15,4,DRL+,0,621.5233,666.3141,5.0,5
CSDVRP-S-n15-s0,S,15,4,DRL+,1,633.2807,666.3141,5.0,5
CSDVRP-S-n15-s1,S,15,4,CW,0,675.8866,675.8866,0.0,5
CSDVRP-S-n15-s1,S,15,4,VNS,0,599.6997,675.8866,5.0,5
CSDVRP-S-n15-s1,S,15,4,VNS,1,599.4153,675.8866,5.0,5
CSDVRP-S-n15-s1,S,15,4,ALNS,0,642.6601,675.8866,5.0,5
CSDVRP-S-n15-s1,S,15,4,ALNS,1,649.2032,675.8866,5.0,5
CSDVRP-S-n15-s1,S,15,4,ALNS+,0,614.4432,675.8866,5.0,5
CSDVRP-S-n15-s1,S,15,4,ALNS+,1,621.4635,675.8866,5.0,5
CSDVRP-S-n15-s1,S,15,4,DRL+,0,633.8984,675.8866,5.0,5
CSDVRP-S-n15-s1,S,15,4,DRL+,1,640.3804,675.8866,5.0,5
CSDVRP-S-n15-s2,S,15,4,CW,0,645.109,645.109,0.0,5
CSDVRP-S-n15-s2,S,15,4,VNS,0,618.9784,645.109,5.0,5
CSDVRP-S-n15-s2,S,15,4,VNS,1,618.8087,645.109,5.0,5
CSDVRP-S-n15-s2,S,15,4,ALNS,0,634.3433,645.109,5.0,5
CSDVRP-S-n15-s2,S,15,4,ALNS,1,644.0723,645.109,5.0,5
CSDVRP-S-n15-s2,S,15,4,ALNS+,0,628.6041,645.109,5.0,5
CSDVRP-S-n15-s2,S,15,4,ALNS+,1,634.3438,645.109,5.0,5
CSDVRP-S-n15-s2,S,15,4,DRL+,0,634.3822,645.109,5.0,5
CSDVRP-S-n15-s2,S,15,4,DRL+,1,629.0723,645.109,5.0,5
CSDVRP-S-n15-s3,S,15,4,CW,0,692.2972,692.2972,0.0,5
CSDVRP-S-n15-s3,S,15,4,VNS,0,620.2792,692.2972,5.0,5
CSDVRP-S-n15-s3,S,15,4,VNS,1,616.967,692.2972,5.0,5
CSDVRP-S-n15-s3,S,15,4,ALNS,0,617.6873,692.2972,5.0,5
CSDVRP-S-n15-s3,S,15,4,ALNS,1,624.7013,692.2972,5.0,5
CSDVRP-S-n15-s3,S,15,4,ALNS+,0,634.5966,692.2972,5.0,5
CSDVRP-S-n15-s3,S,15,4,ALNS+,1,634.5966,692.2972,5.0,5
CSDVRP-S-n15-s3,S,15,4,DRL+,0,629.2654,692.2972,5.0,5
CSDVRP-S-n15-s3,S,15,4,DRL+,1,620.7324,692.2972,5.0,5
CSDVRP-S-n15-s4,S,15,4,CW,0,624.2332,624.2332,0.0,5
CSDVRP-S-n15-s4,S,15,4,VNS,0,582.622,624.2332,5.0,5
CSDVRP-S-n15-s4,S,15,4,VNS,1,582.622,624.2332,5.0,5
CSDVRP-S-n15-s4,S,15,4,ALNS,0,612.7414,624.2332,5.0,5
CSDVRP-S-n15-s4,S,15,4,ALNS,1,583.0161,624.2332,5.0,5
CSDVRP-S-n15-s4,S,15,4,ALNS+,0,597.622,624.2332,5.0,5
CSDVRP-S-n15-s4,S,15,4,ALNS+,1,582.622,624.2332,5.0,5
CSDVRP-S-n15-s4,S,15,4,DRL+,0,582.622,624.2332,5.0,5
CSDVRP-S-n15-s4,S,15,4,DRL+,1,602.0865,624.2332,5.0,5
CSDVRP-S-n15-s5,S,15,4,CW,0,800.4223,800.4223,0.0,5
CSDVRP-S-n15-s5,S,15,4,VNS,0,666.5148,800.4223,5.0,5
CSDVRP-S-n15-s5,S,15,4,VNS,1,668.1861,800.4223,5.0,5
CSDVRP-S-n15-s5,S,15,4,ALNS,0,698.8379,800.4223,5.0,5
CSDVRP-S-n15-s5,S,15,4,ALNS,1,698.8499,800.4223,5.0,5
CSDVRP-S-n15-s5,S,15,4,ALNS+,0,682.0857,800.4223,5.0,5
CSDVRP-S-n15-s5,S,15,4,ALNS+,1,672.2031,800.4223,5.0,5
CSDVRP-S-n15-s5,S,15,4,DRL+,0,688.5121,800.4223,5.0,5
CSDVRP-S-n15-s5,S,15,4,DRL+,1,675.3233,800.4223,5.0,5
CSDVRP-S-n20-s0,S,20,5,CW,0,835.2978,835.2978,0.0,6
CSDVRP-S-n20-s0,S,20,5,VNS,0,785.6886,835.2978,6.01,6
CSDVRP-S-n20-s0,S,20,5,VNS,1,785.4138,835.2978,6.0,6
CSDVRP-S-n20-s0,S,20,5,ALNS,0,825.4899,835.2978,6.0,6
CSDVRP-S-n20-s0,S,20,5,ALNS,1,801.9432,835.2978,6.0,6
CSDVRP-S-n20-s0,S,20,5,ALNS+,0,788.6007,835.2978,6.0,6
CSDVRP-S-n20-s0,S,20,5,ALNS+,1,788.6007,835.2978,6.0,6
CSDVRP-S-n20-s0,S,20,5,DRL+,0,788.6007,835.2978,6.0,6
CSDVRP-S-n20-s0,S,20,5,DRL+,1,786.1865,835.2978,6.0,6
CSDVRP-S-n20-s1,S,20,5,CW,0,908.0268,908.0268,0.0,6
CSDVRP-S-n20-s1,S,20,5,VNS,0,807.9094,908.0268,6.01,6
CSDVRP-S-n20-s1,S,20,5,VNS,1,845.6927,908.0268,6.0,6
CSDVRP-S-n20-s1,S,20,5,ALNS,0,839.2807,908.0268,6.0,6
CSDVRP-S-n20-s1,S,20,5,ALNS,1,834.3362,908.0268,6.0,6
CSDVRP-S-n20-s1,S,20,5,ALNS+,0,823.0432,908.0268,6.0,6
CSDVRP-S-n20-s1,S,20,5,ALNS+,1,845.7414,908.0268,6.0,6
CSDVRP-S-n20-s1,S,20,5,DRL+,0,852.6713,908.0268,6.0,6
CSDVRP-S-n20-s1,S,20,5,DRL+,1,822.9415,908.0268,6.0,6
CSDVRP-S-n20-s2,S,20,5,CW,0,732.8183,732.8183,0.0,6
CSDVRP-S-n20-s2,S,20,5,VNS,0,685.1283,732.8183,6.0,6
CSDVRP-S-n20-s2,S,20,5,VNS,1,685.1377,732.8183,6.01,6
CSDVRP-S-n20-s2,S,20,5,ALNS,0,706.1373,732.8183,6.0,6
CSDVRP-S-n20-s2,S,20,5,ALNS,1,706.365,732.8183,6.0,6
CSDVRP-S-n20-s2,S,20,5,ALNS+,0,700.6028,732.8183,6.0,6
CSDVRP-S-n20-s2,S,20,5,ALNS+,1,706.1206,732.8183,6.0,6
CSDVRP-S-n20-s2,S,20,5,DRL+,0,697.0834,732.8183,6.0,6
CSDVRP-S-n20-s2,S,20,5,DRL+,1,712.7507,732.8183,6.0,6
CSDVRP-S-n20-s3,S,20,5,CW,0,797.0264,797.0264,0.0,6
CSDVRP-S-n20-s3,S,20,5,VNS,0,716.7459,797.0264,6.0,6
CSDVRP-S-n20-s3,S,20,5,VNS,1,705.3257,797.0264,6.01,6
CSDVRP-S-n20-s3,S,20,5,ALNS,0,730.5888,797.0264,6.0,6
CSDVRP-S-n20-s3,S,20,5,ALNS,1,718.9913,797.0264,6.0,6
CSDVRP-S-n20-s3,S,20,5,ALNS+,0,736.1837,797.0264,6.0,6
CSDVRP-S-n20-s3,S,20,5,ALNS+,1,720.5421,797.0264,6.0,6
CSDVRP-S-n20-s3,S,20,5,DRL+,0,748.2431,797.0264,6.0,6
CSDVRP-S-n20-s3,S,20,5,DRL+,1,736.862,797.0264,6.0,6
CSDVRP-S-n20-s4,S,20,5,CW,0,798.0501,798.0501,0.0,6
CSDVRP-S-n20-s4,S,20,5,VNS,0,734.9238,798.0501,6.0,6
CSDVRP-S-n20-s4,S,20,5,VNS,1,734.9238,798.0501,6.0,6
CSDVRP-S-n20-s4,S,20,5,ALNS,0,751.8993,798.0501,6.0,6
CSDVRP-S-n20-s4,S,20,5,ALNS,1,759.1214,798.0501,6.0,6
CSDVRP-S-n20-s4,S,20,5,ALNS+,0,747.9733,798.0501,6.0,6
CSDVRP-S-n20-s4,S,20,5,ALNS+,1,765.4706,798.0501,6.0,6
CSDVRP-S-n20-s4,S,20,5,DRL+,0,764.479,798.0501,6.0,6
CSDVRP-S-n20-s4,S,20,5,DRL+,1,763.6127,798.0501,6.0,6
CSDVRP-S-n20-s5,S,20,5,CW,0,865.7,865.7,0.0,6
CSDVRP-S-n20-s5,S,20,5,VNS,0,776.1135,865.7,6.0,6
CSDVRP-S-n20-s5,S,20,5,VNS,1,776.1135,865.7,6.0,6
CSDVRP-S-n20-s5,S,20,5,ALNS,0,806.2602,865.7,6.0,6
CSDVRP-S-n20-s5,S,20,5,ALNS,1,821.0292,865.7,6.0,6
CSDVRP-S-n20-s5,S,20,5,ALNS+,0,778.604,865.7,6.0,6
CSDVRP-S-n20-s5,S,20,5,ALNS+,1,821.0292,865.7,6.0,6
CSDVRP-S-n20-s5,S,20,5,DRL+,0,803.3717,865.7,6.0,6
CSDVRP-S-n20-s5,S,20,5,DRL+,1,808.0577,865.7,6.0,6
CSDVRP-M-n30-s0,M,30,8,CW,0,1303.6377,1303.6377,0.0,10
CSDVRP-M-n30-s0,M,30,8,VNS,0,1153.3793,1303.6377,10.01,10
CSDVRP-M-n30-s0,M,30,8,VNS,1,1110.1367,1303.6377,10.01,10
CSDVRP-M-n30-s0,M,30,8,ALNS,0,1146.7502,1303.6377,10.0,10
CSDVRP-M-n30-s0,M,30,8,ALNS,1,1138.9182,1303.6377,10.0,10
CSDVRP-M-n30-s0,M,30,8,ALNS+,0,1200.6121,1303.6377,10.0,10
CSDVRP-M-n30-s0,M,30,8,ALNS+,1,1182.5835,1303.6377,10.0,10
CSDVRP-M-n30-s0,M,30,8,DRL+,0,1197.8113,1303.6377,10.0,10
CSDVRP-M-n30-s0,M,30,8,DRL+,1,1162.2014,1303.6377,10.0,10
CSDVRP-M-n30-s1,M,30,8,CW,0,1231.1888,1231.1888,0.0,10
CSDVRP-M-n30-s1,M,30,8,VNS,0,1094.4875,1231.1888,10.01,10
CSDVRP-M-n30-s1,M,30,8,VNS,1,1100.8678,1231.1888,10.01,10
CSDVRP-M-n30-s1,M,30,8,ALNS,0,1115.3125,1231.1888,10.0,10
CSDVRP-M-n30-s1,M,30,8,ALNS,1,1133.4832,1231.1888,10.0,10
CSDVRP-M-n30-s1,M,30,8,ALNS+,0,1135.1841,1231.1888,10.0,10
CSDVRP-M-n30-s1,M,30,8,ALNS+,1,1080.1019,1231.1888,10.0,10
CSDVRP-M-n30-s1,M,30,8,DRL+,0,1094.8045,1231.1888,10.0,10
CSDVRP-M-n30-s1,M,30,8,DRL+,1,1110.4739,1231.1888,10.0,10
CSDVRP-M-n30-s2,M,30,8,CW,0,1162.4183,1162.4183,0.0,10
CSDVRP-M-n30-s2,M,30,8,VNS,0,969.8196,1162.4183,10.01,10
CSDVRP-M-n30-s2,M,30,8,VNS,1,951.4327,1162.4183,10.0,10
CSDVRP-M-n30-s2,M,30,8,ALNS,0,983.2157,1162.4183,10.0,10
CSDVRP-M-n30-s2,M,30,8,ALNS,1,979.426,1162.4183,10.0,10
CSDVRP-M-n30-s2,M,30,8,ALNS+,0,985.3266,1162.4183,10.0,10
CSDVRP-M-n30-s2,M,30,8,ALNS+,1,976.3819,1162.4183,10.0,10
CSDVRP-M-n30-s2,M,30,8,DRL+,0,1007.4577,1162.4183,10.0,10
CSDVRP-M-n30-s2,M,30,8,DRL+,1,996.2684,1162.4183,10.0,10
CSDVRP-M-n30-s3,M,30,8,CW,0,1099.7766,1099.7766,0.0,10
CSDVRP-M-n30-s3,M,30,8,VNS,0,1011.8507,1099.7766,10.01,10
CSDVRP-M-n30-s3,M,30,8,VNS,1,1012.4114,1099.7766,10.0,10
CSDVRP-M-n30-s3,M,30,8,ALNS,0,1031.1638,1099.7766,10.0,10
CSDVRP-M-n30-s3,M,30,8,ALNS,1,1031.5549,1099.7766,10.0,10
CSDVRP-M-n30-s3,M,30,8,ALNS+,0,1031.2965,1099.7766,10.0,10
CSDVRP-M-n30-s3,M,30,8,ALNS+,1,1032.2425,1099.7766,10.0,10
CSDVRP-M-n30-s3,M,30,8,DRL+,0,1031.2965,1099.7766,10.0,10
CSDVRP-M-n30-s3,M,30,8,DRL+,1,1026.5746,1099.7766,10.0,10
CSDVRP-M-n30-s4,M,30,8,CW,0,1151.8487,1151.8487,0.0,10
CSDVRP-M-n30-s4,M,30,8,VNS,0,978.3453,1151.8487,10.01,10
CSDVRP-M-n30-s4,M,30,8,VNS,1,983.5791,1151.8487,10.01,10
CSDVRP-M-n30-s4,M,30,8,ALNS,0,1006.9331,1151.8487,10.0,10
CSDVRP-M-n30-s4,M,30,8,ALNS,1,1052.3012,1151.8487,10.0,10
CSDVRP-M-n30-s4,M,30,8,ALNS+,0,992.8133,1151.8487,10.0,10
CSDVRP-M-n30-s4,M,30,8,ALNS+,1,997.6346,1151.8487,10.0,10
CSDVRP-M-n30-s4,M,30,8,DRL+,0,1013.62,1151.8487,10.0,10
CSDVRP-M-n30-s4,M,30,8,DRL+,1,1022.0157,1151.8487,10.0,10
CSDVRP-M-n30-s5,M,30,8,CW,0,1247.2838,1247.2838,0.0,10
CSDVRP-M-n30-s5,M,30,8,VNS,0,1131.8645,1247.2838,10.0,10
CSDVRP-M-n30-s5,M,30,8,VNS,1,1119.3217,1247.2838,10.0,10
CSDVRP-M-n30-s5,M,30,8,ALNS,0,1164.4931,1247.2838,10.0,10
CSDVRP-M-n30-s5,M,30,8,ALNS,1,1166.7843,1247.2838,10.0,10
CSDVRP-M-n30-s5,M,30,8,ALNS+,0,1148.2607,1247.2838,10.0,10
CSDVRP-M-n30-s5,M,30,8,ALNS+,1,1151.0981,1247.2838,10.0,10
CSDVRP-M-n30-s5,M,30,8,DRL+,0,1159.506,1247.2838,10.0,10
CSDVRP-M-n30-s5,M,30,8,DRL+,1,1155.8569,1247.2838,10.0,10
CSDVRP-M-n50-s0,M,50,12,CW,0,1986.2853,1986.2853,0.0,15
CSDVRP-M-n50-s0,M,50,12,VNS,0,1796.5641,1986.2853,15.04,15
CSDVRP-M-n50-s0,M,50,12,VNS,1,1804.0226,1986.2853,15.04,15
CSDVRP-M-n50-s0,M,50,12,ALNS,0,1869.4706,1986.2853,15.0,15
CSDVRP-M-n50-s0,M,50,12,ALNS,1,1811.7199,1986.2853,15.0,15
CSDVRP-M-n50-s0,M,50,12,ALNS+,0,1847.0494,1986.2853,15.0,15
CSDVRP-M-n50-s0,M,50,12,ALNS+,1,1821.1791,1986.2853,15.0,15
CSDVRP-M-n50-s0,M,50,12,DRL+,0,1852.4754,1986.2853,15.0,15
CSDVRP-M-n50-s0,M,50,12,DRL+,1,1821.1791,1986.2853,15.0,15
CSDVRP-M-n50-s1,M,50,12,CW,0,1718.5004,1718.5004,0.0,15
CSDVRP-M-n50-s1,M,50,12,VNS,0,1562.5919,1718.5004,15.01,15
CSDVRP-M-n50-s1,M,50,12,VNS,1,1572.4838,1718.5004,15.0,15
CSDVRP-M-n50-s1,M,50,12,ALNS,0,1649.1901,1718.5004,15.0,15
CSDVRP-M-n50-s1,M,50,12,ALNS,1,1642.2491,1718.5004,15.0,15
CSDVRP-M-n50-s1,M,50,12,ALNS+,0,1617.683,1718.5004,15.0,15
CSDVRP-M-n50-s1,M,50,12,ALNS+,1,1633.4305,1718.5004,15.01,15
CSDVRP-M-n50-s1,M,50,12,DRL+,0,1630.3263,1718.5004,15.0,15
CSDVRP-M-n50-s1,M,50,12,DRL+,1,1633.4305,1718.5004,15.01,15
CSDVRP-M-n50-s2,M,50,12,CW,0,1677.4231,1677.4231,0.0,15
CSDVRP-M-n50-s2,M,50,12,VNS,0,1531.419,1677.4231,15.02,15
CSDVRP-M-n50-s2,M,50,12,VNS,1,1532.4343,1677.4231,15.03,15
CSDVRP-M-n50-s2,M,50,12,ALNS,0,1656.6491,1677.4231,15.0,15
CSDVRP-M-n50-s2,M,50,12,ALNS,1,1593.7902,1677.4231,15.0,15
CSDVRP-M-n50-s2,M,50,12,ALNS+,0,1578.13,1677.4231,15.0,15
CSDVRP-M-n50-s2,M,50,12,ALNS+,1,1553.4993,1677.4231,15.0,15
CSDVRP-M-n50-s2,M,50,12,DRL+,0,1578.13,1677.4231,15.01,15
CSDVRP-M-n50-s2,M,50,12,DRL+,1,1553.4993,1677.4231,15.01,15
CSDVRP-M-n50-s3,M,50,12,CW,0,1746.7745,1746.7745,0.0,15
CSDVRP-M-n50-s3,M,50,12,VNS,0,1442.6255,1746.7745,15.04,15
CSDVRP-M-n50-s3,M,50,12,VNS,1,1481.501,1746.7745,15.04,15
CSDVRP-M-n50-s3,M,50,12,ALNS,0,1592.4191,1746.7745,15.0,15
CSDVRP-M-n50-s3,M,50,12,ALNS,1,1578.1803,1746.7745,15.0,15
CSDVRP-M-n50-s3,M,50,12,ALNS+,0,1518.3064,1746.7745,15.01,15
CSDVRP-M-n50-s3,M,50,12,ALNS+,1,1510.0484,1746.7745,15.01,15
CSDVRP-M-n50-s3,M,50,12,DRL+,0,1518.3064,1746.7745,15.0,15
CSDVRP-M-n50-s3,M,50,12,DRL+,1,1510.0484,1746.7745,15.0,15
CSDVRP-M-n50-s4,M,50,12,CW,0,1919.2804,1919.2804,0.0,15
CSDVRP-M-n50-s4,M,50,12,VNS,0,1761.2638,1919.2804,15.05,15
CSDVRP-M-n50-s4,M,50,12,VNS,1,1716.1002,1919.2804,15.03,15
CSDVRP-M-n50-s4,M,50,12,ALNS,0,1789.9567,1919.2804,15.0,15
CSDVRP-M-n50-s4,M,50,12,ALNS,1,1819.1271,1919.2804,15.0,15
CSDVRP-M-n50-s4,M,50,12,ALNS+,0,1780.8356,1919.2804,15.0,15
CSDVRP-M-n50-s4,M,50,12,ALNS+,1,1730.5618,1919.2804,15.04,15
CSDVRP-M-n50-s4,M,50,12,DRL+,0,1780.8356,1919.2804,15.0,15
CSDVRP-M-n50-s4,M,50,12,DRL+,1,1730.5618,1919.2804,15.0,15
CSDVRP-M-n50-s5,M,50,12,CW,0,1904.3598,1904.3598,0.0,15
CSDVRP-M-n50-s5,M,50,12,VNS,0,1689.946,1904.3598,15.0,15
CSDVRP-M-n50-s5,M,50,12,VNS,1,1728.4348,1904.3598,15.04,15
CSDVRP-M-n50-s5,M,50,12,ALNS,0,1784.2662,1904.3598,15.0,15
CSDVRP-M-n50-s5,M,50,12,ALNS,1,1713.2517,1904.3598,15.0,15
CSDVRP-M-n50-s5,M,50,12,ALNS+,0,1761.7316,1904.3598,15.01,15
CSDVRP-M-n50-s5,M,50,12,ALNS+,1,1749.0843,1904.3598,15.02,15
CSDVRP-M-n50-s5,M,50,12,DRL+,0,1761.7316,1904.3598,15.01,15
CSDVRP-M-n50-s5,M,50,12,DRL+,1,1749.0843,1904.3598,15.0,15
CSDVRP-L-n75-s0,L,75,19,CW,0,2688.4285,2688.4285,0.0,25
CSDVRP-L-n75-s0,L,75,19,VNS,0,2492.8206,2688.4285,25.01,25
CSDVRP-L-n75-s0,L,75,19,VNS,1,2504.3065,2688.4285,25.01,25
CSDVRP-L-n75-s0,L,75,19,ALNS,0,2603.2713,2688.4285,25.0,25
CSDVRP-L-n75-s0,L,75,19,ALNS,1,2578.5588,2688.4285,25.0,25
CSDVRP-L-n75-s0,L,75,19,ALNS+,0,2492.8206,2688.4285,25.05,25
CSDVRP-L-n75-s0,L,75,19,ALNS+,1,2518.3099,2688.4285,25.01,25
CSDVRP-L-n75-s0,L,75,19,DRL+,0,2492.8206,2688.4285,25.04,25
CSDVRP-L-n75-s0,L,75,19,DRL+,1,2518.3099,2688.4285,25.0,25
CSDVRP-L-n75-s1,L,75,19,CW,0,2408.8056,2408.8056,0.0,25
CSDVRP-L-n75-s1,L,75,19,VNS,0,2279.3301,2408.8056,25.02,25
CSDVRP-L-n75-s1,L,75,19,VNS,1,2248.8841,2408.8056,25.01,25
CSDVRP-L-n75-s1,L,75,19,ALNS,0,2295.6114,2408.8056,25.0,25
CSDVRP-L-n75-s1,L,75,19,ALNS,1,2408.8056,2408.8056,25.0,25
CSDVRP-L-n75-s1,L,75,19,ALNS+,0,2288.8044,2408.8056,25.04,25
CSDVRP-L-n75-s1,L,75,19,ALNS+,1,2264.0808,2408.8056,25.02,25
CSDVRP-L-n75-s1,L,75,19,DRL+,0,2288.8044,2408.8056,25.01,25
CSDVRP-L-n75-s1,L,75,19,DRL+,1,2264.0808,2408.8056,25.01,25
CSDVRP-L-n75-s2,L,75,19,CW,0,2442.0216,2442.0216,0.0,25
CSDVRP-L-n75-s2,L,75,19,VNS,0,2254.9298,2442.0216,25.03,25
CSDVRP-L-n75-s2,L,75,19,VNS,1,2250.1797,2442.0216,25.01,25
CSDVRP-L-n75-s2,L,75,19,ALNS,0,2316.2576,2442.0216,25.01,25
CSDVRP-L-n75-s2,L,75,19,ALNS,1,2317.4397,2442.0216,25.01,25
CSDVRP-L-n75-s2,L,75,19,ALNS+,0,2258.2796,2442.0216,25.01,25
CSDVRP-L-n75-s2,L,75,19,ALNS+,1,2251.7971,2442.0216,25.07,25
CSDVRP-L-n75-s2,L,75,19,DRL+,0,2258.2796,2442.0216,25.03,25
CSDVRP-L-n75-s2,L,75,19,DRL+,1,2251.7971,2442.0216,25.01,25
CSDVRP-L-n75-s3,L,75,19,CW,0,2332.9982,2332.9982,0.0,25
CSDVRP-L-n75-s3,L,75,19,VNS,0,2214.491,2332.9982,25.08,25
CSDVRP-L-n75-s3,L,75,19,VNS,1,2197.9052,2332.9982,25.04,25
CSDVRP-L-n75-s3,L,75,19,ALNS,0,2332.9982,2332.9982,25.01,25
CSDVRP-L-n75-s3,L,75,19,ALNS,1,2300.3686,2332.9982,25.01,25
CSDVRP-L-n75-s3,L,75,19,ALNS+,0,2214.491,2332.9982,25.01,25
CSDVRP-L-n75-s3,L,75,19,ALNS+,1,2197.9052,2332.9982,25.0,25
CSDVRP-L-n75-s3,L,75,19,DRL+,0,2214.491,2332.9982,25.01,25
CSDVRP-L-n75-s3,L,75,19,DRL+,1,2197.9052,2332.9982,25.04,25
CSDVRP-L-n75-s4,L,75,19,CW,0,2460.454,2460.454,0.0,25
CSDVRP-L-n75-s4,L,75,19,VNS,0,2282.0844,2460.454,25.0,25
CSDVRP-L-n75-s4,L,75,19,VNS,1,2283.9324,2460.454,25.15,25
CSDVRP-L-n75-s4,L,75,19,ALNS,0,2370.617,2460.454,25.0,25
CSDVRP-L-n75-s4,L,75,19,ALNS,1,2460.454,2460.454,25.0,25
CSDVRP-L-n75-s4,L,75,19,ALNS+,0,2283.3047,2460.454,25.01,25
CSDVRP-L-n75-s4,L,75,19,ALNS+,1,2283.9324,2460.454,25.04,25
CSDVRP-L-n75-s4,L,75,19,DRL+,0,2283.3047,2460.454,25.01,25
CSDVRP-L-n75-s4,L,75,19,DRL+,1,2283.9324,2460.454,25.0,25
CSDVRP-L-n75-s5,L,75,19,CW,0,2327.4464,2327.4464,0.0,25
CSDVRP-L-n75-s5,L,75,19,VNS,0,2183.393,2327.4464,25.1,25
CSDVRP-L-n75-s5,L,75,19,VNS,1,2224.3073,2327.4464,25.15,25
CSDVRP-L-n75-s5,L,75,19,ALNS,0,2320.3766,2327.4464,25.01,25
CSDVRP-L-n75-s5,L,75,19,ALNS,1,2273.8999,2327.4464,25.0,25
CSDVRP-L-n75-s5,L,75,19,ALNS+,0,2183.393,2327.4464,25.01,25
CSDVRP-L-n75-s5,L,75,19,ALNS+,1,2224.3073,2327.4464,25.01,25
CSDVRP-L-n75-s5,L,75,19,DRL+,0,2183.393,2327.4464,25.01,25
CSDVRP-L-n75-s5,L,75,19,DRL+,1,2224.3073,2327.4464,25.01,25
CSDVRP-L-n100-s0,L,100,25,CW,0,3458.8862,3458.8862,0.0,35
CSDVRP-L-n100-s0,L,100,25,VNS,0,3299.3532,3458.8862,35.17,35
CSDVRP-L-n100-s0,L,100,25,VNS,1,3292.8862,3458.8862,35.19,35
CSDVRP-L-n100-s0,L,100,25,ALNS,0,3335.8039,3458.8862,35.0,35
CSDVRP-L-n100-s0,L,100,25,ALNS,1,3458.8862,3458.8862,35.01,35
CSDVRP-L-n100-s0,L,100,25,ALNS+,0,3299.3532,3458.8862,35.05,35
CSDVRP-L-n100-s0,L,100,25,ALNS+,1,3292.8862,3458.8862,35.09,35
CSDVRP-L-n100-s0,L,100,25,DRL+,0,3299.3532,3458.8862,35.04,35
CSDVRP-L-n100-s0,L,100,25,DRL+,1,3292.8862,3458.8862,35.22,35
CSDVRP-L-n100-s1,L,100,25,CW,0,3146.4881,3146.4881,0.0,35
CSDVRP-L-n100-s1,L,100,25,VNS,0,2882.1814,3146.4881,35.03,35
CSDVRP-L-n100-s1,L,100,25,VNS,1,2874.895,3146.4881,35.01,35
CSDVRP-L-n100-s1,L,100,25,ALNS,0,2986.2283,3146.4881,35.0,35
CSDVRP-L-n100-s1,L,100,25,ALNS,1,3096.6948,3146.4881,35.0,35
CSDVRP-L-n100-s1,L,100,25,ALNS+,0,2882.1814,3146.4881,35.01,35
CSDVRP-L-n100-s1,L,100,25,ALNS+,1,2899.5654,3146.4881,35.07,35
CSDVRP-L-n100-s1,L,100,25,DRL+,0,2882.1814,3146.4881,35.07,35
CSDVRP-L-n100-s1,L,100,25,DRL+,1,2901.3291,3146.4881,35.05,35
CSDVRP-L-n100-s2,L,100,25,CW,0,3167.7225,3167.7225,0.0,35
CSDVRP-L-n100-s2,L,100,25,VNS,0,2937.0873,3167.7225,35.01,35
CSDVRP-L-n100-s2,L,100,25,VNS,1,2942.5056,3167.7225,35.15,35
CSDVRP-L-n100-s2,L,100,25,ALNS,0,3085.1298,3167.7225,35.0,35
CSDVRP-L-n100-s2,L,100,25,ALNS,1,3167.7225,3167.7225,35.01,35
CSDVRP-L-n100-s2,L,100,25,ALNS+,0,2942.8463,3167.7225,35.03,35
CSDVRP-L-n100-s2,L,100,25,ALNS+,1,2942.5056,3167.7225,35.03,35
CSDVRP-L-n100-s2,L,100,25,DRL+,0,2942.8463,3167.7225,35.01,35
CSDVRP-L-n100-s2,L,100,25,DRL+,1,2942.5056,3167.7225,35.08,35
CSDVRP-L-n100-s3,L,100,25,CW,0,3095.0715,3095.0715,0.0,35
CSDVRP-L-n100-s3,L,100,25,VNS,0,2846.4858,3095.0715,35.05,35
CSDVRP-L-n100-s3,L,100,25,VNS,1,2849.5395,3095.0715,35.0,35
CSDVRP-L-n100-s3,L,100,25,ALNS,0,3065.8465,3095.0715,35.0,35
CSDVRP-L-n100-s3,L,100,25,ALNS,1,3084.6879,3095.0715,35.01,35
CSDVRP-L-n100-s3,L,100,25,ALNS+,0,2846.4858,3095.0715,35.04,35
CSDVRP-L-n100-s3,L,100,25,ALNS+,1,2849.5395,3095.0715,35.0,35
CSDVRP-L-n100-s3,L,100,25,DRL+,0,2846.4858,3095.0715,35.08,35
CSDVRP-L-n100-s3,L,100,25,DRL+,1,2849.5395,3095.0715,35.02,35
CSDVRP-L-n100-s4,L,100,25,CW,0,3371.4529,3371.4529,0.0,35
CSDVRP-L-n100-s4,L,100,25,VNS,0,3134.3934,3371.4529,35.08,35
CSDVRP-L-n100-s4,L,100,25,VNS,1,3142.1759,3371.4529,35.33,35
CSDVRP-L-n100-s4,L,100,25,ALNS,0,3324.0336,3371.4529,35.0,35
CSDVRP-L-n100-s4,L,100,25,ALNS,1,3371.4529,3371.4529,35.01,35
CSDVRP-L-n100-s4,L,100,25,ALNS+,0,3134.3934,3371.4529,35.05,35
CSDVRP-L-n100-s4,L,100,25,ALNS+,1,3146.6651,3371.4529,35.09,35
CSDVRP-L-n100-s4,L,100,25,DRL+,0,3134.3934,3371.4529,35.05,35
CSDVRP-L-n100-s4,L,100,25,DRL+,1,3146.6651,3371.4529,35.06,35
CSDVRP-L-n100-s5,L,100,25,CW,0,3154.3549,3154.3549,0.0,35
CSDVRP-L-n100-s5,L,100,25,VNS,0,2822.241,3154.3549,35.17,35
CSDVRP-L-n100-s5,L,100,25,VNS,1,2790.5957,3154.3549,35.22,35
CSDVRP-L-n100-s5,L,100,25,ALNS,0,3008.3686,3154.3549,35.0,35
CSDVRP-L-n100-s5,L,100,25,ALNS,1,3086.2755,3154.3549,35.01,35
CSDVRP-L-n100-s5,L,100,25,ALNS+,0,2864.0178,3154.3549,35.02,35
CSDVRP-L-n100-s5,L,100,25,ALNS+,1,2790.5957,3154.3549,35.0,35
CSDVRP-L-n100-s5,L,100,25,DRL+,0,2864.0178,3154.3549,35.01,35
CSDVRP-L-n100-s5,L,100,25,DRL+,1,2790.5957,3154.3549,35.04,35
CSDVRP-XL-n150-s0,XL,150,38,CW,0,5021.4451,5021.4451,0.0,50
CSDVRP-XL-n150-s0,XL,150,38,VNS,0,4573.1881,5021.4451,50.65,50
CSDVRP-XL-n150-s0,XL,150,38,VNS,1,4585.9743,5021.4451,50.05,50
CSDVRP-XL-n150-s0,XL,150,38,ALNS,0,5021.4451,5021.4451,50.0,50
CSDVRP-XL-n150-s0,XL,150,38,ALNS,1,5021.4451,5021.4451,50.0,50
CSDVRP-XL-n150-s0,XL,150,38,ALNS+,0,4655.3583,5021.4451,50.06,50
CSDVRP-XL-n150-s0,XL,150,38,ALNS+,1,4631.7471,5021.4451,50.01,50
CSDVRP-XL-n150-s0,XL,150,38,DRL+,0,4655.3583,5021.4451,50.01,50
CSDVRP-XL-n150-s0,XL,150,38,DRL+,1,4631.7471,5021.4451,50.02,50
CSDVRP-XL-n150-s1,XL,150,38,CW,0,4744.1508,4744.1508,0.0,50
CSDVRP-XL-n150-s1,XL,150,38,VNS,0,4525.9566,4744.1508,50.21,50
CSDVRP-XL-n150-s1,XL,150,38,VNS,1,4450.588,4744.1508,50.22,50
CSDVRP-XL-n150-s1,XL,150,38,ALNS,0,4744.1508,4744.1508,50.0,50
CSDVRP-XL-n150-s1,XL,150,38,ALNS,1,4744.1508,4744.1508,50.02,50
CSDVRP-XL-n150-s1,XL,150,38,ALNS+,0,4488.041,4744.1508,50.19,50
CSDVRP-XL-n150-s1,XL,150,38,ALNS+,1,4456.6408,4744.1508,50.02,50
CSDVRP-XL-n150-s1,XL,150,38,DRL+,0,4488.041,4744.1508,50.01,50
CSDVRP-XL-n150-s1,XL,150,38,DRL+,1,4456.6408,4744.1508,50.02,50
CSDVRP-XL-n150-s2,XL,150,38,CW,0,4545.4892,4545.4892,0.0,50
CSDVRP-XL-n150-s2,XL,150,38,VNS,0,4213.4428,4545.4892,50.19,50
CSDVRP-XL-n150-s2,XL,150,38,VNS,1,4251.8453,4545.4892,50.18,50
CSDVRP-XL-n150-s2,XL,150,38,ALNS,0,4545.4892,4545.4892,50.01,50
CSDVRP-XL-n150-s2,XL,150,38,ALNS,1,4545.4892,4545.4892,50.02,50
CSDVRP-XL-n150-s2,XL,150,38,ALNS+,0,4238.4953,4545.4892,50.02,50
CSDVRP-XL-n150-s2,XL,150,38,ALNS+,1,4224.3581,4545.4892,50.03,50
CSDVRP-XL-n150-s2,XL,150,38,DRL+,0,4238.4953,4545.4892,50.01,50
CSDVRP-XL-n150-s2,XL,150,38,DRL+,1,4224.3581,4545.4892,50.01,50
CSDVRP-XL-n150-s3,XL,150,38,CW,0,4237.9876,4237.9876,0.0,50
CSDVRP-XL-n150-s3,XL,150,38,VNS,0,3980.26,4237.9876,50.1,50
CSDVRP-XL-n150-s3,XL,150,38,VNS,1,3973.7721,4237.9876,50.4,50
CSDVRP-XL-n150-s3,XL,150,38,ALNS,0,4237.9876,4237.9876,50.01,50
CSDVRP-XL-n150-s3,XL,150,38,ALNS,1,4237.9876,4237.9876,50.0,50
CSDVRP-XL-n150-s3,XL,150,38,ALNS+,0,3948.1665,4237.9876,50.01,50
CSDVRP-XL-n150-s3,XL,150,38,ALNS+,1,3967.0758,4237.9876,50.14,50
CSDVRP-XL-n150-s3,XL,150,38,DRL+,0,3948.1665,4237.9876,50.01,50
CSDVRP-XL-n150-s3,XL,150,38,DRL+,1,3967.0758,4237.9876,50.01,50
CSDVRP-XL-n150-s4,XL,150,38,CW,0,4802.2805,4802.2805,0.0,50
CSDVRP-XL-n150-s4,XL,150,38,VNS,0,4134.9036,4802.2805,50.08,50
CSDVRP-XL-n150-s4,XL,150,38,VNS,1,4183.0696,4802.2805,50.79,50
CSDVRP-XL-n150-s4,XL,150,38,ALNS,0,4714.0544,4802.2805,50.0,50
CSDVRP-XL-n150-s4,XL,150,38,ALNS,1,4701.5182,4802.2805,50.01,50
CSDVRP-XL-n150-s4,XL,150,38,ALNS+,0,4241.3899,4802.2805,50.01,50
CSDVRP-XL-n150-s4,XL,150,38,ALNS+,1,4202.797,4802.2805,50.07,50
CSDVRP-XL-n150-s4,XL,150,38,DRL+,0,4241.3899,4802.2805,50.01,50
CSDVRP-XL-n150-s4,XL,150,38,DRL+,1,4202.797,4802.2805,50.0,50
CSDVRP-XL-n150-s5,XL,150,38,CW,0,4291.4727,4291.4727,0.0,50
CSDVRP-XL-n150-s5,XL,150,38,VNS,0,4009.2009,4291.4727,50.1,50
CSDVRP-XL-n150-s5,XL,150,38,VNS,1,4023.4819,4291.4727,50.59,50
CSDVRP-XL-n150-s5,XL,150,38,ALNS,0,4291.4727,4291.4727,50.01,50
CSDVRP-XL-n150-s5,XL,150,38,ALNS,1,4291.4727,4291.4727,50.0,50
CSDVRP-XL-n150-s5,XL,150,38,ALNS+,0,4042.1441,4291.4727,50.1,50
CSDVRP-XL-n150-s5,XL,150,38,ALNS+,1,4042.1441,4291.4727,50.11,50
CSDVRP-XL-n150-s5,XL,150,38,DRL+,0,4042.1441,4291.4727,50.01,50
CSDVRP-XL-n150-s5,XL,150,38,DRL+,1,4042.1441,4291.4727,50.01,50
CSDVRP-S-n15-s0,S,15,4,DRL-VNS,0,631.7557,666.3141,5.0,5
CSDVRP-S-n15-s0,S,15,4,DRL-VNS,1,622.7376,666.3141,5.0,5
CSDVRP-S-n15-s1,S,15,4,DRL-VNS,0,614.6997,675.8866,5.0,5
CSDVRP-S-n15-s1,S,15,4,DRL-VNS,1,599.5468,675.8866,5.0,5
CSDVRP-S-n15-s2,S,15,4,DRL-VNS,0,618.9784,645.109,5.0,5
CSDVRP-S-n15-s2,S,15,4,DRL-VNS,1,628.5658,645.109,5.0,5
CSDVRP-S-n15-s3,S,15,4,DRL-VNS,0,616.967,692.2972,5.0,5
CSDVRP-S-n15-s3,S,15,4,DRL-VNS,1,616.9952,692.2972,5.0,5
CSDVRP-S-n15-s4,S,15,4,DRL-VNS,0,606.5996,624.2332,5.0,5
CSDVRP-S-n15-s4,S,15,4,DRL-VNS,1,606.5996,624.2332,5.0,5
CSDVRP-S-n15-s5,S,15,4,DRL-VNS,0,681.5148,800.4223,5.0,5
CSDVRP-S-n15-s5,S,15,4,DRL-VNS,1,668.1861,800.4223,5.0,5
CSDVRP-S-n20-s0,S,20,5,DRL-VNS,0,785.6886,835.2978,6.0,6
CSDVRP-S-n20-s0,S,20,5,DRL-VNS,1,785.6886,835.2978,6.0,6
CSDVRP-S-n20-s1,S,20,5,DRL-VNS,0,792.6713,908.0268,6.0,6
CSDVRP-S-n20-s1,S,20,5,DRL-VNS,1,807.6713,908.0268,6.0,6
CSDVRP-S-n20-s2,S,20,5,DRL-VNS,0,685.1283,732.8183,6.0,6
CSDVRP-S-n20-s2,S,20,5,DRL-VNS,1,670.1377,732.8183,6.0,6
CSDVRP-S-n20-s3,S,20,5,DRL-VNS,0,714.5286,797.0264,6.0,6
CSDVRP-S-n20-s3,S,20,5,DRL-VNS,1,705.3255,797.0264,6.0,6
CSDVRP-S-n20-s4,S,20,5,DRL-VNS,0,735.1249,798.0501,6.0,6
CSDVRP-S-n20-s4,S,20,5,DRL-VNS,1,735.1249,798.0501,6.0,6
CSDVRP-S-n20-s5,S,20,5,DRL-VNS,0,798.523,865.7,6.0,6
CSDVRP-S-n20-s5,S,20,5,DRL-VNS,1,816.6123,865.7,6.0,6
CSDVRP-M-n30-s0,M,30,8,DRL-VNS,0,1138.6135,1303.6377,10.0,10
CSDVRP-M-n30-s0,M,30,8,DRL-VNS,1,1140.2453,1303.6377,10.0,10
CSDVRP-M-n30-s1,M,30,8,DRL-VNS,0,1049.9039,1231.1888,10.01,10
CSDVRP-M-n30-s1,M,30,8,DRL-VNS,1,1087.2784,1231.1888,10.0,10
CSDVRP-M-n30-s2,M,30,8,DRL-VNS,0,952.3991,1162.4183,10.0,10
CSDVRP-M-n30-s2,M,30,8,DRL-VNS,1,955.4822,1162.4183,10.0,10
CSDVRP-M-n30-s3,M,30,8,DRL-VNS,0,1011.4791,1099.7766,10.0,10
CSDVRP-M-n30-s3,M,30,8,DRL-VNS,1,1011.0921,1099.7766,10.0,10
CSDVRP-M-n30-s4,M,30,8,DRL-VNS,0,998.6542,1151.8487,10.0,10
CSDVRP-M-n30-s4,M,30,8,DRL-VNS,1,1009.4843,1151.8487,10.0,10
CSDVRP-M-n30-s5,M,30,8,DRL-VNS,0,1135.2291,1247.2838,10.0,10
CSDVRP-M-n30-s5,M,30,8,DRL-VNS,1,1135.806,1247.2838,10.0,10
CSDVRP-M-n50-s0,M,50,12,DRL-VNS,0,1788.7733,1986.2853,15.01,15
CSDVRP-M-n50-s0,M,50,12,DRL-VNS,1,1801.6919,1986.2853,15.0,15
CSDVRP-M-n50-s1,M,50,12,DRL-VNS,0,1528.0282,1718.5004,15.0,15
CSDVRP-M-n50-s1,M,50,12,DRL-VNS,1,1593.0075,1718.5004,15.01,15
CSDVRP-M-n50-s2,M,50,12,DRL-VNS,0,1510.1156,1677.4231,15.0,15
CSDVRP-M-n50-s2,M,50,12,DRL-VNS,1,1500.6178,1677.4231,15.0,15
CSDVRP-M-n50-s3,M,50,12,DRL-VNS,0,1462.7884,1746.7745,15.0,15
CSDVRP-M-n50-s3,M,50,12,DRL-VNS,1,1475.4584,1746.7745,15.0,15
CSDVRP-M-n50-s4,M,50,12,DRL-VNS,0,1754.8417,1919.2804,15.0,15
CSDVRP-M-n50-s4,M,50,12,DRL-VNS,1,1717.6158,1919.2804,15.0,15
CSDVRP-M-n50-s5,M,50,12,DRL-VNS,0,1696.1291,1904.3598,15.01,15
CSDVRP-M-n50-s5,M,50,12,DRL-VNS,1,1703.026,1904.3598,15.03,15
CSDVRP-L-n75-s0,L,75,19,DRL-VNS,0,2483.7776,2688.4285,25.03,25
CSDVRP-L-n75-s0,L,75,19,DRL-VNS,1,2484.9896,2688.4285,25.02,25
CSDVRP-L-n75-s1,L,75,19,DRL-VNS,0,2232.4131,2408.8056,25.02,25
CSDVRP-L-n75-s1,L,75,19,DRL-VNS,1,2185.8191,2408.8056,25.0,25
CSDVRP-L-n75-s2,L,75,19,DRL-VNS,0,2179.6785,2442.0216,25.01,25
CSDVRP-L-n75-s2,L,75,19,DRL-VNS,1,2204.911,2442.0216,25.02,25
CSDVRP-L-n75-s3,L,75,19,DRL-VNS,0,2195.9446,2332.9982,25.02,25
CSDVRP-L-n75-s3,L,75,19,DRL-VNS,1,2191.7427,2332.9982,25.0,25
CSDVRP-L-n75-s4,L,75,19,DRL-VNS,0,2263.2789,2460.454,25.02,25
CSDVRP-L-n75-s4,L,75,19,DRL-VNS,1,2272.3825,2460.454,25.0,25
CSDVRP-L-n75-s5,L,75,19,DRL-VNS,0,2138.2573,2327.4464,25.0,25
CSDVRP-L-n75-s5,L,75,19,DRL-VNS,1,2165.7534,2327.4464,25.05,25
CSDVRP-L-n100-s0,L,100,25,DRL-VNS,0,3269.5639,3458.8862,35.01,35
CSDVRP-L-n100-s0,L,100,25,DRL-VNS,1,3288.0801,3458.8862,35.06,35
CSDVRP-L-n100-s1,L,100,25,DRL-VNS,0,2767.5668,3146.4881,35.03,35
CSDVRP-L-n100-s1,L,100,25,DRL-VNS,1,2774.7479,3146.4881,35.03,35
CSDVRP-L-n100-s2,L,100,25,DRL-VNS,0,2903.5542,3167.7225,35.0,35
CSDVRP-L-n100-s2,L,100,25,DRL-VNS,1,2934.0268,3167.7225,35.05,35
CSDVRP-L-n100-s3,L,100,25,DRL-VNS,0,2846.4858,3095.0715,35.05,35
CSDVRP-L-n100-s3,L,100,25,DRL-VNS,1,2821.507,3095.0715,35.03,35
CSDVRP-L-n100-s4,L,100,25,DRL-VNS,0,3069.7222,3371.4529,35.02,35
CSDVRP-L-n100-s4,L,100,25,DRL-VNS,1,3073.9058,3371.4529,35.01,35
CSDVRP-L-n100-s5,L,100,25,DRL-VNS,0,2788.8581,3154.3549,35.02,35
CSDVRP-L-n100-s5,L,100,25,DRL-VNS,1,2746.308,3154.3549,35.0,35
CSDVRP-XL-n150-s0,XL,150,38,DRL-VNS,0,4655.3583,5021.4451,50.02,50
CSDVRP-XL-n150-s0,XL,150,38,DRL-VNS,1,4617.7899,5021.4451,50.01,50
CSDVRP-XL-n150-s1,XL,150,38,DRL-VNS,0,4452.7233,4744.1508,50.02,50
CSDVRP-XL-n150-s1,XL,150,38,DRL-VNS,1,4431.4915,4744.1508,50.0,50
CSDVRP-XL-n150-s2,XL,150,38,DRL-VNS,0,4238.4953,4545.4892,50.0,50
CSDVRP-XL-n150-s2,XL,150,38,DRL-VNS,1,4223.7444,4545.4892,50.09,50
CSDVRP-XL-n150-s3,XL,150,38,DRL-VNS,0,3938.9983,4237.9876,50.01,50
CSDVRP-XL-n150-s3,XL,150,38,DRL-VNS,1,3967.0758,4237.9876,50.02,50
CSDVRP-XL-n150-s4,XL,150,38,DRL-VNS,0,4122.9543,4802.2805,50.01,50
CSDVRP-XL-n150-s4,XL,150,38,DRL-VNS,1,4155.4125,4802.2805,50.01,50
CSDVRP-XL-n150-s5,XL,150,38,DRL-VNS,0,4042.1441,4291.4727,50.0,50
CSDVRP-XL-n150-s5,XL,150,38,DRL-VNS,1,4042.1441,4291.4727,50.04,50
