n,seed,status,Z,LB,CW_gap,VNS_gap,ALNSp_gap,DRLp_gap
6,1,Optimal,341.788,341.788,6.0,-0.0,-0.0,-0.0
6,2,Optimal,330.208,330.208,1.4,1.3,-0.0,0.2
6,3,Optimal,230.273,230.273,10.1,0.0,0.0,0.0
6,4,Optimal,307.19,307.19,3.1,0.1,0.1,0.1
6,5,Optimal,347.317,347.317,0.1,0.0,0.0,0.0
8,1,Optimal,335.843,335.843,12.1,0.0,0.0,4.6
8,2,Optimal,344.889,344.889,15.5,0.0,0.0,0.0
8,3,Optimal,339.847,339.847,3.5,0.1,-0.0,0.1
8,4,Optimal,359.19,359.19,10.6,-0.0,2.0,2.0
8,5,Optimal,423.213,423.213,0.9,0.9,0.9,0.9
10,1,Optimal,394.792,394.792,21.4,0.0,0.0,3.8
10,2,Optimal,385.997,385.997,13.1,4.7,1.5,6.0
10,3,Optimal,398.323,398.323,14.5,0.0,0.0,0.0
10,4,Optimal,387.458,387.458,18.9,0.0,0.0,0.0
10,5,Optimal,454.599,454.599,6.9,0.0,0.0,0.0
12,1,TimeLimit,511.484,507.046,18.9,4.3,3.9,3.9
12,2,Optimal,460.175,460.175,12.7,3.3,0.1,-0.0
12,3,TimeLimit,522.488,502.809,17.2,3.9,3.9,4.0
