size_class,n,seed,n_split_eligible,config,total,routing,emission,split_pen,n_split_cust,excess_visits
S,15,1,4,FULL,599.46,580.47,3.989,15.0,1,1
S,15,1,4,no-N1,599.7,596.13,3.566,0.0,0,0
S,15,1,4,no-N2,599.7,596.13,3.566,0.0,0,0
S,15,1,4,no-N3,584.26,580.47,3.791,0.0,4,6
S,15,1,4,SDVRP,584.26,580.47,3.791,0.0,3,3
S,15,2,4,FULL,618.81,601.5,2.312,15.0,1,1
S,15,2,4,no-N1,618.81,601.5,2.312,15.0,1,1
S,15,2,4,no-N2,618.81,601.5,2.312,15.0,1,1
S,15,2,4,no-N3,603.81,601.5,2.312,0.0,4,9
S,15,2,4,SDVRP,603.81,601.5,2.312,0.0,5,10
S,15,3,4,FULL,616.89,597.86,4.035,15.0,1,1
S,15,3,4,no-N1,616.89,597.86,4.035,15.0,1,1
S,15,3,4,no-N2,616.4,597.86,3.544,15.0,1,1
S,15,3,4,no-N3,586.97,583.31,3.667,0.0,6,6
S,15,3,4,SDVRP,586.99,583.31,3.679,0.0,4,4
S,15,4,4,FULL,582.62,549.11,3.512,30.0,2,2
S,15,4,4,no-N1,582.62,549.11,3.512,30.0,2,2
S,15,4,4,no-N2,582.62,549.11,3.512,30.0,2,2
S,15,4,4,no-N3,552.62,549.11,3.512,0.0,6,9
S,15,4,4,SDVRP,552.62,549.11,3.512,0.0,4,5
S,15,5,4,FULL,666.51,662.77,3.747,0.0,0,0
S,15,5,4,no-N1,666.51,662.77,3.747,0.0,0,0
S,15,5,4,no-N2,666.51,662.77,3.747,0.0,0,0
S,15,5,4,no-N3,660.31,656.15,4.167,0.0,5,10
S,15,5,4,SDVRP,660.31,656.15,4.167,0.0,3,4
M,30,1,8,FULL,1049.49,1000.28,4.205,45.0,3,3
M,30,1,8,no-N1,1049.9,1000.28,4.621,45.0,3,3
M,30,1,8,no-N2,1057.88,1008.44,4.443,45.0,3,3
M,30,1,8,no-N3,1004.22,1000.28,3.939,0.0,10,21
M,30,1,8,SDVRP,1004.22,1000.28,3.939,0.0,7,19
M,30,2,8,FULL,950.1,931.4,3.695,15.0,1,1
M,30,2,8,no-N1,955.48,922.03,3.449,30.0,2,2
M,30,2,8,no-N2,970.41,920.31,5.101,45.0,3,3
M,30,2,8,no-N3,896.0,892.26,3.747,0.0,9,12
M,30,2,8,SDVRP,896.0,892.26,3.747,0.0,9,13
M,30,3,8,FULL,996.75,963.28,3.473,30.0,2,2
M,30,3,8,no-N1,996.57,963.04,3.539,30.0,2,2
M,30,3,8,no-N2,991.71,972.65,4.061,15.0,1,1
M,30,3,8,no-N3,966.09,963.04,3.055,0.0,8,12
M,30,3,8,SDVRP,965.5,960.6,4.896,0.0,14,22
M,30,4,8,FULL,961.68,942.71,3.969,15.0,1,1
M,30,4,8,no-N1,947.35,942.71,4.638,0.0,0,0
M,30,4,8,no-N2,961.36,942.71,3.647,15.0,1,1
M,30,4,8,no-N3,923.34,919.39,3.953,0.0,9,12
M,30,4,8,SDVRP,929.71,925.52,4.198,0.0,8,16
M,30,5,8,FULL,1115.89,1095.69,5.199,15.0,1,1
M,30,5,8,no-N1,1115.62,1095.69,4.929,15.0,1,1
M,30,5,8,no-N2,1118.5,1098.25,5.249,15.0,1,1
M,30,5,8,no-N3,1079.78,1074.94,4.843,0.0,7,12
M,30,5,8,SDVRP,1079.78,1074.94,4.844,0.0,10,17
L,50,1,12,FULL,1533.3,1467.29,6.003,60.0,4,4
L,50,1,12,no-N1,1506.29,1469.54,6.752,30.0,2,2
L,50,1,12,no-N2,1529.73,1507.22,7.506,15.0,1,1
L,50,1,12,no-N3,1440.19,1434.29,5.896,0.0,17,23
L,50,1,12,SDVRP,1440.61,1434.96,5.655,0.0,13,15
L,50,2,12,FULL,1484.67,1463.95,5.727,15.0,1,1
L,50,2,12,no-N1,1494.43,1444.15,5.284,45.0,2,3
L,50,2,12,no-N2,1490.67,1454.53,6.137,30.0,2,2
L,50,2,12,no-N3,1430.2,1424.26,5.937,0.0,13,32
L,50,2,12,SDVRP,1431.78,1426.63,5.151,0.0,16,23
L,50,3,12,FULL,1445.88,1410.19,5.691,30.0,2,2
L,50,3,12,no-N1,1440.09,1420.52,4.572,15.0,1,1
L,50,3,12,no-N2,1437.67,1432.65,5.016,0.0,0,0
L,50,3,12,no-N3,1383.88,1378.1,5.78,0.0,13,19
L,50,3,12,SDVRP,1388.1,1383.94,4.154,0.0,16,29
L,50,4,12,FULL,1710.37,1688.15,7.216,15.0,1,1
L,50,4,12,no-N1,1686.88,1680.55,6.329,0.0,0,0
L,50,4,12,no-N2,1723.63,1672.34,6.285,45.0,2,3
L,50,4,12,no-N3,1579.01,1573.07,5.935,0.0,20,34
L,50,4,12,SDVRP,1581.02,1575.46,5.561,0.0,14,20
L,50,5,12,FULL,1663.56,1612.28,6.275,45.0,3,3
L,50,5,12,no-N1,1684.87,1647.86,7.016,30.0,2,2
L,50,5,12,no-N2,1659.11,1622.47,6.634,30.0,1,2
L,50,5,12,no-N3,1567.31,1561.58,5.738,0.0,15,27
L,50,5,12,SDVRP,1566.34,1560.44,5.892,0.0,13,25
