scope,test,N,p,r,wins,sig
Overall,DRL-VNS<VNS,42,0.0076387218716155,0.374,28,**
Overall,DRL-VNS<ALNS+,42,1.209246007662323e-07,0.806,38,***
Overall,DRL-VNS<DRL+,42,4.200866295993707e-08,0.837,39,***
Overall,DRL+<VNS,42,0.9999992358696665,0.78,3,n.s.
Overall,DRL+<ALNS+,42,0.9789900254477614,0.444,6,n.s.
Overall,ALNS+<VNS,42,0.9999990510259983,0.773,3,n.s.
Overall,ALNS+<ALNS,42,2.0534571376629174e-08,0.757,35,***
Overall,VNS<ALNS,42,4.547473508864641e-13,0.869,41,***
S,DRL-VNS<VNS,12,0.85400390625,0.306,4,n.s.
S,DRL-VNS<ALNS+,12,0.01708984375,0.611,10,*
S,DRL-VNS<DRL+,12,0.010498046875,0.657,10,*
S,DRL+<VNS,12,1.0,0.883,0,n.s.
S,DRL+<ALNS+,12,0.978759765625,0.566,3,n.s.
S,ALNS+<VNS,12,1.0,0.883,0,n.s.
S,ALNS+<ALNS,12,0.054931640625,0.476,8,n.s.
S,VNS<ALNS,12,0.00048828125,0.861,11,***
M,DRL-VNS<VNS,12,0.31103515625,0.159,8,n.s.
M,DRL-VNS<ALNS+,12,0.00048828125,0.861,11,***
M,DRL-VNS<DRL+,12,0.000244140625,0.883,12,***
M,DRL+<VNS,12,1.0,0.883,0,n.s.
M,DRL+<ALNS+,12,0.84375,0.347,3,n.s.
M,ALNS+<VNS,12,1.0,0.883,0,n.s.
M,ALNS+<ALNS,12,0.026123046875,0.566,9,*
M,VNS<ALNS,12,0.000244140625,0.883,12,***
L,DRL-VNS<VNS,12,0.000244140625,0.883,12,***
L,DRL-VNS<ALNS+,12,0.000244140625,0.883,12,***
L,DRL-VNS<DRL+,12,0.000244140625,0.883,12,***
L,DRL+<VNS,12,1.0,0.891,0,n.s.
L,DRL+<ALNS+,12,1.0,0.0,0,n.s.
L,ALNS+<VNS,12,1.0,0.891,0,n.s.
L,ALNS+<ALNS,12,0.000244140625,0.883,12,***
L,VNS<ALNS,12,0.000244140625,0.883,12,***
XL,DRL-VNS<VNS,6,0.5,0.043,4,n.s.
XL,DRL-VNS<ALNS+,6,0.03125,0.905,5,*
XL,DRL-VNS<DRL+,6,0.03125,0.905,5,*
XL,DRL+<VNS,6,0.84375,0.385,3,n.s.
XL,DRL+<ALNS+,6,1.0,0.0,0,n.s.
XL,ALNS+<VNS,6,0.84375,0.385,3,n.s.
XL,ALNS+<ALNS,6,0.015625,0.899,6,*
XL,VNS<ALNS,6,0.015625,0.899,6,*
